process_noise,measurement_noise,decay_rate,pinn_weight,mae,rmse,detection_rate,false_alarm_rate,peak_capture,n_exceedances,n_false_alarms,objective_score
0.1,0.001,0.1,0.1,0.36610323380724663,1.3828177884609154,0.0,0.0010460251046025104,0.0,5,1,55.075312696970656
0.1,0.001,0.1,0.3,0.36350623347688765,1.3818074646270773,0.0,0.0010460251046025104,0.0,5,1,55.07479329690459
0.1,0.001,0.1,0.5,0.3624273753658387,1.3810244328536994,0.0,0.0010460251046025104,0.0,5,1,55.07457752528237
0.1,0.001,0.1,0.7,0.3624070493512811,1.3804690799156814,0.0,0.0010460251046025104,0.0,5,1,55.07457346007946
0.1,0.001,0.1,0.9,0.3634528142653323,1.380141680658986,0.0,0.0010460251046025104,0.0,5,1,55.074782613062276
0.1,0.001,0.3,0.1,0.36318350549743555,1.3811508168243865,0.0,0.0010460251046025104,0.0,5,1,55.0747287513087
0.1,0.001,0.3,0.3,0.3613480442639372,1.380450362110124,0.0,0.0010460251046025104,0.0,5,1,55.07436165906199
0.1,0.001,0.3,0.5,0.360864334675356,1.3798932468649685,0.0,0.0010460251046025104,0.0,5,1,55.074264917144276
0.1,0.001,0.3,0.7,0.3610834073189478,1.3794796447557272,0.0,0.0010460251046025104,0.0,5,1,55.074308731673
0.1,0.001,0.3,0.9,0.36183296629457407,1.3792096848940332,0.0,0.0010460251046025104,0.0,5,1,55.07445864346812
0.1,0.001,0.5,0.1,0.36243839598576105,1.380164106051236,0.0,0.0010460251046025104,0.0,5,1,55.07457972940636
0.1,0.001,0.5,0.3,0.36138834647190377,1.3797280245681705,0.0,0.0010460251046025104,0.0,5,1,55.074369719503586
0.1,0.001,0.5,0.5,0.36098794194373074,1.3793697037984234,0.0,0.0010460251046025104,0.0,5,1,55.07428963859795
0.1,0.001,0.5,0.7,0.3610833448445416,1.3790892043543448,0.0,0.0010460251046025104,0.0,5,1,55.07430871917811
0.1,0.001,0.5,0.9,0.36148915118018554,1.3788865737282505,0.0,0.0010460251046025104,0.0,5,1,55.074389880445246
0.1,0.001,0.7,0.1,0.36257448845482587,1.379867721153725,0.0,0.0010460251046025104,0.0,5,1,55.07460694790017
0.1,0.001,0.7,0.3,0.3620403181695669,1.3796477716118007,0.0,0.0010460251046025104,0.0,5,1,55.07450011384312
0.1,0.001,0.7,0.5,0.36178905207650064,1.37945833775612,0.0,0.0010460251046025104,0.0,5,1,55.074449860624505
0.1,0.001,0.7,0.7,0.3617299591535392,1.3792994321598135,0.0,0.0010460251046025104,0.0,5,1,55.074438042039915
0.1,0.001,0.7,0.9,0.36185249137511744,1.3791710653751137,0.0,0.0010460251046025104,0.0,5,1,55.07446254848423
0.1,0.001,0.9,0.1,0.363483730059011,1.3802764063761535,0.0,0.0010460251046025104,0.0,5,1,55.07478879622101
0.1,0.001,0.9,0.3,0.3633856976370663,1.3802186385195905,0.0,0.0010460251046025104,0.0,5,1,55.07476918973662
0.1,0.001,0.9,0.5,0.3632879377080107,1.3801646721910439,0.0,0.0010460251046025104,0.0,5,1,55.074749637750806
0.1,0.001,0.9,0.7,0.36319040286071197,1.3801145078364654,0.0,0.0010460251046025104,0.0,5,1,55.07473013078135
0.1,0.001,0.9,0.9,0.3630928680134133,1.38006814587045,0.0,0.0010460251046025104,0.0,5,1,55.07471062381189
0.1,0.01,0.1,0.1,0.35763951742199784,1.3703882235938885,0.0,0.0010460251046025104,0.0,5,1,55.07361995369361
0.1,0.01,0.1,0.3,0.35548955066585397,1.3692001912656135,0.0,0.0010460251046025104,0.0,5,1,55.073189960342376
0.1,0.01,0.1,0.5,0.3552842508960553,1.3682783145999475,0.0,0.0010460251046025104,0.0,5,1,55.07314890038842
0.1,0.01,0.1,0.7,0.3565282038314052,1.3676231318213556,0.0,0.0010460251046025104,0.0,5,1,55.07339769097549
0.1,0.01,0.1,0.9,0.35909402568133514,1.3672350263312203,0.0,0.0010460251046025104,0.0,5,1,55.073910855345474
0.1,0.01,0.3,0.1,0.3550644779385211,1.368693078077551,0.0,0.0010460251046025104,0.0,5,1,55.07310494579691
0.1,0.01,0.3,0.3,0.3535471073298959,1.367843687963717,0.0,0.0010460251046025104,0.0,5,1,55.072801471675184
0.1,0.01,0.3,0.5,0.3536978128859174,1.367166327673761,0.0,0.0010460251046025104,0.0,5,1,55.07283161278639
0.1,0.01,0.3,0.7,0.3548401386580844,1.366661252997877,0.0,0.0010460251046025104,0.0,5,1,55.07306007794082
0.1,0.01,0.3,0.9,0.3567385070277604,1.3663286549964802,0.0,0.0010460251046025104,0.0,5,1,55.07343975161476
0.1,0.01,0.5,0.1,0.35479410858590155,1.367774109833697,0.0,0.0010460251046025104,0.0,5,1,55.073050871926384
0.1,0.01,0.5,0.3,0.35398209954864013,1.3672307522074196,0.0,0.0010460251046025104,0.0,5,1,55.07288847011893
0.1,0.01,0.5,0.5,0.3540287014647416,1.366782513008441,0.0,0.0010460251046025104,0.0,5,1,55.072897790502154
0.1,0.01,0.5,0.7,0.3547423704925688,1.3664294858438069,0.0,0.0010460251046025104,0.0,5,1,55.07304052430772
0.1,0.01,0.5,0.9,0.35586096545290236,1.3661717445236419,0.0,0.0010460251046025104,0.0,5,1,55.07326424329979
0.1,0.01,0.7,0.1,0.3557723671308355,1.3676991758253274,0.0,0.0010460251046025104,0.0,5,1,55.073246523635376
0.1,0.01,0.7,0.3,0.35537029618132654,1.3674190751070803,0.0,0.0010460251046025104,0.0,5,1,55.073166109445474
0.1,0.01,0.7,0.5,0.35534915666563904,1.3671767306427802,0.0,0.0010460251046025104,0.0,5,1,55.07316188154233
0.1,0.01,0.7,0.7,0.3556401593326101,1.3669721625133462,0.0,0.0010460251046025104,0.0,5,1,55.07322008207573
0.1,0.01,0.7,0.9,0.3562297858634133,1.366805387680595,0.0,0.0010460251046025104,0.0,5,1,55.07333800738189
0.1,0.01,0.9,0.1,0.3578649026979307,1.3685311446804895,0.0,0.0010460251046025104,0.0,5,1,55.07366503074879
0.1,0.01,0.9,0.3,0.35780695432799964,1.368456484424811,0.0,0.0010460251046025104,0.0,5,1,55.0736534410748
0.1,0.01,0.9,0.5,0.35777852404196825,1.368386544839502,0.0,0.0010460251046025104,0.0,5,1,55.0736477550176
0.1,0.01,0.9,0.7,0.3577663161605834,1.3683213266484318,0.0,0.0010460251046025104,0.0,5,1,55.073645313441325
0.1,0.01,0.9,0.9,0.3577743109965955,1.3682608305267363,0.0,0.0010460251046025104,0.0,5,1,55.07364691240853
0.1,0.05,0.1,0.1,0.33857265304820816,1.3485230484215087,0.0,0.0,0.0,5,0,55.06771453060964
0.1,0.05,0.1,0.3,0.33746792742646103,1.3461792119313662,0.0,0.0,0.0,5,0,55.067493585485295
0.1,0.05,0.1,0.5,0.34196901337384394,1.3445611587528044,0.0,0.0,0.0,5,0,55.06839380267477
0.1,0.05,0.1,0.7,0.3502409953694964,1.343671510859566,0.0,0.0,0.0,5,0,55.0700481990739
0.1,0.05,0.1,0.9,0.36128036384573825,1.3435117152607894,0.0,0.0,0.0,5,0,55.07225607276915
0.1,0.05,0.3,0.1,0.3357073591450615,1.3462614504251016,0.0,0.0,0.0,5,0,55.06714147182901
0.1,0.05,0.3,0.3,0.33541816441551603,1.3444766290214951,0.0,0.0,0.0,5,0,55.067083632883104
0.1,0.05,0.3,0.5,0.33944033116460975,1.3431848458025732,0.0,0.0,0.0,5,0,55.067888066232925
0.1,0.05,0.3,0.7,0.3461247336360369,1.3423875241251082,0.0,0.0,0.0,5,0,55.06922494672721
0.1,0.05,0.3,0.9,0.3549022189746079,1.3420855452556553,0.0,0.0,0.0,5,0,55.07098044379492
0.1,0.05,0.5,0.1,0.3366495783317051,1.3453499428909867,0.0,0.0,0.0,5,0,55.06732991566634
0.1,0.05,0.5,0.3,0.3372751601834082,1.3441773151403895,0.0,0.0,0.0,5,0,55.06745503203668
0.1,0.05,0.5,0.5,0.3404439297044768,1.3432839212089203,0.0,0.0,0.0,5,0,55.068088785940894
0.1,0.05,0.5,0.7,0.3451974199740358,1.3426703184914535,0.0,0.0,0.0,5,0,55.06903948399481
0.1,0.05,0.5,0.9,0.35136231423188585,1.34233689067857,0.0,0.0,0.0,5,0,55.070272462846376
0.1,0.05,0.7,0.1,0.34291630918168353,1.3463720076550925,0.0,0.0,0.0,5,0,55.06858326183634
0.1,0.05,0.7,0.3,0.3438029592630645,1.3457831711260007,0.0,0.0,0.0,5,0,55.068760591852616
0.1,0.05,0.7,0.5,0.3456909461411135,1.3453036315304325,0.0,0.0,0.0,5,0,55.06913818922822
0.1,0.05,0.7,0.7,0.34835610511618664,1.3449335057787246,0.0,0.0,0.0,5,0,55.069671221023235
0.1,0.05,0.7,0.9,0.351624838816348,1.3446728842204698,0.0,0.0,0.0,5,0,55.07032496776327
0.1,0.05,0.9,0.1,0.35279092360830944,1.34981889782773,0.0,0.0,0.0,5,0,55.07055818472166
0.1,0.05,0.9,0.3,0.35315998674328125,1.34967759458511,0.0,0.0,0.0,5,0,55.070631997348656
0.1,0.05,0.9,0.5,0.35370588971727934,1.3495491736107275,0.0,0.0,0.0,5,0,55.070741177943454
0.1,0.05,0.9,0.7,0.35439571318896246,1.3494336385824668,0.0,0.0,0.0,5,0,55.07087914263779
0.1,0.05,0.9,0.9,0.3551680671688787,1.3493309928103638,0.0,0.0,0.0,5,0,55.07103361343378
0.1,0.1,0.1,0.1,0.3327725065534039,1.347373004471367,0.0,0.0,0.0,5,0,55.066554501310684
0.1,0.1,0.1,0.3,0.33106791792216184,1.343645500041418,0.0,0.0,0.0,5,0,55.066213583584435
0.1,0.1,0.1,0.5,0.3390758029177759,1.3412787367483623,0.0,0.0,0.0,5,0,55.06781516058356
0.1,0.1,0.1,0.7,0.3523451755909324,1.3402799232971414,0.0,0.0,0.0,5,0,55.07046903511819
0.1,0.1,0.1,0.9,0.36966103879127227,1.340652117143697,0.0,0.0,0.0,5,0,55.073932207758254
0.1,0.1,0.3,0.1,0.3284705613451629,1.343788394625457,0.0,0.0,0.0,5,0,55.065694112269036
0.1,0.1,0.3,0.3,0.3280824277197864,1.340802640183817,0.0,0.0,0.0,5,0,55.065616485543956
0.1,0.1,0.3,0.5,0.33510714985677814,1.3387861136075996,0.0,0.0,0.0,5,0,55.067021429971355
0.1,0.1,0.3,0.7,0.34634912680106844,1.3377431979733643,0.0,0.0,0.0,5,0,55.069269825360216
0.1,0.1,0.3,0.9,0.3606008912281231,1.3376761705025184,0.0,0.0,0.0,5,0,55.072120178245626
0.1,0.1,0.5,0.1,0.3281721385176569,1.3410238329826292,0.0,0.0,0.0,5,0,55.06563442770353
0.1,0.1,0.5,0.3,0.3291798248539224,1.3389984770551495,0.0,0.0,0.0,5,0,55.06583596497079
0.1,0.1,0.5,0.5,0.3350223259868097,1.3375483291824255,0.0,0.0,0.0,5,0,55.067004465197364
0.1,0.1,0.5,0.7,0.34373271698243235,1.33667526148107,0.0,0.0,0.0,5,0,55.068746543396486
0.1,0.1,0.5,0.9,0.3545265989639334,1.33638040498444,0.0,0.0,0.0,5,0,55.070905319792786
0.1,0.1,0.7,0.1,0.3354907371671272,1.3405902860233427,0.0,0.0,0.0,5,0,55.06709814743343
0.1,0.1,0.7,0.3,0.3374407206003358,1.3395856213022586,0.0,0.0,0.0,5,0,55.06748814412007
0.1,0.1,0.7,0.5,0.34115892697393757,1.3388128187211061,0.0,0.0,0.0,5,0,55.06823178539479
0.1,0.1,0.7,0.7,0.3461867823330893,1.338272279955291,0.0,0.0,0.0,5,0,55.069237356466616
0.1,0.1,0.7,0.9,0.35257182694401723,1.3379642865092098,0.0,0.0,0.0,5,0,55.0705143653888
0.1,0.1,0.9,0.1,0.3518692828060528,1.344442313739933,0.0,0.0,0.0,5,0,55.07037385656121
0.1,0.1,0.9,0.3,0.35275137043721594,1.3442266272987209,0.0,0.0,0.0,5,0,55.070550274087445
0.1,0.1,0.9,0.5,0.35388031845743945,1.3440379585197366,0.0,0.0,0.0,5,0,55.07077606369149
0.1,0.1,0.9,0.7,0.3551896596328944,1.3438763187821285,0.0,0.0,0.0,5,0,55.071037931926575
0.1,0.1,0.9,0.9,0.3567582009308576,1.3437417178399307,0.0,0.0,0.0,5,0,55.07135164018617
0.1,0.5,0.1,0.1,0.353568673747243,1.3801864388126641,0.0,0.0,0.0,5,0,55.07071373474945
0.1,0.5,0.1,0.3,0.3444376726753905,1.3721657282356043,0.0,0.0,0.0,5,0,55.06888753453508
0.1,0.5,0.1,0.5,0.355949658584721,1.3675819702222642,0.0,0.0,0.0,5,0,55.071189931716944
0.1,0.5,0.1,0.7,0.377247538490085,1.366469752493767,0.0,0.0,0.0,5,0,55.07544950769802
0.1,0.5,0.1,0.9,0.4061257893443638,1.368837537238969,0.0,0.0,0.0,5,0,55.08122515786887
0.1,0.5,0.3,0.1,0.34408303292821296,1.375076691081296,0.0,0.0,0.0,5,0,55.06881660658564
0.1,0.5,0.3,0.3,0.3365101203922373,1.3675744116055495,0.0,0.0,0.0,5,0,55.06730202407845
0.1,0.5,0.3,0.5,0.34688052782633644,1.362914005302012,0.0,0.0,0.0,5,0,55.06937610556527
0.1,0.5,0.3,0.7,0.36627872351054297,1.3611246636753769,0.0,0.0,0.0,5,0,55.07325574470211
0.1,0.5,0.3,0.9,0.3924668836349362,1.3622177006372258,0.0,0.0,0.0,5,0,55.07849337672699
0.1,0.5,0.5,0.1,0.33132747682297725,1.3664389655733498,0.0,0.0,0.0,5,0,55.0662654953646
0.1,0.5,0.5,0.3,0.3273052594261584,1.3602337469442687,0.0,0.0,0.0,5,0,55.06546105188523
0.1,0.5,0.5,0.5,0.3372453223056139,1.3561446002168929,0.0,0.0,0.0,5,0,55.06744906446112
0.1,0.5,0.5,0.7,0.35495273353039586,1.3541906947514222,0.0,0.0,0.0,5,0,55.07099054670608
0.1,0.5,0.5,0.9,0.3776085972971456,1.3543812718314425,0.0,0.0,0.0,5,0,55.07552171945943
0.1,0.5,0.7,0.1,0.3219863451590315,1.3538338707039783,0.0,0.0,0.0,5,0,55.06439726903181
0.1,0.5,0.7,0.3,0.32322619539143277,1.3500593227945201,0.0,0.0,0.0,5,0,55.06464523907829
0.1,0.5,0.7,0.5,0.3323387460692837,1.3474256712552197,0.0,0.0,0.0,5,0,55.06646774921386
0.1,0.5,0.7,0.7,0.3463361871813645,1.34593961340948,0.0,0.0,0.0,5,0,55.06926723743627
0.1,0.5,0.7,0.9,0.3638324877318513,1.3456049513977875,0.0,0.0,0.0,5,0,55.07276649754637
0.1,0.5,0.9,0.1,0.3439358121572439,1.3454010670590606,0.0,0.0,0.0,5,0,55.06878716243145
0.1,0.5,0.9,0.3,0.3471880088192558,1.3446340498747806,0.0,0.0,0.0,5,0,55.06943760176385
0.1,0.5,0.9,0.5,0.3515268453526134,1.3440340976120828,0.0,0.0,0.0,5,0,55.070305369070525
0.1,0.5,0.9,0.7,0.3568646351193628,1.3436014340672133,0.0,0.0,0.0,5,0,55.07137292702387
0.1,0.5,0.9,0.9,0.36286111517707886,1.3433362208819117,0.0,0.0,0.0,5,0,55.072572223035415
0.5,0.001,0.1,0.1,0.3669640472313474,1.3841634466273862,0.0,0.0010460251046025104,0.0,5,1,55.075484859655475
0.5,0.001,0.1,0.3,0.36433094472721794,1.3831652956028286,0.0,0.0010460251046025104,0.0,5,1,55.07495823915465
0.5,0.001,0.1,0.5,0.36321071795866494,1.382393530104481,0.0,0.0010460251046025104,0.0,5,1,55.07473419380094
0.5,0.001,0.1,0.7,0.36314506706847594,1.3818485294428657,0.0,0.0010460251046025104,0.0,5,1,55.0747210636229
0.5,0.001,0.1,0.9,0.36414175471548577,1.3815305619877203,0.0,0.0010460251046025104,0.0,5,1,55.074920401152305
0.5,0.001,0.3,0.1,0.36404691614986334,1.3825039789111104,0.0,0.0010460251046025104,0.0,5,1,55.07490143343918
0.5,0.001,0.3,0.3,0.3621903242975737,1.3818144144816658,0.0,0.0010460251046025104,0.0,5,1,55.07453011506872
0.5,0.001,0.3,0.5,0.36167660901009474,1.3812672190979316,0.0,0.0010460251046025104,0.0,5,1,55.07442737201123
0.5,0.001,0.3,0.7,0.3618625854739699,1.3808625620099657,0.0,0.0010460251046025104,0.0,5,1,55.074464567304
0.5,0.001,0.3,0.9,0.3625751097407718,1.3806005685526452,0.0,0.0010460251046025104,0.0,5,1,55.07460707215736
0.5,0.001,0.5,0.1,0.3632968578482738,1.3815308864068205,0.0,0.0010460251046025104,0.0,5,1,55.07475142177886
0.5,0.001,0.5,0.3,0.3622332196442662,1.3811031702930099,0.0,0.0010460251046025104,0.0,5,1,55.07453869413806
0.5,0.001,0.5,0.5,0.3618149868725042,1.38075248566897,0.0,0.0010460251046025104,0.0,5,1,55.074455047583704
0.5,0.001,0.5,0.7,0.3618826629068624,1.3804788912398924,0.0,0.0010460251046025104,0.0,5,1,55.07446858279058
0.5,0.001,0.5,0.9,0.36226591837766814,1.38028243284737,0.0,0.0010460251046025104,0.0,5,1,55.07454523388474
0.5,0.001,0.7,0.1,0.36337790271298553,1.381250107793989,0.0,0.0010460251046025104,0.0,5,1,55.0747676307518
0.5,0.001,0.7,0.3,0.362840796721154,1.3810351986310274,0.0,0.0010460251046025104,0.0,5,1,55.074660209553436
0.5,0.001,0.7,0.5,0.36257907824410407,1.380850449907614,0.0,0.0010460251046025104,0.0,5,1,55.07460786585803
0.5,0.001,0.7,0.7,0.36250508990644215,1.3806958737309096,0.0,0.0010460251046025104,0.0,5,1,55.074593068190495
0.5,0.001,0.7,0.9,0.362610108771524,1.3805714802357547,0.0,0.0010460251046025104,0.0,5,1,55.07461407196351
0.5,0.001,0.9,0.1,0.3642353708178161,1.3816713202244904,0.0,0.0010460251046025104,0.0,5,1,55.07493912437277
0.5,0.001,0.9,0.3,0.36413587094119,1.3816151024279473,0.0,0.0010460251046025104,0.0,5,1,55.07491922439745
0.5,0.001,0.9,0.5,0.3640363710645638,1.3815626349545784,0.0,0.0010460251046025104,0.0,5,1,55.07489932442212
0.5,0.001,0.9,0.7,0.36393691390465205,1.3815139182316756,0.0,0.0010460251046025104,0.0,5,1,55.07487943299014
0.5,0.001,0.9,0.9,0.36383751466905784,1.381468952656043,0.0,0.0010460251046025104,0.0,5,1,55.07485955314302
0.5,0.01,0.1,0.1,0.3650362732161478,1.3811966813579475,0.0,0.0010460251046025104,0.0,5,1,55.075099304852436
0.5,0.01,0.1,0.3,0.3624906612224471,1.3801703519422919,0.0,0.0010460251046025104,0.0,5,1,55.0745901824537
0.5,0.01,0.1,0.5,0.36147848242842984,1.3793731274609553,0.0,0.0010460251046025104,0.0,5,1,55.074387746694896
0.5,0.01,0.1,0.7,0.3615313560476953,1.3788054053190126,0.0,0.0010460251046025104,0.0,5,1,55.07439832141875
0.5,0.01,0.1,0.9,0.3626631777205999,1.3784674690782663,0.0,0.0010460251046025104,0.0,5,1,55.07462468575333
0.5,0.01,0.3,0.1,0.3621478221625013,1.3795224399046155,0.0,0.0010460251046025104,0.0,5,1,55.074521614641704
0.5,0.01,0.3,0.3,0.3603457659253867,1.378807870990534,0.0,0.0010460251046025104,0.0,5,1,55.07416120339428
0.5,0.01,0.3,0.5,0.35990987659908996,1.3782382671977023,0.0,0.0010460251046025104,0.0,5,1,55.07407402552902
0.5,0.01,0.3,0.7,0.36018367148103353,1.3778138083167877,0.0,0.0010460251046025104,0.0,5,1,55.07412878450541
0.5,0.01,0.3,0.9,0.36099600899807055,1.3775346285180292,0.0,0.0010460251046025104,0.0,5,1,55.07429125200882
0.5,0.01,0.5,0.1,0.36147223659638084,1.378525842132196,0.0,0.0010460251046025104,0.0,5,1,55.07438649752849
0.5,0.01,0.5,0.3,0.36044479523779477,1.3780790426134168,0.0,0.0010460251046025104,0.0,5,1,55.07418100925677
0.5,0.01,0.5,0.5,0.3600744879517736,1.3777111262211115,0.0,0.0010460251046025104,0.0,5,1,55.074106947799564
0.5,0.01,0.5,0.7,0.36021067867809176,1.3774221561655213,0.0,0.0010460251046025104,0.0,5,1,55.07413418594483
0.5,0.01,0.5,0.9,0.36065488759765163,1.3772121821407932,0.0,0.0010460251046025104,0.0,5,1,55.074223027728735
0.5,0.01,0.7,0.1,0.36167284216097106,1.3782222400007877,0.0,0.0010460251046025104,0.0,5,1,55.074426618641404
0.5,0.01,0.7,0.3,0.361145228379696,1.3779959239081017,0.0,0.0010460251046025104,0.0,5,1,55.074321095885146
0.5,0.01,0.7,0.5,0.3609131105606275,1.3778006425942968,0.0,0.0010460251046025104,0.0,5,1,55.07427467232133
0.5,0.01,0.7,0.7,0.3608749554615103,1.3776364092570041,0.0,0.0010460251046025104,0.0,5,1,55.07426704130151
0.5,0.01,0.7,0.9,0.361026591703429,1.3775032350013436,0.0,0.0010460251046025104,0.0,5,1,55.07429736854989
0.5,0.01,0.9,0.1,0.36264318886135427,1.3786328542060142,0.0,0.0010460251046025104,0.0,5,1,55.07462068798148
0.5,0.01,0.9,0.3,0.3625484037617864,1.3785731631899842,0.0,0.0010460251046025104,0.0,5,1,55.07460173096156
0.5,0.01,0.9,0.5,0.3624543160455689,1.3785173457783746,0.0,0.0010460251046025104,0.0,5,1,55.07458291341832
0.5,0.01,0.9,0.7,0.3623605551463711,1.3784654024417398,0.0,0.0010460251046025104,0.0,5,1,55.074564161238484
0.5,0.01,0.9,0.9,0.36226728254964535,1.3784173336180439,0.0,0.0010460251046025104,0.0,5,1,55.07454550671913
0.5,0.05,0.1,0.1,0.35759303899866995,1.3703856573796416,0.0,0.0010460251046025104,0.0,5,1,55.07361065800894
0.5,0.05,0.1,0.3,0.35545499705348216,1.3691981396875494,0.0,0.0010460251046025104,0.0,5,1,55.07318304961991
0.5,0.05,0.1,0.5,0.3552693789883404,1.3682769691056706,0.0,0.0010460251046025104,0.0,5,1,55.07314592600687
0.5,0.05,0.1,0.7,0.3565330139795756,1.3676226838332628,0.0,0.0010460251046025104,0.0,5,1,55.07339865300512
0.5,0.05,0.1,0.9,0.3591185179988798,1.3672356670211367,0.0,0.0010460251046025104,0.0,5,1,55.07391575380898
0.5,0.05,0.3,0.1,0.3550166855640521,1.3686905284359332,0.0,0.0010460251046025104,0.0,5,1,55.07309538732202
0.5,0.05,0.3,0.3,0.3535121855051879,1.3678415532907564,0.0,0.0010460251046025104,0.0,5,1,55.07279448731025
0.5,0.05,0.3,0.5,0.3536757616720993,1.36716464592356,0.0,0.0010460251046025104,0.0,5,1,55.07282720254363
0.5,0.05,0.3,0.7,0.35483095805753206,1.3666600620101208,0.0,0.0010460251046025104,0.0,5,1,55.07305824182071
0.5,0.05,0.3,0.9,0.3567421997846794,1.3663279924672225,0.0,0.0010460251046025104,0.0,5,1,55.07344049016614
0.5,0.05,0.5,0.1,0.3547685180144562,1.36777271953422,0.0,0.0010460251046025104,0.0,5,1,55.073045753812096
0.5,0.05,0.5,0.3,0.353961216191581,1.3672295193322974,0.0,0.0010460251046025104,0.0,5,1,55.07288429344752
0.5,0.05,0.5,0.5,0.35401252544273437,1.3667814431820386,0.0,0.0010460251046025104,0.0,5,1,55.07289455529775
0.5,0.05,0.5,0.7,0.35473089823555265,1.3664285846620343,0.0,0.0010460251046025104,0.0,5,1,55.073038229856316
0.5,0.05,0.5,0.9,0.355854203234303,1.3661710175515243,0.0,0.0010460251046025104,0.0,5,1,55.073262890856064
0.5,0.05,0.7,0.1,0.3557570867958477,1.3676983502160187,0.0,0.0010460251046025104,0.0,5,1,55.073243467568375
0.5,0.05,0.7,0.3,0.3553566322543352,1.3674183031089375,0.0,0.0010460251046025104,0.0,5,1,55.07316337666008
0.5,0.05,0.7,0.5,0.35533710916270517,1.36717601315141,0.0,0.0010460251046025104,0.0,5,1,55.073159472041745
0.5,0.05,0.7,0.7,0.3556297283847328,1.366971500420325,0.0,0.0010460251046025104,0.0,5,1,55.073217995886154
0.5,0.05,0.7,0.9,0.3562209655359582,1.3668047818733136,0.0,0.0010460251046025104,0.0,5,1,55.0733362433164
0.5,0.05,0.9,0.1,0.357854782817489,1.368530604331261,0.0,0.0010460251046025104,0.0,5,1,55.073663006772705
0.5,0.05,0.9,0.3,0.3577971772769329,1.3684559551858921,0.0,0.0010460251046025104,0.0,5,1,55.07365148566459
0.5,0.05,0.9,0.5,0.3577690898204146,1.368386026769524,0.0,0.0010460251046025104,0.0,5,1,55.07364586817329
0.5,0.05,0.9,0.7,0.35775722476854277,1.3683208198059196,0.0,0.0010460251046025104,0.0,5,1,55.07364349516291
0.5,0.05,0.9,0.9,0.3577655622365798,1.368260334970107,0.0,0.0010460251046025104,0.0,5,1,55.073645162656526
0.5,0.1,0.1,0.1,0.3504228937114166,1.3610455789379183,0.0,0.0010460251046025104,0.0,5,1,55.07217662895149
0.5,0.1,0.1,0.3,0.34883593398675644,1.359600604777927,0.0,0.0010460251046025104,0.0,5,1,55.07185923700656
0.5,0.1,0.1,0.5,0.35013297722943715,1.3585092716609466,0.0,0.0010460251046025104,0.0,5,1,55.072118645655095
0.5,0.1,0.1,0.7,0.3531194283708139,1.3577724323225915,0.0,0.0010460251046025104,0.0,5,1,55.07271593588337
0.5,0.1,0.1,0.9,0.3580144776050552,1.3573906640580142,0.0,0.0010460251046025104,0.0,5,1,55.07369494573022
0.5,0.1,0.3,0.1,0.3481484249862379,1.3593116927816382,0.0,0.0010460251046025104,0.0,5,1,55.07172173520645
0.5,0.1,0.3,0.3,0.34709475886761787,1.3582561536448003,0.0,0.0010460251046025104,0.0,5,1,55.07151100198273
0.5,0.1,0.3,0.5,0.3483506919548578,1.357432689090333,0.0,0.0010460251046025104,0.0,5,1,55.071762188600175
0.5,0.1,0.3,0.7,0.35078261306679437,1.3568417216551156,0.0,0.0010460251046025104,0.0,5,1,55.072248572822566
0.5,0.1,0.3,0.9,0.3544311744444111,1.3564835552091974,0.0,0.0010460251046025104,0.0,5,1,55.07297828509809
0.5,0.1,0.5,0.1,0.34827685379139717,1.3585800210999817,0.0,0.0010460251046025104,0.0,5,1,55.07174742096748
0.5,0.1,0.5,0.3,0.3478342358722512,1.35789630876847,0.0,0.0010460251046025104,0.0,5,1,55.07165889738366
0.5,0.1,0.5,0.5,0.34874146959934793,1.3573417807237207,0.0,0.0010460251046025104,0.0,5,1,55.07184034412908
0.5,0.1,0.5,0.7,0.35047283778228866,1.3569165953460964,0.0,0.0010460251046025104,0.0,5,1,55.07218661776567
0.5,0.1,0.5,0.9,0.35280917397998734,1.3566208742494124,0.0,0.0010460251046025104,0.0,5,1,55.0726538850052
0.5,0.1,0.7,0.1,0.35076581495923237,1.3589952042731814,0.0,0.0010460251046025104,0.0,5,1,55.07224521320105
0.5,0.1,0.7,0.3,0.35071171271516444,1.3586427714142064,0.0,0.0010460251046025104,0.0,5,1,55.07223439275224
0.5,0.1,0.7,0.5,0.35123943786520145,1.358341387193756,0.0,0.0010460251046025104,0.0,5,1,55.072339937782246
0.5,0.1,0.7,0.7,0.3521785560921703,1.3580910855975934,0.0,0.0010460251046025104,0.0,5,1,55.072527761427644
0.5,0.1,0.7,0.9,0.35342529813747814,1.3578918948740561,0.0,0.0010460251046025104,0.0,5,1,55.0727771098367
0.5,0.1,0.9,0.1,0.35488470518097587,1.3606644855951153,0.0,0.0010460251046025104,0.0,5,1,55.0730689912454
0.5,0.1,0.9,0.3,0.3549551093087847,1.360572098052614,0.0,0.0010460251046025104,0.0,5,1,55.073083072070965
0.5,0.1,0.9,0.5,0.35506299530917174,1.3604859930580258,0.0,0.0010460251046025104,0.0,5,1,55.07310464927104
0.5,0.1,0.9,0.7,0.355217950048331,1.3604061718042864,0.0,0.0010460251046025104,0.0,5,1,55.07313564021887
0.5,0.1,0.9,0.9,0.3554159160182482,1.3603326353975427,0.0,0.0010460251046025104,0.0,5,1,55.073175233412854
0.5,0.5,0.1,0.1,0.3327868626726297,1.3473770483620653,0.0,0.0,0.0,5,0,55.066557372534525
0.5,0.5,0.1,0.3,0.3310327805393672,1.3436456317735057,0.0,0.0,0.0,5,0,55.06620655610787
0.5,0.5,0.1,0.5,0.3390564809833555,1.3412802506263022,0.0,0.0,0.0,5,0,55.06781129619667
0.5,0.5,0.1,0.7,0.35236481749025134,1.3402881374022788,0.0,0.0,0.0,5,0,55.07047296349805
0.5,0.5,0.1,0.9,0.3697672925633708,1.3406723408079115,0.0,0.0,0.0,5,0,55.073953458512676
0.5,0.5,0.3,0.1,0.3283485399454862,1.3437828909738423,0.0,0.0,0.0,5,0,55.065669707989095
0.5,0.5,0.3,0.3,0.3279634937191998,1.3407947959132578,0.0,0.0,0.0,5,0,55.06559269874384
0.5,0.5,0.3,0.5,0.3349964094750716,1.3387787122162986,0.0,0.0,0.0,5,0,55.066999281895015
0.5,0.5,0.3,0.7,0.34626596059783055,1.3377390345954572,0.0,0.0,0.0,5,0,55.06925319211957
0.5,0.5,0.3,0.9,0.3606092505661744,1.3376780397160746,0.0,0.0,0.0,5,0,55.072121850113234
0.5,0.5,0.5,0.1,0.32803029355397784,1.341017479379059,0.0,0.0,0.0,5,0,55.0656060587108
0.5,0.5,0.5,0.3,0.329042866075124,1.3389911204019398,0.0,0.0,0.0,5,0,55.06580857321502
0.5,0.5,0.5,0.5,0.3348947814536567,1.33754074141465,0.0,0.0,0.0,5,0,55.06697895629073
0.5,0.5,0.5,0.7,0.3436180153106683,1.3366682173548505,0.0,0.0,0.0,5,0,55.06872360306213
0.5,0.5,0.5,0.9,0.35445177969677755,1.3363746800739935,0.0,0.0,0.0,5,0,55.070890355939355
0.5,0.5,0.7,0.1,0.3353659026738247,1.3405853822019467,0.0,0.0,0.0,5,0,55.06707318053476
0.5,0.5,0.7,0.3,0.3373170055787854,1.339580245227359,0.0,0.0,0.0,5,0,55.06746340111576
0.5,0.5,0.7,0.5,0.3410428335291926,1.338807154699073,0.0,0.0,0.0,5,0,55.06820856670584
0.5,0.5,0.7,0.7,0.34608070874240665,1.3382665127633013,0.0,0.0,0.0,5,0,55.069216141748484
0.5,0.5,0.7,0.9,0.352478638239859,1.33795860120336,0.0,0.0,0.0,5,0,55.07049572764797
0.5,0.5,0.9,0.1,0.3517673471143511,1.344438504855562,0.0,0.0,0.0,5,0,55.07035346942287
0.5,0.5,0.9,0.3,0.35265152369966624,1.344222693767709,0.0,0.0,0.0,5,0,55.07053030473993
0.5,0.5,0.9,0.5,0.3537823903556839,1.3440339153241427,0.0,0.0,0.0,5,0,55.07075647807114
0.5,0.5,0.9,0.7,0.35509390831211446,1.3438721809169747,0.0,0.0,0.0,5,0,55.071018781662424
0.5,0.5,0.9,0.9,0.3566648600270681,1.343737500311396,0.0,0.0,0.0,5,0,55.071332972005415
1.0,0.001,0.1,0.1,0.3670732899543168,1.384334862828383,0.0,0.0010460251046025104,0.0,5,1,55.07550670820007
1.0,0.001,0.1,0.3,0.3644354621115735,1.3833381743411697,0.0,0.0010460251046025104,0.0,5,1,55.07497914263152
1.0,0.001,0.1,0.5,0.36331035534570705,1.3825677926458355,0.0,0.0010460251046025104,0.0,5,1,55.074754121278346
1.0,0.001,0.1,0.7,0.3632399654678302,1.3820240961930188,0.0,0.0010460251046025104,0.0,5,1,55.074740043302775
1.0,0.001,0.1,0.9,0.36423139159066564,1.381707352582021,0.0,0.0010460251046025104,0.0,5,1,55.07493832852734
1.0,0.001,0.3,0.1,0.36415617186155075,1.3826764256291146,0.0,0.0010460251046025104,0.0,5,1,55.074923284581516
1.0,0.001,0.3,0.3,0.36229686284447254,1.3819881876957771,0.0,0.0010460251046025104,0.0,5,1,55.0745514227781
1.0,0.001,0.3,0.5,0.3617796558386476,1.3814422186873545,0.0,0.0010460251046025104,0.0,5,1,55.074447981376935
1.0,0.001,0.3,0.7,0.361962089726255,1.3810386873343021,0.0,0.0010460251046025104,0.0,5,1,55.07448446815446
1.0,0.001,0.3,0.9,0.3626709312732901,1.3807777185185504,0.0,0.0010460251046025104,0.0,5,1,55.074626236463864
1.0,0.001,0.5,0.1,0.36340752923554576,1.3817054020266573,0.0,0.0010460251046025104,0.0,5,1,55.074773556056314
1.0,0.001,0.5,0.3,0.36234227415698966,1.381278715440509,0.0,0.0010460251046025104,0.0,5,1,55.0745605050406
1.0,0.001,0.5,0.5,0.36192189152163995,1.3809289800475957,0.0,0.0010460251046025104,0.0,5,1,55.074476428513535
1.0,0.001,0.5,0.7,0.3619864920534321,1.3806562543256655,0.0,0.0010460251046025104,0.0,5,1,55.07448934861989
1.0,0.001,0.5,0.9,0.362367446401101,1.3804605839171342,0.0,0.0010460251046025104,0.0,5,1,55.07456553948943
1.0,0.001,0.7,0.1,0.3634874074758147,1.3814272458394548,0.0,0.0010460251046025104,0.0,5,1,55.07478953170437
1.0,0.001,0.7,0.3,0.36294996493530374,1.3812129624724905,0.0,0.0010460251046025104,0.0,5,1,55.07468204319627
1.0,0.001,0.7,0.5,0.36268697692877866,1.3810287990132306,0.0,0.0010460251046025104,0.0,5,1,55.074629445594965
1.0,0.001,0.7,0.7,0.3626113198747083,1.3808747675127022,0.0,0.0010460251046025104,0.0,5,1,55.074614314184146
1.0,0.001,0.7,0.9,0.36271469645947024,1.3807508780551372,0.0,0.0010460251046025104,0.0,5,1,55.0746349895011
1.0,0.001,0.9,0.1,0.36434460816409964,1.3818510038918594,0.0,0.0010460251046025104,0.0,5,1,55.074960971842025
1.0,0.001,0.9,0.3,0.36424493577956657,1.381794980413157,0.0,0.0010460251046025104,0.0,5,1,55.07494103736512
1.0,0.001,0.9,0.5,0.36414526339503345,1.3817427012761552,0.0,0.0010460251046025104,0.0,5,1,55.07492110288821
1.0,0.001,0.9,0.7,0.36404559101050027,1.3816941669058775,0.0,0.0010460251046025104,0.0,5,1,55.07490116841131
1.0,0.001,0.9,0.9,0.3639459206808287,1.381649377696961,0.0,0.0010460251046025104,0.0,5,1,55.07488123434537
1.0,0.01,0.1,0.1,0.36609580167892514,1.3828173613860335,0.0,0.0010460251046025104,0.0,5,1,55.07531121054499
1.0,0.01,0.1,0.3,0.36350150767929845,1.381807139359837,0.0,0.0010460251046025104,0.0,5,1,55.07479235174507
1.0,0.01,0.1,0.5,0.3624253558989818,1.3810242124654133,0.0,0.0010460251046025104,0.0,5,1,55.074577121389005
1.0,0.01,0.1,0.7,0.3624077362151565,1.3804689674311155,0.0,0.0010460251046025104,0.0,5,1,55.074573597452236
1.0,0.01,0.1,0.9,0.3634562074599403,1.3801416790531544,0.0,0.0010460251046025104,0.0,5,1,55.074783291701195
1.0,0.01,0.3,0.1,0.36317537536040917,1.3811503500440538,0.0,0.0010460251046025104,0.0,5,1,55.074727125281285
1.0,0.01,0.3,0.3,0.3613421254324436,1.3804499798547356,0.0,0.0010460251046025104,0.0,5,1,55.0743604752957
1.0,0.01,0.3,0.5,0.3608606271494086,1.3798929500745587,0.0,0.0010460251046025104,0.0,5,1,55.07426417563909
1.0,0.01,0.3,0.7,0.36108191109854254,1.3794794343448549,0.0,0.0010460251046025104,0.0,5,1,55.074308432428914
1.0,0.01,0.3,0.9,0.3618336813797192,1.3792095617511264,0.0,0.0010460251046025104,0.0,5,1,55.07445878648515
1.0,0.01,0.5,0.1,0.3624334776282437,1.3801638259027196,0.0,0.0010460251046025104,0.0,5,1,55.074578745734854
1.0,0.01,0.5,0.3,0.36138434719773727,1.3797277797467986,0.0,0.0010460251046025104,0.0,5,1,55.074368919648755
1.0,0.01,0.5,0.5,0.36098486175294553,1.3793694944672321,0.0,0.0010460251046025104,0.0,5,1,55.074289022559796
1.0,0.01,0.5,0.7,0.3610811837371374,1.379089030670501,0.0,0.0010460251046025104,0.0,5,1,55.07430828695664
1.0,0.01,0.5,0.9,0.3614879091561555,1.3788864358429864,0.0,0.0010460251046025104,0.0,5,1,55.074389632040436
1.0,0.01,0.7,0.1,0.3625713963981938,1.3798675468397816,0.0,0.0010460251046025104,0.0,5,1,55.074606329488844
1.0,0.01,0.7,0.3,0.3620375600619829,1.3796476101499051,0.0,0.0010460251046025104,0.0,5,1,55.074499562221604
1.0,0.01,0.7,0.5,0.36178662791796545,1.379458189170638,0.0,0.0010460251046025104,0.0,5,1,55.0744493757928
1.0,0.01,0.7,0.7,0.36172786894409403,1.3792992964742676,0.0,0.0010460251046025104,0.0,5,1,55.07443762399802
1.0,0.01,0.7,0.9,0.36185073511476207,1.3791709426121788,0.0,0.0010460251046025104,0.0,5,1,55.07446219723216
1.0,0.01,0.9,0.1,0.3634816331917315,1.3802762894881437,0.0,0.0010460251046025104,0.0,5,1,55.07478837684755
1.0,0.01,0.9,0.3,0.3633836735846106,1.380218524431335,0.0,0.0010460251046025104,0.0,5,1,55.07476878492613
1.0,0.01,0.9,0.5,0.3632859864703787,1.380164560903922,0.0,0.0010460251046025104,0.0,5,1,55.074749247503284
1.0,0.01,0.9,0.7,0.3631885244379036,1.3801143993518332,0.0,0.0010460251046025104,0.0,5,1,55.07472975509679
1.0,0.01,0.9,0.9,0.36309106240542866,1.3800680401896412,0.0,0.0010460251046025104,0.0,5,1,55.074710262690296
1.0,0.05,0.1,0.1,0.3619987375713093,1.3767184794309968,0.0,0.0010460251046025104,0.0,5,1,55.07449179772347
1.0,0.05,0.1,0.3,0.3596115069337544,1.3756380144447218,0.0,0.0010460251046025104,0.0,5,1,55.074014351595956
1.0,0.05,0.1,0.5,0.35883646699543376,1.3747962314563802,0.0,0.0010460251046025104,0.0,5,1,55.07385934360829
1.0,0.05,0.1,0.7,0.35925171403519013,1.3741935690908107,0.0,0.0010460251046025104,0.0,5,1,55.073942393016246
1.0,0.05,0.1,0.9,0.3608349092418052,1.3738303420353783,0.0,0.0010460251046025104,0.0,5,1,55.07425903205757
1.0,0.05,0.3,0.1,0.35927638603560336,1.3750309589438447,0.0,0.0010460251046025104,0.0,5,1,55.07394732741633
1.0,0.05,0.3,0.3,0.3575806303341518,1.3742702309712438,0.0,0.0010460251046025104,0.0,5,1,55.07360817627604
1.0,0.05,0.3,0.5,0.35731419268104686,1.3736618947817467,0.0,0.0010460251046025104,0.0,5,1,55.07355488874541
1.0,0.05,0.3,0.7,0.35784025035607714,1.373206152906001,0.0,0.0010460251046025104,0.0,5,1,55.07366010028042
1.0,0.05,0.3,0.9,0.35896854947663387,1.372903157307287,0.0,0.0010460251046025104,0.0,5,1,55.07388576010453
1.0,0.05,0.5,0.1,0.3587436903247437,1.3740392589986319,0.0,0.0010460251046025104,0.0,5,1,55.073840788274154
1.0,0.05,0.5,0.3,0.3577897533554039,1.3735584455390055,0.0,0.0010460251046025104,0.0,5,1,55.073650000880285
1.0,0.05,0.5,0.5,0.3575376467238618,1.3731611877201912,0.0,0.0010460251046025104,0.0,5,1,55.07359957955398
1.0,0.05,0.5,0.7,0.3578497019281999,1.3728475580771167,0.0,0.0010460251046025104,0.0,5,1,55.07366199059485
1.0,0.05,0.5,0.9,0.3584750332550428,1.372617613934433,0.0,0.0010460251046025104,0.0,5,1,55.07378705686021
1.0,0.05,0.7,0.1,0.35923151345198145,1.3737760794695175,0.0,0.0010460251046025104,0.0,5,1,55.0739383528996
1.0,0.05,0.7,0.3,0.3587383501195084,1.3735301809553848,0.0,0.0010460251046025104,0.0,5,1,55.07383972023311
1.0,0.05,0.7,0.5,0.35857775719936946,1.373317336752445,0.0,0.0010460251046025104,0.0,5,1,55.07380760164908
1.0,0.05,0.7,0.7,0.3586306372915202,1.3731375622315218,0.0,0.0010460251046025104,0.0,5,1,55.07381817766751
1.0,0.05,0.7,0.9,0.35890890127554487,1.3729908703826943,0.0,0.0010460251046025104,0.0,5,1,55.073873830464315
1.0,0.05,0.9,0.1,0.36052688484409434,1.3742805949565393,0.0,0.0010460251046025104,0.0,5,1,55.07419742717803
1.0,0.05,0.9,0.3,0.36044260762038444,1.3742152122269453,0.0,0.0010460251046025104,0.0,5,1,55.07418057173329
1.0,0.05,0.9,0.5,0.3603640823403562,1.3741539684223256,0.0,0.0010460251046025104,0.0,5,1,55.07416486667728
1.0,0.05,0.9,0.7,0.36028591307859414,1.3740968640960989,0.0,0.0010460251046025104,0.0,5,1,55.07414923282492
1.0,0.05,0.9,0.9,0.36022402682131566,1.374043899764367,0.0,0.0010460251046025104,0.0,5,1,55.07413685557347
1.0,0.1,0.1,0.1,0.35758396222236516,1.3703851355902135,0.0,0.0010460251046025104,0.0,5,1,55.07360884265368
1.0,0.1,0.1,0.3,0.3554474384489994,1.3691977148847234,0.0,0.0010460251046025104,0.0,5,1,55.073181537899
1.0,0.1,0.1,0.5,0.35526612575692407,1.3682766949477034,0.0,0.0010460251046025104,0.0,5,1,55.073145275360595
1.0,0.1,0.1,0.7,0.3565340661980595,1.3676226139988301,0.0,0.0010460251046025104,0.0,5,1,55.073398863448816
1.0,0.1,0.1,0.9,0.35912387569209037,1.3672358551462498,0.0,0.0010460251046025104,0.0,5,1,55.073916825347624
1.0,0.1,0.3,0.1,0.3549865164848107,1.3686890334325343,0.0,0.0010460251046025104,0.0,5,1,55.07308935350617
1.0,0.1,0.3,0.3,0.3534901409697883,1.367840281667148,0.0,0.0010460251046025104,0.0,5,1,55.072790078403166
1.0,0.1,0.3,0.5,0.3536618417191415,1.367163641029058,0.0,0.0010460251046025104,0.0,5,1,55.07282441855303
1.0,0.1,0.3,0.7,0.35482516268851644,1.3666593671578111,0.0,0.0010460251046025104,0.0,5,1,55.07305708274691
1.0,0.1,0.3,0.9,0.35674453073245005,1.3663276509008873,0.0,0.0010460251046025104,0.0,5,1,55.0734409563557
1.0,0.1,0.5,0.1,0.35474532627622507,1.3677715129400065,0.0,0.0010460251046025104,0.0,5,1,55.07304111546445
1.0,0.1,0.5,0.3,0.3539422903787931,1.3672284415654692,0.0,0.0010460251046025104,0.0,5,1,55.07288050828497
1.0,0.1,0.5,0.5,0.3539978656648014,1.3667805036807823,0.0,0.0010460251046025104,0.0,5,1,55.072891623342166
1.0,0.1,0.5,0.7,0.3547205012553809,1.3664277928449962,0.0,0.0010460251046025104,0.0,5,1,55.07303615046028
1.0,0.1,0.5,0.9,0.3558480747402176,1.366170382813801,0.0,0.0010460251046025104,0.0,5,1,55.07326166515725
1.0,0.1,0.7,0.1,0.35574113764751875,1.3676975113730783,0.0,0.0010460251046025104,0.0,5,1,55.07324027773871
1.0,0.1,0.7,0.3,0.3553423702392453,1.3674175164440372,0.0,0.0010460251046025104,0.0,5,1,55.073160524257055
1.0,0.1,0.7,0.5,0.3553245342976288,1.3671752802305706,0.0,0.0010460251046025104,0.0,5,1,55.07315695706873
1.0,0.1,0.7,0.7,0.3556188408064861,1.3669708228059558,0.0,0.0010460251046025104,0.0,5,1,55.07321581837051
1.0,0.1,0.7,0.9,0.356211759046374,1.3668041611239474,0.0,0.0010460251046025104,0.0,5,1,55.07333440201848
1.0,0.1,0.9,0.1,0.3578434939358718,1.3685300124469748,0.0,0.0010460251046025104,0.0,5,1,55.07366074899638
1.0,0.1,0.9,0.3,0.3577862708198083,1.368455375067617,0.0,0.0010460251046025104,0.0,5,1,55.07364930437317
1.0,0.1,0.9,0.5,0.35775856578793686,1.3683854585140636,0.0,0.0010460251046025104,0.0,5,1,55.073643763366796
1.0,0.1,0.9,0.7,0.3577470831607119,1.3683202635099698,0.0,0.0010460251046025104,0.0,5,1,55.07364146684135
1.0,0.1,0.9,0.9,0.3577558028329529,1.3682597907302545,0.0,0.0010460251046025104,0.0,5,1,55.0736432107758
1.0,0.5,0.1,0.1,0.3384881196191077,1.3485209685175397,0.0,0.0,0.0,5,0,55.06769762392382
1.0,0.5,0.1,0.3,0.33741458181139355,1.3461758933848098,0.0,0.0,0.0,5,0,55.06748291636228
1.0,0.5,0.1,0.5,0.3419352802093855,1.344559739175727,0.0,0.0,0.0,5,0,55.06838705604188
1.0,0.5,0.1,0.7,0.3502573275927122,1.343675136101434,0.0,0.0,0.0,5,0,55.070051465518546
1.0,0.5,0.1,0.9,0.36137251074958854,1.343523529166913,0.0,0.0,0.0,5,0,55.07227450214992
1.0,0.5,0.3,0.1,0.33554721983224434,1.3462518684424625,0.0,0.0,0.0,5,0,55.06710944396645
1.0,0.5,0.3,0.3,0.3352741950657442,1.3444668359060594,0.0,0.0,0.0,5,0,55.067054839013146
1.0,0.5,0.3,0.5,0.3393191483923774,1.3431764716773407,0.0,0.0,0.0,5,0,55.06786382967847
1.0,0.5,0.3,0.7,0.3460545542236007,1.3423822022560632,0.0,0.0,0.0,5,0,55.06921091084472
1.0,0.5,0.3,0.9,0.3549170030119792,1.3420849084353779,0.0,0.0,0.0,5,0,55.070983400602394
1.0,0.5,0.5,0.1,0.33648902372713146,1.3453414941802884,0.0,0.0,0.0,5,0,55.06729780474543
1.0,0.5,0.5,0.3,0.33712732441924187,1.3441688686628848,0.0,0.0,0.0,5,0,55.06742546488385
1.0,0.5,0.5,0.5,0.3403100155910135,1.3432759103165663,0.0,0.0,0.0,5,0,55.0680620031182
1.0,0.5,0.5,0.7,0.34508951832611506,1.3426631771320283,0.0,0.0,0.0,5,0,55.06901790366522
1.0,0.5,0.5,0.9,0.3512938077414325,1.3423310528520442,0.0,0.0,0.0,5,0,55.07025876154829
1.0,0.5,0.7,0.1,0.3427769394155245,1.3463657302816001,0.0,0.0,0.0,5,0,55.0685553878831
1.0,0.5,0.7,0.3,0.34367119805242785,1.3457768694023144,0.0,0.0,0.0,5,0,55.068734239610485
1.0,0.5,0.7,0.5,0.34557020814686346,1.3452973998711157,0.0,0.0,0.0,5,0,55.06911404162937
1.0,0.5,0.7,0.7,0.3482469748344462,1.3449274386827634,0.0,0.0,0.0,5,0,55.06964939496689
1.0,0.5,0.7,0.9,0.351531026611529,1.3446670762250688,0.0,0.0,0.0,5,0,55.070306205322304
1.0,0.5,0.9,0.1,0.35268298006489524,1.3498142424245279,0.0,0.0,0.0,5,0,55.07053659601298
1.0,0.5,0.9,0.3,0.35305456327674406,1.3496729240711312,0.0,0.0,0.0,5,0,55.07061091265535
1.0,0.5,0.9,0.5,0.35360328920709266,1.3495444952025002,0.0,0.0,0.0,5,0,55.07072065784142
1.0,0.5,0.9,0.7,0.354296579392567,1.3494289594988185,0.0,0.0,0.0,5,0,55.070859315878515
1.0,0.5,0.9,0.9,0.3550723538827496,1.349326320272007,0.0,0.0,0.0,5,0,55.07101447077655
2.0,0.001,0.1,0.1,0.36712809340409464,1.3844208448715118,0.0,0.0010460251046025104,0.0,5,1,55.07551766889003
2.0,0.001,0.1,0.3,0.364487863220059,1.3834248819528416,0.0,0.0010460251046025104,0.0,5,1,55.07498962285322
2.0,0.001,0.1,0.5,0.3633602766929311,1.3826551894039845,0.0,0.0010460251046025104,0.0,5,1,55.07476410554779
2.0,0.001,0.1,0.7,0.36328747763913444,1.3821121452520975,0.0,0.0010460251046025104,0.0,5,1,55.074749545737035
2.0,0.001,0.1,0.9,0.364276396408728,1.381796016714838,0.0,0.0010460251046025104,0.0,5,1,55.07494732949095
2.0,0.001,0.3,0.1,0.36421105469258463,1.382762936678573,0.0,0.0010460251046025104,0.0,5,1,55.074934261147725
2.0,0.001,0.3,0.3,0.3623503393838571,1.3820753575290816,0.0,0.0010460251046025104,0.0,5,1,55.07456211808598
2.0,0.001,0.3,0.5,0.36183133876725704,1.3815299990339533,0.0,0.0010460251046025104,0.0,5,1,55.07445831796266
2.0,0.001,0.3,0.7,0.3620119532919292,1.3811270296670026,0.0,0.0010460251046025104,0.0,5,1,55.07449444086759
2.0,0.001,0.3,0.9,0.36271890528077944,1.380866574085732,0.0,0.0010460251046025104,0.0,5,1,55.07463583126536
2.0,0.001,0.5,0.1,0.3634630405483188,1.3817929755527547,0.0,0.0010460251046025104,0.0,5,1,55.07478465831887
2.0,0.001,0.5,0.3,0.3623969825996175,1.3813668018390504,0.0,0.0010460251046025104,0.0,5,1,55.07457144672913
2.0,0.001,0.5,0.5,0.3619754878998632,1.381017540088185,0.0,0.0010460251046025104,0.0,5,1,55.07448714778918
2.0,0.001,0.5,0.7,0.36203853619248677,1.3807452486651772,0.0,0.0010460251046025104,0.0,5,1,55.074499757447704
2.0,0.001,0.5,0.9,0.36241832362148324,1.3805499731135298,0.0,0.0010460251046025104,0.0,5,1,55.0745757149335
2.0,0.001,0.7,0.1,0.36354229864565685,1.38151618723301,0.0,0.0010460251046025104,0.0,5,1,55.074800509938335
2.0,0.001,0.7,0.3,0.36300472768577574,1.3813022162680744,0.0,0.0010460251046025104,0.0,5,1,55.07469299574636
2.0,0.001,0.7,0.5,0.36274106626128794,1.3811183452730091,0.0,0.0010460251046025104,0.0,5,1,55.07464026346146
2.0,0.001,0.7,0.7,0.3626645628037756,1.380964586270958,0.0,0.0010460251046025104,0.0,5,1,55.07462496276996
2.0,0.001,0.7,0.9,0.3627671144856458,1.380840949320986,0.0,0.0010460251046025104,0.0,5,1,55.07464547310634
2.0,0.001,0.9,0.1,0.3643993614886132,1.3819413035260717,0.0,0.0010460251046025104,0.0,5,1,55.07497192250693
2.0,0.001,0.9,0.3,0.3642996020246057,1.3818853772320379,0.0,0.0010460251046025104,0.0,5,1,55.07495197061413
2.0,0.001,0.9,0.5,0.3641998425605982,1.3818331923245768,0.0,0.0010460251046025104,0.0,5,1,55.07493201872133
2.0,0.001,0.9,0.7,0.3641000830965907,1.3817847492275832,0.0,0.0010460251046025104,0.0,5,1,55.074912066828524
2.0,0.001,0.9,0.9,0.3640003236325832,1.3817400483346152,0.0,0.0010460251046025104,0.0,5,1,55.07489211493572
2.0,0.01,0.1,0.1,0.3666361417929119,1.3836533727020377,0.0,0.0010460251046025104,0.0,5,1,55.075419278567786
2.0,0.01,0.1,0.3,0.36401769805627604,1.3826507869132516,0.0,0.0010460251046025104,0.0,5,1,55.074895589820464
2.0,0.01,0.1,0.5,0.362913395340831,1.3818748700843126,0.0,0.0010460251046025104,0.0,5,1,55.074674729277376
2.0,0.01,0.1,0.7,0.3628642430701176,1.3813260041879427,0.0,0.0010460251046025104,0.0,5,1,55.07466489882323
2.0,0.01,0.1,0.9,0.36387824472441965,1.3810044599412823,0.0,0.0010460251046025104,0.0,5,1,55.07486769915409
2.0,0.01,0.3,0.1,0.36371639946638057,1.3819908154889926,0.0,0.0010460251046025104,0.0,5,1,55.07483533010248
2.0,0.01,0.3,0.3,0.36186905295030913,1.3812972722730927,0.0,0.0010460251046025104,0.0,5,1,55.07446586079927
2.0,0.01,0.3,0.5,0.36136716298200644,1.3807464273395325,0.0,0.0010460251046025104,0.0,5,1,55.07436548280561
2.0,0.01,0.3,0.7,0.3615658236055193,1.3803384515260455,0.0,0.0010460251046025104,0.0,5,1,55.07440521493031
2.0,0.01,0.3,0.9,0.362292305895673,1.3800734715370773,0.0,0.0010460251046025104,0.0,5,1,55.07455051138834
2.0,0.01,0.5,0.1,0.3629630363079158,1.381012075341632,0.0,0.0010460251046025104,0.0,5,1,55.07468465747079
2.0,0.01,0.5,0.3,0.36190492420216597,1.3805812748371828,0.0,0.0010460251046025104,0.0,5,1,55.07447303504964
2.0,0.01,0.5,0.5,0.36149380198625974,1.3802277614039233,0.0,0.0010460251046025104,0.0,5,1,55.07439081060646
2.0,0.01,0.5,0.7,0.3615717962304247,1.3799515944396297,0.0,0.0010460251046025104,0.0,5,1,55.07440640945529
2.0,0.01,0.5,0.9,0.3619633811354008,1.3797528203885767,0.0,0.0010460251046025104,0.0,5,1,55.07448472643629
2.0,0.01,0.7,0.1,0.36304853171760093,1.380724409978401,0.0,0.0010460251046025104,0.0,5,1,55.07470175655273
2.0,0.01,0.7,0.3,0.3625127800340416,1.3805076283898616,0.0,0.0010460251046025104,0.0,5,1,55.07459460621602
2.0,0.01,0.7,0.5,0.36225509598022115,1.3803211340643415,0.0,0.0010460251046025104,0.0,5,1,55.07454306940525
2.0,0.01,0.7,0.7,0.36218636412401,1.3801649392795095,0.0,0.0010460251046025104,0.0,5,1,55.07452932303401
2.0,0.01,0.7,0.9,0.3622965852036939,1.3800390543234011,0.0,0.0010460251046025104,0.0,5,1,55.074551367249946
2.0,0.01,0.9,0.1,0.363915468177727,1.3811393719131624,0.0,0.0010460251046025104,0.0,5,1,55.07487514384475
2.0,0.01,0.9,0.3,0.3638165509895235,1.381082574397093,0.0,0.0010460251046025104,0.0,5,1,55.07485536040711
2.0,0.01,0.9,0.5,0.3637176989181914,1.3810295457142734,0.0,0.0010460251046025104,0.0,5,1,55.074835589992844
2.0,0.01,0.9,0.7,0.3636190322646771,1.3809802862988654,0.0,0.0010460251046025104,0.0,5,1,55.07481585666214
2.0,0.01,0.9,0.9,0.3635203656111629,1.3809347965542302,0.0,0.0010460251046025104,0.0,5,1,55.07479612333144
2.0,0.05,0.1,0.1,0.3645101957560123,1.3804109020143769,0.0,0.0010460251046025104,0.0,5,1,55.07499408936041
2.0,0.05,0.1,0.3,0.36199144056494287,1.3793762049972287,0.0,0.0010460251046025104,0.0,5,1,55.07449033832219
2.0,0.05,0.1,0.5,0.3610161669179443,1.3785717943676241,0.0,0.0010460251046025104,0.0,5,1,55.0742952835928
2.0,0.05,0.1,0.7,0.3611089216915675,1.3779980734167916,0.0,0.0010460251046025104,0.0,5,1,55.07431383454752
2.0,0.05,0.1,0.9,0.3623055167658032,1.3776553303550971,0.0,0.0010460251046025104,0.0,5,1,55.07455315356237
2.0,0.05,0.3,0.1,0.3616409295318889,1.3787331087346966,0.0,0.0010460251046025104,0.0,5,1,55.074420236115586
2.0,0.05,0.3,0.3,0.3598601212801957,1.3780113606108386,0.0,0.0010460251046025104,0.0,5,1,55.07406407446525
2.0,0.05,0.3,0.5,0.3594531453799289,1.3774355621838366,0.0,0.0010460251046025104,0.0,5,1,55.073982679285194
2.0,0.05,0.3,0.7,0.3597610791823885,1.3770058965413845,0.0,0.0010460251046025104,0.0,5,1,55.07404426604568
2.0,0.05,0.3,0.9,0.3606178759396639,1.3767225005046062,0.0,0.0010460251046025104,0.0,5,1,55.07421562539714
2.0,0.05,0.5,0.1,0.3609858840798406,1.3777340985058433,0.0,0.0010460251046025104,0.0,5,1,55.074289227025176
2.0,0.05,0.5,0.3,0.3599733761498492,1.377281901914292,0.0,0.0010460251046025104,0.0,5,1,55.07408672543918
2.0,0.05,0.5,0.5,0.3596205919719513,1.3769092360627935,0.0,0.0010460251046025104,0.0,5,1,55.0740161686036
2.0,0.05,0.5,0.7,0.35978039388284333,1.3766161655410118,0.0,0.0010460251046025104,0.0,5,1,55.07404812898577
2.0,0.05,0.5,0.9,0.36024948352065034,1.3764027411924493,0.0,0.0010460251046025104,0.0,5,1,55.074141946913336
2.0,0.05,0.7,0.1,0.36122481888564584,1.3774315013549852,0.0,0.0010460251046025104,0.0,5,1,55.07433701398634
2.0,0.05,0.7,0.3,0.3607031374389039,1.3772020069545672,0.0,0.0010460251046025104,0.0,5,1,55.07423267769699
2.0,0.05,0.7,0.5,0.36048062573854894,1.3770038372437816,0.0,0.0010460251046025104,0.0,5,1,55.074188175356916
2.0,0.05,0.7,0.7,0.3604547869683299,1.376837005748422,0.0,0.0010460251046025104,0.0,5,1,55.074183007602876
2.0,0.05,0.7,0.9,0.3606243493260348,1.3767015238613756,0.0,0.0010460251046025104,0.0,5,1,55.07421692007441
2.0,0.05,0.9,0.1,0.36225234457692407,1.3778495656052756,0.0,0.0010460251046025104,0.0,5,1,55.07454251912459
2.0,0.05,0.9,0.3,0.3621596014701561,1.3777889266494328,0.0,0.0010460251046025104,0.0,5,1,55.074523970503236
2.0,0.05,0.9,0.5,0.36206797501446697,1.3777322005664585,0.0,0.0010460251046025104,0.0,5,1,55.0745056452121
2.0,0.05,0.9,0.7,0.361977107750367,1.3776793878396918,0.0,0.0010460251046025104,0.0,5,1,55.074487471759284
2.0,0.05,0.9,0.9,0.36188644297771083,1.3776304889191988,0.0,0.0010460251046025104,0.0,5,1,55.07446933880475
2.0,0.1,0.1,0.1,0.3619950887401404,1.3767182948202874,0.0,0.0010460251046025104,0.0,5,1,55.07449106795723
2.0,0.1,0.1,0.3,0.3596091846768248,1.375637869581246,0.0,0.0010460251046025104,0.0,5,1,55.074013887144574
2.0,0.1,0.1,0.5,0.35883547131274596,1.3747961354792362,0.0,0.0010460251046025104,0.0,5,1,55.073859144471754
2.0,0.1,0.1,0.7,0.3592520449267443,1.3741935311304303,0.0,0.0010460251046025104,0.0,5,1,55.073942459194555
2.0,0.1,0.1,0.9,0.36083656672262504,1.3738303712039068,0.0,0.0010460251046025104,0.0,5,1,55.07425936355373
2.0,0.1,0.3,0.1,0.3592615340090174,1.3750301827951543,0.0,0.0010460251046025104,0.0,5,1,55.07394435701101
2.0,0.1,0.3,0.3,0.35756979937271427,1.3742695811343693,0.0,0.0010460251046025104,0.0,5,1,55.07360601008375
2.0,0.1,0.3,0.5,0.3573073827874952,1.3736613858189541,0.0,0.0010460251046025104,0.0,5,1,55.07355352676671
2.0,0.1,0.3,0.7,0.35783746152957946,1.3732057993520563,0.0,0.0010460251046025104,0.0,5,1,55.073659542515124
2.0,0.1,0.3,0.9,0.3589697817188814,1.372902973659627,0.0,0.0010460251046025104,0.0,5,1,55.07388600655298
2.0,0.1,0.5,0.1,0.35872826491110255,1.3740384352139152,0.0,0.0010460251046025104,0.0,5,1,55.07383770319143
2.0,0.1,0.5,0.3,0.35777718941487907,1.3735577160109613,0.0,0.0010460251046025104,0.0,5,1,55.073647488092185
2.0,0.1,0.5,0.5,0.3575279442669868,1.3731605571292576,0.0,0.0010460251046025104,0.0,5,1,55.073597639062605
2.0,0.1,0.5,0.7,0.3578428609547503,1.3728470310897563,0.0,0.0010460251046025104,0.0,5,1,55.073660622400155
2.0,0.1,0.5,0.9,0.35847105376301064,1.3726171952013873,0.0,0.0010460251046025104,0.0,5,1,55.07378626096181
2.0,0.1,0.7,0.1,0.35921916460983816,1.3737754164632574,0.0,0.0010460251046025104,0.0,5,1,55.07393588313118
2.0,0.1,0.7,0.3,0.35872732206276997,1.3735295624839945,0.0,0.0010460251046025104,0.0,5,1,55.07383751462176
2.0,0.1,0.7,0.5,0.35856804992915864,1.3733167636950945,0.0,0.0010460251046025104,0.0,5,1,55.07380566019504
2.0,0.1,0.7,0.7,0.358622250824529,1.3731370354645163,0.0,0.0010460251046025104,0.0,5,1,55.073816500374114
2.0,0.1,0.7,0.9,0.35890183561177336,1.372990390779342,0.0,0.0010460251046025104,0.0,5,1,55.073872417331565
2.0,0.1,0.9,0.1,0.3605174122058833,1.37428008823949,0.0,0.0010460251046025104,0.0,5,1,55.074195532650386
2.0,0.1,0.9,0.3,0.3604334600748115,1.3742147165543683,0.0,0.0010460251046025104,0.0,5,1,55.07417874222417
2.0,0.1,0.9,0.5,0.36035525988741907,1.3741534838478797,0.0,0.0010460251046025104,0.0,5,1,55.07416310218669
2.0,0.1,0.9,0.7,0.3602774157182956,1.3740963906733499,0.0,0.0010460251046025104,0.0,5,1,55.074147533352864
2.0,0.1,0.9,0.9,0.36021585455365557,1.3740434375467867,0.0,0.0010460251046025104,0.0,5,1,55.07413522111994
2.0,0.5,0.1,0.1,0.3475155986311437,1.3576485990884353,0.0,0.0010460251046025104,0.0,5,1,55.071595169935435
2.0,0.5,0.1,0.3,0.3461421437429862,1.3560610813818104,0.0,0.0010460251046025104,0.0,5,1,55.0713204789578
2.0,0.5,0.1,0.5,0.34808107701926727,1.3548821085641223,0.0,0.0010460251046025104,0.0,5,1,55.07170826561306
2.0,0.5,0.1,0.7,0.352110975839918,1.354112747747787,0.0,0.0010460251046025104,0.0,5,1,55.07251424537719
2.0,0.5,0.1,0.9,0.35820279407521133,1.3537536973009916,0.0,0.0010460251046025104,0.0,5,1,55.07373260902425
2.0,0.5,0.3,0.1,0.34522998649274167,1.3558645456559368,0.0,0.0010460251046025104,0.0,5,1,55.07113804750775
2.0,0.5,0.3,0.3,0.3444361892964256,1.3546954313526953,0.0,0.0010460251046025104,0.0,5,1,55.07097928806849
2.0,0.5,0.3,0.5,0.3461991654850405,1.3537963018674724,0.0,0.0010460251046025104,0.0,5,1,55.071331883306215
2.0,0.5,0.3,0.7,0.3494294291614585,1.3531676953849125,0.0,0.0010460251046025104,0.0,5,1,55.0719779360415
2.0,0.5,0.3,0.9,0.35408530834067564,1.352809989014599,0.0,0.0010460251046025104,0.0,5,1,55.072909111877344
2.0,0.5,0.5,0.1,0.34562505977012653,1.3551900854507635,0.0,0.0010460251046025104,0.0,5,1,55.071217062163235
2.0,0.5,0.5,0.3,0.3454445687625635,1.3544304855601017,0.0,0.0010460251046025104,0.0,5,1,55.07118096396172
2.0,0.5,0.5,0.5,0.34683256025567905,1.3538213506960834,0.0,0.0010460251046025104,0.0,5,1,55.07145856226034
2.0,0.5,0.5,0.7,0.34911905193547715,1.3533628840270557,0.0,0.0010460251046025104,0.0,5,1,55.0719158605963
2.0,0.5,0.5,0.9,0.3521177387156899,1.3530552387094035,0.0,0.0010460251046025104,0.0,5,1,55.072515597952346
2.0,0.5,0.7,0.1,0.3488183499043742,1.3558190585787513,0.0,0.0010460251046025104,0.0,5,1,55.07185572019008
2.0,0.5,0.7,0.3,0.3489226525931465,1.3554289840437048,0.0,0.0010460251046025104,0.0,5,1,55.07187658072784
2.0,0.5,0.7,0.5,0.3496683618985718,1.3550981295155344,0.0,0.0010460251046025104,0.0,5,1,55.07202572258892
2.0,0.5,0.7,0.7,0.3509366367852087,1.3548265383795897,0.0,0.0010460251046025104,0.0,5,1,55.07227937756625
2.0,0.5,0.7,0.9,0.35253177416787,1.3546142462816173,0.0,0.0010460251046025104,0.0,5,1,55.07259840504278
2.0,0.5,0.9,0.1,0.3541843332445189,1.3578894403134503,0.0,0.0010460251046025104,0.0,5,1,55.07292891685811
2.0,0.5,0.9,0.3,0.35429504544633794,1.3577885445212168,0.0,0.0010460251046025104,0.0,5,1,55.072951059298475
2.0,0.5,0.9,0.5,0.35448083886129317,1.3576948669089202,0.0,0.0010460251046025104,0.0,5,1,55.07298821798147
2.0,0.5,0.9,0.7,0.35473163487934256,1.3576084089707654,0.0,0.0010460251046025104,0.0,5,1,55.07303837718508
2.0,0.5,0.9,0.9,0.3550354636694707,1.3575291720861664,0.0,0.0010460251046025104,0.0,5,1,55.0730991429431
5.0,0.001,0.1,0.1,0.3671610395084159,1.3844725223286782,0.0,0.0010460251046025104,0.0,5,1,55.07552425811089
5.0,0.001,0.1,0.3,0.36451939575162756,1.3834769928375723,0.0,0.0010460251046025104,0.0,5,1,55.07499592935953
5.0,0.001,0.1,0.5,0.36339026394508206,1.3827077128109435,0.0,0.0010460251046025104,0.0,5,1,55.07477010299822
5.0,0.001,0.1,0.7,0.36331600460169006,1.3821650600239714,0.0,0.0010460251046025104,0.0,5,1,55.074755251129545
5.0,0.001,0.1,0.9,0.3643034041329451,1.3818493014665112,0.0,0.0010460251046025104,0.0,5,1,55.07495273103579
5.0,0.001,0.3,0.1,0.3642441397141705,1.3828149399101108,0.0,0.0010460251046025104,0.0,5,1,55.07494087815204
5.0,0.001,0.3,0.3,0.36238261260602606,1.3821277538142367,0.0,0.0010460251046025104,0.0,5,1,55.07456857273041
5.0,0.001,0.3,0.5,0.36186243316741173,1.3815827599843307,0.0,0.0010460251046025104,0.0,5,1,55.07446453684269
5.0,0.001,0.3,0.7,0.3620419206236805,1.3811801267414772,0.0,0.0010460251046025104,0.0,5,1,55.07450043433394
5.0,0.001,0.3,0.9,0.3627477033873785,1.3809199786094173,0.0,0.0010460251046025104,0.0,5,1,55.074641590886685
5.0,0.001,0.5,0.1,0.3634964794148433,1.3818456254105067,0.0,0.0010460251046025104,0.0,5,1,55.07479134609218
5.0,0.001,0.5,0.3,0.36242997922804654,1.3814197582588597,0.0,0.0010460251046025104,0.0,5,1,55.07457804605482
5.0,0.001,0.5,0.5,0.36200778086726104,1.381070779825762,0.0,0.0010460251046025104,0.0,5,1,55.07449360638266
5.0,0.001,0.5,0.7,0.36206983743809423,1.3807987484090039,0.0,0.0010460251046025104,0.0,5,1,55.07450601769683
5.0,0.001,0.5,0.9,0.3624489052863336,1.3806037094930481,0.0,0.0010460251046025104,0.0,5,1,55.07458183126647
5.0,0.001,0.7,0.1,0.36357543462875136,1.3815696745711226,0.0,0.0010460251046025104,0.0,5,1,55.074807137134954
5.0,0.001,0.7,0.3,0.3630377791934266,1.3813558906799965,0.0,0.0010460251046025104,0.0,5,1,55.07469960604789
5.0,0.001,0.7,0.5,0.36277378229997304,1.3811721949012188,0.0,0.0010460251046025104,0.0,5,1,55.0746468066692
5.0,0.001,0.7,0.7,0.3626967440740649,1.3810185992412731,0.0,0.0010460251046025104,0.0,5,1,55.07463139902402
5.0,0.001,0.7,0.9,0.362798763186426,1.3808951137441825,0.0,0.0010460251046025104,0.0,5,1,55.07465180284649
5.0,0.001,0.9,0.1,0.36443230715144564,1.3819956322985447,0.0,0.0010460251046025104,0.0,5,1,55.07497851163949
5.0,0.001,0.9,0.3,0.36433249387975775,1.3819397642836642,0.0,0.0010460251046025104,0.0,5,1,55.07495854898516
5.0,0.001,0.9,0.5,0.3642326806080699,1.3818876358937084,0.0,0.0010460251046025104,0.0,5,1,55.07493858633082
5.0,0.001,0.9,0.7,0.36413286733638206,1.3818392475518968,0.0,0.0010460251046025104,0.0,5,1,55.07491862367648
5.0,0.001,0.9,0.9,0.36403305406469416,1.381794599651142,0.0,0.0010460251046025104,0.0,5,1,55.07489866102215
5.0,0.01,0.1,0.1,0.3669635075402152,1.3841634151120037,0.0,0.0010460251046025104,0.0,5,1,55.07548475171725
5.0,0.01,0.1,0.3,0.36433060162407543,1.3831652716896568,0.0,0.0010460251046025104,0.0,5,1,55.074958170534025
5.0,0.01,0.1,0.5,0.3632105714435122,1.382393513861343,0.0,0.0010460251046025104,0.0,5,1,55.07473416449791
5.0,0.01,0.1,0.7,0.3631451171413129,1.381848520933931,0.0,0.0010460251046025104,0.0,5,1,55.07472107363747
5.0,0.01,0.1,0.9,0.36414200137631253,1.3815305612734259,0.0,0.0010460251046025104,0.0,5,1,55.07492045048447
5.0,0.01,0.3,0.1,0.36404504123136117,1.3825038705457147,0.0,0.0010460251046025104,0.0,5,1,55.07490105845548
5.0,0.01,0.3,0.3,0.36218895982389593,1.3818143259099744,0.0,0.0010460251046025104,0.0,5,1,55.07452984217399
5.0,0.01,0.3,0.5,0.3616757549812414,1.3812671504195897,0.0,0.0010460251046025104,0.0,5,1,55.07442720120545
5.0,0.01,0.3,0.7,0.361862241889941,1.3808625133185894,0.0,0.0010460251046025104,0.0,5,1,55.0744644985872
5.0,0.01,0.3,0.9,0.36257527660156735,1.3806005399357448,0.0,0.0010460251046025104,0.0,5,1,55.07460710552952
5.0,0.01,0.5,0.1,0.3632948696419739,1.3815307727114492,0.0,0.0010460251046025104,0.0,5,1,55.074751024137605
5.0,0.01,0.5,0.3,0.3622316035398914,1.3811030710519077,0.0,0.0010460251046025104,0.0,5,1,55.07453837091718
5.0,0.01,0.5,0.5,0.3618137428700546,1.3807524009220873,0.0,0.0010460251046025104,0.0,5,1,55.074454798783215
5.0,0.01,0.5,0.7,0.361881791006338,1.380478821024788,0.0,0.0010460251046025104,0.0,5,1,55.074468408410475
5.0,0.01,0.5,0.9,0.36226541857906897,1.3802823771991908,0.0,0.0010460251046025104,0.0,5,1,55.07454513392502
5.0,0.01,0.7,0.1,0.3633762000709449,1.3812500114757433,0.0,0.0010460251046025104,0.0,5,1,55.0747672902234
5.0,0.01,0.7,0.3,0.3628392783476682,1.3810351094772175,0.0,0.0010460251046025104,0.0,5,1,55.07465990587874
5.0,0.01,0.7,0.5,0.3625777441391731,1.380850367927868,0.0,0.0010460251046025104,0.0,5,1,55.074607599037044
5.0,0.01,0.7,0.7,0.3625039400700663,1.380695798934391,0.0,0.0010460251046025104,0.0,5,1,55.07459283822322
5.0,0.01,0.7,0.9,0.3626091432037029,1.380571412631159,0.0,0.0010460251046025104,0.0,5,1,55.074613878849945
5.0,0.01,0.9,0.1,0.3642339863409104,1.3816712427523694,0.0,0.0010460251046025104,0.0,5,1,55.07493884747739
5.0,0.01,0.9,0.3,0.36413453466338264,1.38161502683029,0.0,0.0010460251046025104,0.0,5,1,55.07491895714188
5.0,0.01,0.9,0.5,0.3640350829858548,1.381562561232098,0.0,0.0010460251046025104,0.0,5,1,55.07489906680638
5.0,0.01,0.9,0.7,0.3639356740250412,1.3815138463850707,0.0,0.0010460251046025104,0.0,5,1,55.07487918501422
5.0,0.01,0.9,0.9,0.3638363229885452,1.3814688826859964,0.0,0.0010460251046025104,0.0,5,1,55.074859314806915
5.0,0.05,0.1,0.1,0.36609451248126135,1.3828172878717309,0.0,0.0010460251046025104,0.0,5,1,55.07531095270546
5.0,0.05,0.1,0.3,0.3635006879292956,1.381807083281819,0.0,0.0010460251046025104,0.0,5,1,55.07479218779507
5.0,0.05,0.1,0.5,0.36242500559664004,1.3810241745253327,0.0,0.0010460251046025104,0.0,5,1,55.07457705132853
5.0,0.05,0.1,0.7,0.3624078553604758,1.380468948322865,0.0,0.0010460251046025104,0.0,5,1,55.0745736212813
5.0,0.05,0.1,0.9,0.36345679605292064,1.3801416794621442,0.0,0.0010460251046025104,0.0,5,1,55.074783409419794
5.0,0.05,0.3,0.1,0.36316929635592765,1.3811500052989854,0.0,0.0010460251046025104,0.0,5,1,55.07472590948039
5.0,0.05,0.3,0.3,0.361337699848574,1.3804496968701827,0.0,0.0010460251046025104,0.0,5,1,55.07435959017892
5.0,0.05,0.3,0.5,0.3608578549861611,1.3798927302773847,0.0,0.0010460251046025104,0.0,5,1,55.07426362120644
5.0,0.05,0.3,0.7,0.36108079235591406,1.3794792791439734,0.0,0.0010460251046025104,0.0,5,1,55.07430820868039
5.0,0.05,0.3,0.9,0.3618342160577159,1.3792094725365622,0.0,0.0010460251046025104,0.0,5,1,55.07445889342075
5.0,0.05,0.5,0.1,0.36242594700371755,1.380163401517149,0.0,0.0010460251046025104,0.0,5,1,55.07457723960995
5.0,0.05,0.5,0.3,0.36137822380548223,1.3797274082700828,0.0,0.0010460251046025104,0.0,5,1,55.074367694970306
5.0,0.05,0.5,0.5,0.3609801455930082,1.379369176519804,0.0,0.0010460251046025104,0.0,5,1,55.07428807932781
5.0,0.05,0.5,0.7,0.36107787480951725,1.379088766864234,0.0,0.0010460251046025104,0.0,5,1,55.07430762517111
5.0,0.05,0.5,0.9,0.36148600746084225,1.3788862267809678,0.0,0.0010460251046025104,0.0,5,1,55.074389251701376
5.0,0.05,0.7,0.1,0.36256448925068524,1.3798671607573658,0.0,0.0010460251046025104,0.0,5,1,55.074604948059346
5.0,0.05,0.7,0.3,0.36203139890184494,1.379647252231497,0.0,0.0010460251046025104,0.0,5,1,55.074498329989574
5.0,0.05,0.7,0.5,0.3617812127452,1.3794578595618576,0.0,0.0010460251046025104,0.0,5,1,55.07444829275825
5.0,0.05,0.7,0.7,0.3617231997587926,1.379298995318919,0.0,0.0010460251046025104,0.0,5,1,55.074436690160965
5.0,0.05,0.7,0.9,0.3618468119169248,1.3791706700522284,0.0,0.0010460251046025104,0.0,5,1,55.07446141259259
5.0,0.05,0.9,0.1,0.3634758211390858,1.3802759676713874,0.0,0.0010460251046025104,0.0,5,1,55.07478721443702
5.0,0.05,0.9,0.3,0.36337806335854367,1.3802182102498253,0.0,0.0010460251046025104,0.0,5,1,55.074767662880916
5.0,0.05,0.9,0.5,0.3632805780708907,1.3801642543677495,0.0,0.0010460251046025104,0.0,5,1,55.07474816582339
5.0,0.05,0.9,0.7,0.3631833178649945,1.3801141004710267,0.0,0.0010460251046025104,0.0,5,1,55.07472871378221
5.0,0.05,0.9,0.9,0.3630860576590984,1.3800677489741668,0.0,0.0010460251046025104,0.0,5,1,55.07470926174103
5.0,0.1,0.1,0.1,0.3650310428228039,1.381196391148741,0.0,0.0010460251046025104,0.0,5,1,55.07509825877377
5.0,0.1,0.1,0.3,0.36248733464478106,1.3801701291706872,0.0,0.0010460251046025104,0.0,5,1,55.074589517138165
5.0,0.1,0.1,0.5,0.36147705966644206,1.3793729774329115,0.0,0.0010460251046025104,0.0,5,1,55.0743874621425
5.0,0.1,0.1,0.7,0.3615318371013857,1.3788053333134511,0.0,0.0010460251046025104,0.0,5,1,55.07439841762948
5.0,0.1,0.1,0.9,0.36266556258996974,1.3784674803416574,0.0,0.0010460251046025104,0.0,5,1,55.0746251627272
5.0,0.1,0.3,0.1,0.3621294196025578,1.3795214145134989,0.0,0.0010460251046025104,0.0,5,1,55.074517934129716
5.0,0.1,0.3,0.3,0.3603323627628018,1.3788070257021423,0.0,0.0010460251046025104,0.0,5,1,55.07415852276177
5.0,0.1,0.3,0.5,0.35990147283410107,1.3782376093695736,0.0,0.0010460251046025104,0.0,5,1,55.07407234477603
5.0,0.1,0.3,0.7,0.36018026711356876,1.3778133452564727,0.0,0.0010460251046025104,0.0,5,1,55.07412810363192
5.0,0.1,0.3,0.9,0.3609976040282747,1.37753436747829,0.0,0.0010460251046025104,0.0,5,1,55.07429157101486
5.0,0.1,0.5,0.1,0.3614525583601753,1.378524748399864,0.0,0.0010460251046025104,0.0,5,1,55.074382561881244
5.0,0.1,0.5,0.3,0.360428787315187,1.3780780824659364,0.0,0.0010460251046025104,0.0,5,1,55.07417780767224
5.0,0.1,0.5,0.5,0.3600621503437068,1.377710302403246,0.0,0.0010460251046025104,0.0,5,1,55.074104480277946
5.0,0.1,0.5,0.7,0.36020201138455465,1.3774214714008428,0.0,0.0010460251046025104,0.0,5,1,55.07413245248612
5.0,0.1,0.5,0.9,0.3606498906184422,1.3772116391306928,0.0,0.0010460251046025104,0.0,5,1,55.0742220283329
5.0,0.1,0.7,0.1,0.36165589202586257,1.3782213038307445,0.0,0.0010460251046025104,0.0,5,1,55.07442322861438
5.0,0.1,0.7,0.3,0.36113010429066394,1.3779950545668471,0.0,0.0010460251046025104,0.0,5,1,55.07431807106734
5.0,0.1,0.7,0.5,0.360899812517728,1.377799840691674,0.0,0.0010460251046025104,0.0,5,1,55.074272012712754
5.0,0.1,0.7,0.7,0.36086348346644975,1.377635675398566,0.0,0.0010460251046025104,0.0,5,1,55.0742647469025
5.0,0.1,0.7,0.9,0.3610169457562073,1.3775025697882628,0.0,0.0010460251046025104,0.0,5,1,55.07429543936045
5.0,0.1,0.9,0.1,0.362629346829776,1.3786320961474476,0.0,0.0010460251046025104,0.0,5,1,55.07461791957516
5.0,0.1,0.9,0.3,0.36253504092235633,1.3785724227111322,0.0,0.0010460251046025104,0.0,5,1,55.07459905839368
5.0,0.1,0.9,0.5,0.362441432398287,1.378516622920471,0.0,0.0010460251046025104,0.0,5,1,55.07458033668886
5.0,0.1,0.9,0.7,0.36234815069123744,1.3784646972458758,0.0,0.0010460251046025104,0.0,5,1,55.07456168034746
5.0,0.1,0.9,0.9,0.36225535728666,1.3784166461251663,0.0,0.0010460251046025104,0.0,5,1,55.07454312166654
5.0,0.5,0.1,0.1,0.3575794591894906,1.3703846637904,0.0,0.0010460251046025104,0.0,5,1,55.073607942047104
5.0,0.5,0.1,0.3,0.3554404197442659,1.3691973281327896,0.0,0.0010460251046025104,0.0,5,1,55.07318013415806
5.0,0.5,0.1,0.5,0.3552631048986649,1.368276446855319,0.0,0.0010460251046025104,0.0,5,1,55.07314467118894
5.0,0.5,0.1,0.7,0.35653504325762114,1.3676225582049557,0.0,0.0010460251046025104,0.0,5,1,55.07339905886073
5.0,0.5,0.1,0.9,0.3591288506925262,1.3672360452541186,0.0,0.0010460251046025104,0.0,5,1,55.07391782034771
5.0,0.5,0.3,0.1,0.354941493223204,1.368686549526181,0.0,0.0010460251046025104,0.0,5,1,55.07308034885385
5.0,0.5,0.3,0.3,0.35345018498577707,1.3678381265524038,0.0,0.0010460251046025104,0.0,5,1,55.07278208720636
5.0,0.5,0.3,0.5,0.3536366115591968,1.3671619315281704,0.0,0.0010460251046025104,0.0,5,1,55.072819372521046
5.0,0.5,0.3,0.7,0.3548146583553585,1.366658220098291,0.0,0.0010460251046025104,0.0,5,1,55.073054981880276
5.0,0.5,0.3,0.9,0.3567487553679726,1.3663271830266577,0.0,0.0010460251046025104,0.0,5,1,55.073441801282804
5.0,0.5,0.5,0.1,0.3546788394670194,1.3677681462148559,0.0,0.0010460251046025104,0.0,5,1,55.07302781810261
5.0,0.5,0.5,0.3,0.353884565059481,1.3672253864966692,0.0,0.0010460251046025104,0.0,5,1,55.072868963221104
5.0,0.5,0.5,0.5,0.3539531518250884,1.3667778145482474,0.0,0.0010460251046025104,0.0,5,1,55.072882680574224
5.0,0.5,0.5,0.7,0.3546887890119805,1.3664255239057024,0.0,0.0010460251046025104,0.0,5,1,55.073029808011604
5.0,0.5,0.5,0.9,0.35582938146035814,1.3661685882789272,0.0,0.0010460251046025104,0.0,5,1,55.07325792650128
5.0,0.5,0.7,0.1,0.35567427058330764,1.3676942491192965,0.0,0.0020920502092050207,0.0,5,2,55.07531895453508
5.0,0.5,0.7,0.3,0.35528257623903836,1.3674144309293716,0.0,0.0020920502092050207,0.0,5,2,55.075240615666225
5.0,0.5,0.7,0.5,0.35527181343186703,1.3671723850377273,0.0,0.0020920502092050207,0.0,5,2,55.07523846310479
5.0,0.5,0.7,0.7,0.35557319364970247,1.3669681315091253,0.0,0.0020920502092050207,0.0,5,2,55.07529873914835
5.0,0.5,0.7,0.9,0.3561731595705849,1.3668016872865285,0.0,0.0020920502092050207,0.0,5,2,55.07541873233253
5.0,0.5,0.9,0.1,0.3577860491109773,1.368527178355338,0.0,0.0020920502092050207,0.0,5,2,55.07574131024061
5.0,0.5,0.9,0.3,0.35773077189430325,1.3684525905950697,0.0,0.0020920502092050207,0.0,5,2,55.07573025479727
5.0,0.5,0.9,0.5,0.3577050127626072,1.3683827246661195,0.0,0.0020920502092050207,0.0,5,2,55.075725102970935
5.0,0.5,0.9,0.7,0.35769547603555774,1.3683175812917745,0.0,0.0020920502092050207,0.0,5,2,55.07572319562553
5.0,0.5,0.9,0.9,0.35770614048390587,1.3682571611465633,0.0,0.0020920502092050207,0.0,5,2,55.0757253285152
10.0,0.001,0.1,0.1,0.3671720327866527,1.384489762905998,0.0,0.0010460251046025104,0.0,5,1,55.07552645676654
10.0,0.001,0.1,0.3,0.3645299493723066,1.3834943775629833,0.0,0.0010460251046025104,0.0,5,1,55.07499804008367
10.0,0.001,0.1,0.5,0.36340031120089344,1.382725234874505,0.0,0.0010460251046025104,0.0,5,1,55.07477211244939
10.0,0.001,0.1,0.7,0.3633255170097724,1.3821827125321058,0.0,0.0010460251046025104,0.0,5,1,55.07475715361116
10.0,0.001,0.1,0.9,0.3643124072570624,1.3818670774499089,0.0,0.0010460251046025104,0.0,5,1,55.074954531660616
10.0,0.001,0.3,0.1,0.3642552097276056,1.3828322913602875,0.0,0.0010460251046025104,0.0,5,1,55.074943092154726
10.0,0.001,0.3,0.3,0.36239341545739084,1.3821452357440323,0.0,0.0010460251046025104,0.0,5,1,55.07457073330068
10.0,0.001,0.3,0.5,0.36187288731255074,1.381600363026794,0.0,0.0010460251046025104,0.0,5,1,55.07446662767172
10.0,0.001,0.3,0.7,0.36205195355102116,1.3811978414790076,0.0,0.0010460251046025104,0.0,5,1,55.07450244091941
10.0,0.001,0.3,0.9,0.3627573036333476,1.3809377955800288,0.0,0.0010460251046025104,0.0,5,1,55.07464351093588
10.0,0.001,0.5,0.1,0.3635076780532824,1.3818631947575475,0.0,0.0010460251046025104,0.0,5,1,55.07479358581986
10.0,0.001,0.5,0.3,0.3624410216009397,1.3814374293773295,0.0,0.0010460251046025104,0.0,5,1,55.074580254529394
10.0,0.001,0.5,0.5,0.36201861485418574,1.3810885450164372,0.0,0.0010460251046025104,0.0,5,1,55.07449577318005
10.0,0.001,0.5,0.7,0.36208036220660783,1.380816599950356,0.0,0.0010460251046025104,0.0,5,1,55.07450812265053
10.0,0.001,0.5,0.9,0.3624591560474988,1.3806216396439575,0.0,0.0010460251046025104,0.0,5,1,55.074583881418704
10.0,0.001,0.7,0.1,0.363586539692967,1.3815875258327166,0.0,0.0010460251046025104,0.0,5,1,55.0748093581478
10.0,0.001,0.7,0.3,0.3630488524699891,1.3813738041123442,0.0,0.0010460251046025104,0.0,5,1,55.074701820703204
10.0,0.001,0.7,0.5,0.36278474025281154,1.3811901665692934,0.0,0.0010460251046025104,0.0,5,1,55.07464899825977
10.0,0.001,0.7,0.7,0.36270754298752955,1.3810366252045152,0.0,0.0010460251046025104,0.0,5,1,55.07463355880671
10.0,0.001,0.7,0.9,0.36280940618336205,1.3809131900570368,0.0,0.0010460251046025104,0.0,5,1,55.07465393144588
10.0,0.001,0.9,0.1,0.36444341070273567,1.3820137680933402,0.0,0.0010460251046025104,0.0,5,1,55.07498073234975
10.0,0.001,0.9,0.3,0.36434357870294476,1.3819579194679705,0.0,0.0010460251046025104,0.0,5,1,55.0749607659498
10.0,0.001,0.9,0.5,0.36424374670315374,1.3819058098822112,0.0,0.0020920502092050207,0.0,5,2,55.07703284975904
10.0,0.001,0.9,0.7,0.36414391470336277,1.3818574397590573,0.0,0.0020920502092050207,0.0,5,2,55.07701288335909
10.0,0.001,0.9,0.9,0.36404408270357186,1.381812809491207,0.0,0.0020920502092050207,0.0,5,2,55.07699291695913
10.0,0.01,0.1,0.1,0.36707314106003514,1.3843348541104448,0.0,0.0010460251046025104,0.0,5,1,55.07550667842121
10.0,0.01,0.1,0.3,0.36443536745581684,1.3833381677301302,0.0,0.0010460251046025104,0.0,5,1,55.07497912370037
10.0,0.01,0.1,0.5,0.3633103149284754,1.3825677881533005,0.0,0.0010460251046025104,0.0,5,1,55.0747541131949
10.0,0.01,0.1,0.7,0.36323997928912355,1.3820240938295727,0.0,0.0010460251046025104,0.0,5,1,55.074740046067035
10.0,0.01,0.1,0.9,0.364231459650484,1.3817073523572136,0.0,0.0010460251046025104,0.0,5,1,55.074938342139305
10.0,0.01,0.3,0.1,0.36415542346668456,1.382676382303706,0.0,0.0010460251046025104,0.0,5,1,55.07492313490254
10.0,0.01,0.3,0.3,0.3622963182239744,1.381988152297816,0.0,0.0010460251046025104,0.0,5,1,55.074551313854
10.0,0.01,0.3,0.5,0.36177931499251753,1.3814421912449848,0.0,0.0010460251046025104,0.0,5,1,55.07444791320771
10.0,0.01,0.3,0.7,0.36196195265449305,1.381038667873245,0.0,0.0010460251046025104,0.0,5,1,55.07448444074011
10.0,0.01,0.3,0.9,0.36267099797589614,1.38077770706208,0.0,0.0010460251046025104,0.0,5,1,55.07462624980439
10.0,0.01,0.5,0.1,0.36340650640410177,1.3817053434694697,0.0,0.0010460251046025104,0.0,5,1,55.07477335149003
10.0,0.01,0.5,0.3,0.362341442790145,1.3812786643402637,0.0,0.0010460251046025104,0.0,5,1,55.074560338767235
10.0,0.01,0.5,0.5,0.3619212516193947,1.3809289364201305,0.0,0.0010460251046025104,0.0,5,1,55.074476300533085
10.0,0.01,0.5,0.7,0.3619860436157862,1.3806562181855815,0.0,0.0010460251046025104,0.0,5,1,55.07448925893237
10.0,0.01,0.5,0.9,0.3623671894280545,1.3804605552777895,0.0,0.0010460251046025104,0.0,5,1,55.07456548809482
10.0,0.01,0.7,0.1,0.36348637206447143,1.3814271872136896,0.0,0.0010460251046025104,0.0,5,1,55.0747893246221
10.0,0.01,0.7,0.3,0.36294904161063246,1.3812129082146731,0.0,0.0010460251046025104,0.0,5,1,55.074681858531335
10.0,0.01,0.7,0.5,0.3626861656907794,1.3810287491281983,0.0,0.0010460251046025104,0.0,5,1,55.07462928334736
10.0,0.01,0.7,0.7,0.36261062072338107,1.3808747220050084,0.0,0.0010460251046025104,0.0,5,1,55.07461417435388
10.0,0.01,0.7,0.9,0.3627141093948149,1.380750836929051,0.0,0.0010460251046025104,0.0,5,1,55.07463487208817
10.0,0.01,0.9,0.1,0.3643436614128238,1.381850950871499,0.0,0.0010460251046025104,0.0,5,1,55.07496078249177
10.0,0.01,0.9,0.3,0.3642440219990793,1.3817949286777753,0.0,0.0010460251046025104,0.0,5,1,55.074940854609025
10.0,0.01,0.9,0.5,0.3641443825853347,1.3817426508261783,0.0,0.0020920502092050207,0.0,5,2,55.07701297693548
10.0,0.01,0.9,0.7,0.36404474317159013,1.3816941177417208,0.0,0.0020920502092050207,0.0,5,2,55.07699304905273
10.0,0.01,0.9,0.9,0.3639451058127071,1.3816493298190295,0.0,0.0020920502092050207,0.0,5,2,55.076973121580956
10.0,0.05,0.1,0.1,0.36663579777438204,1.3836533528020631,0.0,0.0010460251046025104,0.0,5,1,55.075419209764085
10.0,0.05,0.1,0.3,0.3640174793343437,1.3826507717820136,0.0,0.0010460251046025104,0.0,5,1,55.07489554607608
10.0,0.05,0.1,0.5,0.3629133019154961,1.3818748598226513,0.0,0.0010460251046025104,0.0,5,1,55.074674710592305
10.0,0.05,0.1,0.7,0.3628642749413802,1.3813259988944733,0.0,0.0010460251046025104,0.0,5,1,55.07466490519748
10.0,0.05,0.1,0.9,0.3638784018922797,1.3810044597122864,0.0,0.0010460251046025104,0.0,5,1,55.07486773058766
10.0,0.05,0.3,0.1,0.3637142331169788,1.3819906914462574,0.0,0.0010460251046025104,0.0,5,1,55.074834896832606
10.0,0.05,0.3,0.3,0.36186747617503817,1.3812971706821473,0.0,0.0010460251046025104,0.0,5,1,55.07446554544421
10.0,0.05,0.3,0.5,0.3613661757808667,1.3807463485110467,0.0,0.0010460251046025104,0.0,5,1,55.07436528536538
10.0,0.05,0.3,0.7,0.36156542597851066,1.380338395764009,0.0,0.0010460251046025104,0.0,5,1,55.07440513540491
10.0,0.05,0.3,0.9,0.3622924978427957,1.380073439138588,0.0,0.0010460251046025104,0.0,5,1,55.07455054977777
10.0,0.05,0.5,0.1,0.36295951499656737,1.381011875621428,0.0,0.0010460251046025104,0.0,5,1,55.07468395320852
10.0,0.05,0.5,0.3,0.3619020615398356,1.380581100252271,0.0,0.0010460251046025104,0.0,5,1,55.07447246251717
10.0,0.05,0.5,0.5,0.36149159797295044,1.3802276121518022,0.0,0.0010460251046025104,0.0,5,1,55.074390369803794
10.0,0.05,0.5,0.7,0.36157025086613626,1.3799514707136984,0.0,0.0010460251046025104,0.0,5,1,55.07440610038243
10.0,0.05,0.5,0.9,0.36196249442013273,1.3797527223780608,0.0,0.0010460251046025104,0.0,5,1,55.074484549093235
10.0,0.05,0.7,0.1,0.3630446067941898,1.3807241895331737,0.0,0.0010460251046025104,0.0,5,1,55.07470097156804
10.0,0.05,0.7,0.3,0.3625092795554727,1.3805074241704254,0.0,0.0010460251046025104,0.0,5,1,55.0745939061203
10.0,0.05,0.7,0.5,0.36225201994649475,1.3803209461318577,0.0,0.0010460251046025104,0.0,5,1,55.07454245419851
10.0,0.05,0.7,0.7,0.3621837125351327,1.3801647676940938,0.0,0.0010460251046025104,0.0,5,1,55.07452879271624
10.0,0.05,0.7,0.9,0.3622943580596525,1.3800388991441137,0.0,0.0010460251046025104,0.0,5,1,55.074550921821135
10.0,0.05,0.9,0.1,0.36391168197996715,1.38113916140472,0.0,0.0010460251046025104,0.0,5,1,55.0748743866052
10.0,0.05,0.9,0.3,0.3638128964775003,1.3810823689277554,0.0,0.0010460251046025104,0.0,5,1,55.074854629504706
10.0,0.05,0.9,0.5,0.3637141760919049,1.381029345289212,0.0,0.0020920502092050207,0.0,5,2,55.07692693563679
10.0,0.05,0.9,0.7,0.3636156411241274,1.3809800909232106,0.0,0.0020920502092050207,0.0,5,2,55.076907228643236
10.0,0.05,0.9,0.9,0.3635171061563499,1.3809346062330723,0.0,0.0020920502092050207,0.0,5,2,55.07688752164968
10.0,0.1,0.1,0.1,0.3660943371124614,1.3828172778845824,0.0,0.0020920502092050207,0.0,5,2,55.077402967840904
10.0,0.1,0.1,0.3,0.3635005764191849,1.3818070756614116,0.0,0.0020920502092050207,0.0,5,2,55.07688421570225
10.0,0.1,0.1,0.5,0.36242495794521845,1.3810241693709695,0.0,0.0020920502092050207,0.0,5,2,55.07666909200746
10.0,0.1,0.1,0.7,0.3624078715677434,1.3804689457328012,0.0,0.0020920502092050207,0.0,5,2,55.07666567473196
10.0,0.1,0.1,0.9,0.3634568761188775,1.3801416795334844,0.0,0.0020920502092050207,0.0,5,2,55.07687547564219
10.0,0.1,0.3,0.1,0.3631679769356295,1.3811499309564632,0.0,0.0020920502092050207,0.0,5,2,55.07681769580554
10.0,0.1,0.3,0.3,0.3613367392957047,1.380449635769782,0.0,0.0020920502092050207,0.0,5,2,55.07645144827755
10.0,0.1,0.3,0.5,0.3608572533007227,1.3798926828106186,0.0,0.0020920502092050207,0.0,5,2,55.07635555107856
10.0,0.1,0.3,0.7,0.36108054953790597,1.3794792456985832,0.0,0.0020920502092050207,0.0,5,2,55.07640021032599
10.0,0.1,0.3,0.9,0.36183433210713944,1.3792094534962627,0.0,0.0020920502092050207,0.0,5,2,55.07655096683984
10.0,0.1,0.5,0.1,0.3624233247325918,1.3801632550341894,0.0,0.0020920502092050207,0.0,5,2,55.07666876536493
10.0,0.1,0.5,0.3,0.3613760915527407,1.3797272798752225,0.0,0.0020920502092050207,0.0,5,2,55.076459318728965
10.0,0.1,0.5,0.5,0.36097850335866716,1.3793690665343914,0.0,0.0020920502092050207,0.0,5,2,55.07637980109015
10.0,0.1,0.5,0.7,0.3610767225935766,1.3790886756067586,0.0,0.0020920502092050207,0.0,5,2,55.07639944493713
10.0,0.1,0.5,0.9,0.3614853452632983,1.378886154566944,0.0,0.0020920502092050207,0.0,5,2,55.07648116947107
10.0,0.1,0.7,0.1,0.3625610874802497,1.3798669722905759,0.0,0.0020920502092050207,0.0,5,2,55.07669631791446
10.0,0.1,0.7,0.3,0.3620283645301977,1.3796470773585727,0.0,0.0020920502092050207,0.0,5,2,55.07658977332445
10.0,0.1,0.7,0.5,0.3617785457723421,1.3794576984008198,0.0,0.0020920502092050207,0.0,5,2,55.07653980957288
10.0,0.1,0.7,0.7,0.3617209001847691,1.379298847986928,0.0,0.0020920502092050207,0.0,5,2,55.07652828045537
10.0,0.1,0.7,0.9,0.3618448797417357,1.379170536665568,0.0,0.0020920502092050207,0.0,5,2,55.076553076366764
10.0,0.1,0.9,0.1,0.36347218461383024,1.3802757679376394,0.0,0.0020920502092050207,0.0,5,2,55.07687853734118
10.0,0.1,0.9,0.3,0.36337455311352246,1.3802180151998746,0.0,0.0031380753138075313,0.0,5,3,55.078951061250315
10.0,0.1,0.9,0.5,0.3632771941061037,1.3801640640125947,0.0,0.0031380753138075313,0.0,5,3,55.078931589448835
10.0,0.1,0.9,0.7,0.3631800601804418,1.3801139148216288,0.0,0.0031380753138075313,0.0,5,3,55.0789121626637
10.0,0.1,0.9,0.9,0.36308292625477995,1.3800675680414494,0.0,0.0031380753138075313,0.0,5,3,55.07889273587857
10.0,0.5,0.1,0.1,0.36199192183005446,1.3767181356814515,0.0,0.0020920502092050207,0.0,5,2,55.076582484784424
10.0,0.5,0.1,0.3,0.35960716913306107,1.3756377445107753,0.0,0.0020920502092050207,0.0,5,2,55.07610553424502
10.0,0.5,0.1,0.5,0.3588346071353068,1.3747960527334757,0.0,0.0020920502092050207,0.0,5,2,55.075951021845476
10.0,0.5,0.1,0.7,0.3592523321156295,1.3741934989588516,0.0,0.0020920502092050207,0.0,5,2,55.07603456684154
10.0,0.5,0.1,0.9,0.3608380052908741,1.3738303978404203,0.0,0.0020920502092050207,0.0,5,2,55.07635170147659
10.0,0.5,0.3,0.1,0.3592412101710303,1.3750291557914713,0.0,0.0020920502092050207,0.0,5,2,55.07603234245262
10.0,0.5,0.3,0.3,0.3575549780457484,1.3742687151519606,0.0,0.0020920502092050207,0.0,5,2,55.075695096027566
10.0,0.5,0.3,0.5,0.3572980639752967,1.373660706731534,0.0,0.0020920502092050207,0.0,5,2,55.07564371321347
10.0,0.5,0.3,0.7,0.35783364523100974,1.373205333005548,0.0,0.0020920502092050207,0.0,5,2,55.07575082946462
10.0,0.5,0.3,0.9,0.3589714679362552,1.3729027458547534,0.0,0.0020920502092050207,0.0,5,2,55.075978394005666
10.0,0.5,0.5,0.1,0.3586945661966342,1.3740367148736183,0.0,0.0020920502092050207,0.0,5,2,55.07592301365774
10.0,0.5,0.5,0.3,0.3577497419241311,1.3735561810225811,0.0,0.0020920502092050207,0.0,5,2,55.07573404880324
10.0,0.5,0.5,0.5,0.35750674802297705,1.3731592241703636,0.0,0.0020920502092050207,0.0,5,2,55.07568545002301
10.0,0.5,0.5,0.7,0.35782791595698876,1.3728459168155533,0.0,0.0020920502092050207,0.0,5,2,55.075749683609814
10.0,0.5,0.5,0.9,0.35846236000710896,1.3726163162385485,0.0,0.0020920502092050207,0.0,5,2,55.07587657241984
10.0,0.5,0.7,0.1,0.3591809951190175,1.373773457614746,0.0,0.0020920502092050207,0.0,5,2,55.07602029944222
10.0,0.5,0.7,0.3,0.35869323500885913,1.373527726367955,0.0,0.0020920502092050207,0.0,5,2,55.07592274742019
10.0,0.5,0.7,0.5,0.3585380453156295,1.3733150555230451,0.0,0.0020920502092050207,0.0,5,2,55.07589170948154
10.0,0.5,0.7,0.7,0.3585963287030036,1.3731354604411738,0.0,0.0020920502092050207,0.0,5,2,55.07590336615901
10.0,0.5,0.7,0.9,0.3588799959822517,1.3729889541018585,0.0,0.0020920502092050207,0.0,5,2,55.07596009961486
10.0,0.5,0.9,0.1,0.36048013220122066,1.3742781743193604,0.0,0.0031380753138075313,0.0,5,3,55.078372177067855
10.0,0.5,0.9,0.3,0.3603974594721707,1.3742128414745434,0.0,0.0031380753138075313,0.0,5,3,55.07835564252205
10.0,0.5,0.9,0.5,0.36032053868679165,1.37415164805121,0.0,0.0031380753138075313,0.0,5,3,55.078340258364975
10.0,0.5,0.9,0.7,0.3602439739196919,1.3740945946023908,0.0,0.0031380753138075313,0.0,5,3,55.07832494541155
10.0,0.5,0.9,0.9,0.3601836921570757,1.3740416816437906,0.0,0.0031380753138075313,0.0,5,3,55.07831288905903
