rank,timestamp,met_timestamp,edf_max_ppb,edf_mean_ppb,pinn_max_ppb,pinn_mean_ppb,ratio_max,ratio_mean,num_facilities,edf_482010026,pinn_482010026,ratio_482010026,edf_482010057,pinn_482010057,ratio_482010057,edf_482010069,pinn_482010069,ratio_482010069,edf_482010617,pinn_482010617,ratio_482010617,edf_482010803,pinn_482010803,ratio_482010803,edf_482011015,pinn_482011015,ratio_482011015,edf_482011035,pinn_482011035,ratio_482011035,edf_482011039,pinn_482011039,ratio_482011039,edf_482016000,pinn_482016000,ratio_482016000
1,2019-03-30 09:00:00,2019-03-30 06:00:00,196.935683,21.993470222222225,0.6292826310408484,0.3362132175226255,312.9521781366921,65.41505110723695,20,0.302517,0.5675347223979216,0.5330369897401503,0.103083,0.19620510114755,0.5253838936760344,0.052283,0.2155120106210231,0.24259900805222137,0.077483,0.6292826310408484,0.12312909363451091,0.082233,0.31168710376978426,0.26383189745552726,196.935683,0.45569128647150825,432.1690777212464,0.1196,0.17786833692891107,0.6724074788409402,0.076617,0.22131867635036082,0.3461840693404052,0.191733,0.25081908897572225,0.7644274635674104
2,2019-03-21 04:00:00,2019-03-21 01:00:00,190.682717,21.633622222222225,1.3675793163284031,0.7355267366509576,139.43072646141428,29.412381266171604,20,0.704217,0.9564278662703077,0.7362991238912445,0.224333,0.30299080319207866,0.7403954101464454,0.259383,0.5565311212014462,0.46607097091001987,0.210917,1.3675793163284031,0.15422652089113018,0.352433,0.45998165303324345,0.766189254888671,1.415433,0.871986470416215,1.6232281669741826,0.383217,0.2582127502648905,1.4841133894700105,190.682717,0.590064433466248,323.15575416037535,0.46995,1.2559662156857854,0.3741740774001607
3,2019-03-25 02:00:00,2019-03-24 23:00:00,176.142983,19.675257444444444,1.6859895120720791,0.9643551515611785,104.47448057315613,20.402480362252607,20,0.475817,1.6859895120720791,0.2822182442969182,0.074317,0.5504211710489837,0.13501842572364697,0.04605,0.8477177958563847,0.054322323095127655,0.0,1.1725637928644812,0.0,0.0,0.9147027971321499,0.0,176.142983,1.023714041219929,172.06268147899556,0.0,0.5043800323047777,0.0,0.089167,0.553454117288906,0.16111001294341143,0.248983,1.4262531042629136,0.1745713991828079
4,2019-03-20 21:00:00,2019-03-20 18:00:00,165.166933,18.57592766666667,0.5488873715548661,0.29496045980782876,300.91170000946204,62.9774740020921,20,0.297033,0.4467206607794646,0.6649188767802215,0.1653,0.17345837952203963,0.952966356860246,0.0,0.2206650264832046,0.0,0.175883,0.5488873715548661,0.32043550118809566,0.6577,0.24747974853273005,2.6575911924082822,165.166933,0.3706251551389995,445.64415207612035,0.217967,0.1566328129090163,1.3915794267616903,0.20645,0.20032123564666385,1.0305946812555926,0.296083,0.2898537477034743,1.02149101864606
5,2019-03-19 20:00:00,2019-03-19 17:00:00,132.844,16.006744444444443,0.21096774561471132,0.16406074093685466,629.6856892850411,97.56536992134713,20,132.844,0.21096774561471132,629.6886740336691,10.083767,0.13387526445157236,75.32210704724824,0.176,0.20586232625584283,0.8549403050136996,0.1145,0.18116858371185965,0.6320080317131972,0.2179,0.1333749865430011,1.6337396212575994,0.0,0.15775039142237662,0.0,0.168333,0.15867591438526213,1.0608604377806872,0.159233,0.08606213475554975,1.8502097403496236,0.296967,0.20880932129151608,1.4221922573341832
6,2019-03-29 02:00:00,2019-03-28 23:00:00,129.982067,15.2802,0.5592516451202311,0.35871050490982553,232.42101424849903,42.59746283811334,20,129.982067,0.3685480609766689,352.68688337564896,7.207683,0.310940760282713,23.180244987651808,0.0,0.5592516451202311,0.0,0.0,0.39752633005606947,0.0,0.0,0.22079827774333632,0.0,0.0,0.2812612902721829,0.0,0.0,0.3878439989675566,0.0,0.11805,0.17130100247112143,0.6891378234631249,0.214,0.5309231782985502,0.40307149649372237
7,2019-03-29 22:00:00,2019-03-29 19:00:00,129.832233,14.714149999999998,0.5489411529241357,0.402984600624065,236.51350567341643,36.512843082267985,20,129.832233,0.5489411529241357,236.51393652744224,1.652683,0.3155091318090142,5.23814632725246,0.076633,0.5006752609977385,0.15305929006215896,0.03835,0.4485059597331953,0.08550611015919038,0.206217,0.3374578726972274,0.6110896105393908,0.0,0.38760297588736137,0.0,0.3078,0.37915676436190265,0.8118014207606407,0.112417,0.20422917243202157,0.5504453583261638,0.201017,0.5047831147739887,0.398224493087498
8,2019-04-14 23:00:00,2019-04-14 20:00:00,98.166567,11.756898333333332,0.23504956843473487,0.10214835349172452,417.64020250500835,115.09518104082568,20,0.522967,0.14409860867091334,3.6292300447836463,3.59315,0.04289464758991742,83.76686141243846,0.504067,0.049818073478528554,10.118155215641798,0.439817,0.23504956843473487,1.8711670177863864,0.74645,0.07236345663018906,10.315289439733467,98.166567,0.14981748550119536,655.2410532829077,0.770983,0.03709835467637491,20.78213459129442,0.289017,0.09105694845054228,3.174024661687186,0.779067,0.09713803799312495,8.020205226454536
9,2019-03-20 19:00:00,2019-03-20 16:00:00,84.8047,9.682457444444445,0.6036353838517293,0.3396689804056469,140.48970915051817,28.505484743989694,20,0.960483,0.42194626128276463,2.2763159390961833,0.155783,0.16474424783647143,0.9456050942345098,0.16505,0.3423721218602328,0.48207780208044704,0.188517,0.6036353838517293,0.3123027659463802,0.200267,0.2050200766439001,0.9768165307432026,84.8047,0.41242912036278007,205.62248350796438,0.1812,0.16600157509272578,1.0915559078206616,0.215417,0.20112841508874055,1.0710420996702785,0.2707,0.5397436216314775,0.5015344121747245
10,2019-03-23 05:00:00,2019-03-23 02:00:00,70.0527,8.363992444444445,0.8107635374513944,0.35320057199357763,86.40326107529053,23.6805074146061,20,70.0527,0.587274568118141,119.28440937682086,1.042083,0.16381911004313407,6.361180937471925,0.170783,0.17083096084450794,0.9997192496941371,0.2516,0.8107635374513944,0.3103247597824828,2.68685,0.30375725412056154,8.845385463398964,0.28635,0.5025278754799402,0.5698191363544179,0.214183,0.1348697743477534,1.5880726503459726,0.20005,0.2772782241423386,0.7214775001491134,0.371333,0.227683843394427,1.6309150199855118
11,2019-10-08 19:00:00,2019-10-08 16:00:00,65.975683,8.021174,0.3744277398179299,0.14438328928842703,176.20357623210603,55.5543407079189,20,0.309467,0.19894448129341832,1.5555445317609726,4.519433,0.05173791158896923,87.35244352158128,0.14045,0.07560558741090062,1.8576669371892252,0.13275,0.3744277398179299,0.35454103925246383,65.975683,0.09634418856459213,684.7915165715248,0.1486,0.21898711333791693,0.6785787425340265,0.7561,0.045330698107052515,16.679646058271636,0.0,0.10595180304031865,0.0,0.208083,0.1321200804347446,1.5749536279065028
12,2019-04-04 21:00:00,2019-04-04 18:00:00,64.103517,7.245138888888889,1.5573717710003754,0.7154230153468267,41.1613187244973,10.127055750814508,20,0.124683,1.000189178848592,0.12465941707501162,0.22395,0.25696648478647033,0.8715144318765702,0.0,0.5685764760705699,0.0,0.268083,1.1326414738600474,0.23668831328096426,0.174633,0.45647164348733293,0.38257140939981754,64.103517,0.8491648639207786,75.49007233297446,0.182667,0.24093421394038944,0.7581613130511817,0.128717,0.3764910322068842,0.34188596537212923,0.0,1.5573717710003754,0.0
13,2019-03-29 04:00:00,2019-03-29 01:00:00,63.61675,7.343683444444445,0.8845551488891348,0.5972647850002542,71.91940283258758,12.295503323434675,20,63.61675,0.8496576266197119,74.87339371399942,1.62625,0.39947332315642226,4.0709852341334125,0.098617,0.6982937140732675,0.1412256733985905,0.059233,0.7125383219234421,0.08312956395117822,0.273717,0.5058482245090348,0.5411049930355369,0.0,0.5939712332878446,0.0,0.156267,0.452404003171733,0.34541471539693885,0.0,0.27864146937169615,0.0,0.262317,0.8845551488891348,0.2965524538853568
14,2019-03-19 21:00:00,2019-03-19 18:00:00,63.4835,7.305614777777777,0.3179176943050041,0.18105814747225052,199.6847028413351,40.34932716612647,20,63.4835,0.3000892121154459,211.54875762604075,1.260017,0.11313092131792281,11.137688841577402,0.0,0.11688395001027488,0.0,0.1348,0.3179176943050041,0.4240091143548477,0.173333,0.1675985383163298,1.0342154635790846,0.0,0.24835215275102407,0.0,0.17895,0.10536941226364395,1.6983106971523259,0.188233,0.12203588018943982,1.5424398112079865,0.3317,0.13814556598116917,2.4010904558834305
15,2019-08-21 02:00:00,2019-08-20 23:00:00,56.081867,6.321026,0.8237505521619218,0.4675623544016853,68.08104561723022,13.519079158991541,20,0.487567,0.5917454049928589,0.823947251446564,56.081867,0.3162924661277092,177.31015754689477,0.0,0.42710061501576424,0.0,0.0,0.8237505521619218,0.0,0.0,0.3288555846199257,0.0,0.170033,0.5144217133947634,0.33053231536033145,0.0,0.2799170941924318,0.0,0.0,0.3919174802609221,0.0,0.149767,0.5340602788488705,0.2804308912896729
16,2019-03-29 21:00:00,2019-03-29 18:00:00,53.73045,6.368942555555556,0.5795387834684608,0.4145362631994299,92.71227193141274,15.36398080693537,20,53.73045,0.4718692516646033,113.86724142430602,2.12045,0.32861779352312975,6.452632942563873,0.1069,0.5516459558919715,0.1937837101101384,0.0655,0.5795387834684608,0.11302090881302441,0.53525,0.2655357915859556,2.0157357951752286,0.044333,0.39348775319906776,0.11266678477175292,0.40435,0.3916298977471989,1.0324799059672711,0.079233,0.22520849977141597,0.35182064655828077,0.234017,0.5232926419430652,0.44720101381716215
17,2019-05-16 03:00:00,2019-05-16 00:00:00,49.525867,5.567729666666667,0.5275896130593628,0.350433584153669,93.87177439115564,15.888071321822402,20,0.0,0.45734826473042156,0.0,49.525867,0.23898282845735466,207.23609022326744,0.0,0.4198153091102211,0.0,0.0,0.5275896130593628,0.0,0.292333,0.2570856268676039,1.137103631820491,0.0,0.37173386991654855,0.0,0.0,0.27549488945864054,0.0,0.0,0.18972506243063092,0.0,0.291367,0.4161267933522372,0.7001880307989871
18,2019-04-04 10:00:00,2019-04-04 07:00:00,48.75825,5.540879666666666,0.43368704812110576,0.3016490001608896,112.42700879408243,18.36857173449811,20,0.2801,0.37507448907565977,0.7467849938029202,0.064683,0.21376511789073616,0.3025891251025439,0.07005,0.38163105298637306,0.18355424552545854,0.13825,0.43368704812110576,0.31877825404044374,0.149617,0.21528678465669426,0.6949660205041652,48.75825,0.3065436799580186,159.05808270676948,0.113683,0.25890721234686653,0.43908780666834085,0.086667,0.1615081867507648,0.5366105690589061,0.206617,0.3684374296617871,0.5607926431081318
19,2019-03-29 06:00:00,2019-03-29 03:00:00,48.625183,5.6705221111111115,0.5793737808725139,0.37524031983563155,83.92699269162618,15.111667642558643,20,48.625183,0.4452111321873507,109.21825508068807,0.670633,0.2423814811556251,2.7668491701699307,0.0944,0.47157015240982464,0.20018230483332278,0.098583,0.5793737808725139,0.1701544033482805,0.924233,0.22809740008411164,4.051922554396438,0.0,0.4056899219081238,0.0,0.13385,0.29411126363407075,0.4550998773257945,0.112167,0.2056515271995371,0.5454226454208042,0.37565,0.5050762190695265,0.7437491329368839
20,2019-05-16 02:00:00,2019-05-15 23:00:00,48.044717,5.431016666666666,0.6876898699428323,0.4917847501771233,69.8638285018877,11.043460825594504,20,0.0,0.6876898699428323,0.0,48.044717,0.35516621227140954,135.27389526367833,0.0,0.5808065786462436,0.0,0.0,0.6225643713961277,0.0,0.629,0.41118828787863254,1.5297128311827242,0.0,0.5011206532012309,0.0,0.0,0.3999548666080881,0.0,0.0,0.25570251951151834,0.0,0.205433,0.6118693921380258,0.335746488776249
21,2019-03-21 05:00:00,2019-03-21 02:00:00,48.03445,5.856772222222222,1.0329768259698053,0.4354953805188608,46.50094977102063,13.448498045481628,20,0.633933,0.5120811565294429,1.23795416393837,0.2693,0.12051693837504826,2.2345406681502262,0.362367,0.2189415784155496,1.6550853548348408,0.32885,1.0329768259698053,0.3183517691127879,0.6127,0.22508605663972267,2.722069990238001,0.918983,0.5888967602904579,1.5605163111217248,0.600467,0.0933913015541438,6.429581663468712,48.03445,0.5543087208781108,86.65649337774444,0.9499,0.573259086017466,1.6570169111476736
22,2019-04-21 00:00:00,2019-04-20 21:00:00,45.3656,5.3761,0.7502328263443765,0.37285465016604963,60.46861445990844,14.418716727521169,20,2.2377,0.6035504879689763,3.7075605845836415,0.0,0.1617941952612126,0.0,0.1344,0.2461569041494813,0.5459932170676969,0.139233,0.7502328263443765,0.18558638746645353,0.144167,0.2869327776230539,0.5024417258783639,45.3656,0.5312895878931353,85.38770763398611,0.0,0.1507357046016254,0.0,0.1566,0.23675147406005553,0.661453115009016,0.2072,0.38824789359253,0.5336796500883491
23,2019-03-31 21:00:00,2019-03-31 18:00:00,43.201667,4.9929776666666665,0.10517048197617318,0.06254946085773204,410.7735879369602,79.82319551606422,20,0.657433,0.10455159796743917,6.28812005536966,0.192683,0.03650292357684469,5.278563499013179,0.0,0.0390448794797013,0.0,0.114083,0.10517048197617318,1.084743531230046,0.306983,0.05828340853206997,5.26707355886856,0.1534,0.0870277459080251,1.7626562471481237,0.31055,0.03202514386093678,9.697068070904084,43.201667,0.04850088613272376,890.7397461105694,0.0,0.05183808028567442,0.0
24,2019-10-08 21:00:00,2019-10-08 18:00:00,42.850267,5.109957555555557,0.3213276500845379,0.1098020901086641,133.3533968686782,46.53746584452774,20,0.36525,0.15718844576321062,2.3236440708257544,42.850267,0.031926756158417,1342.1428342855052,0.144417,0.03573114004949272,4.041768602959824,0.157567,0.3213276500845379,0.4903624072143988,1.946067,0.07055212722582731,27.58339225932787,0.1779,0.19768639005972977,0.8999102059896413,0.193733,0.02613397670641083,7.413070049629151,0.0,0.08631028740804042,0.0,0.154417,0.06136203752231031,2.5164907528348666
25,2019-06-04 01:00:00,2019-06-03 22:00:00,41.18345,5.1592852222222225,0.7653795234409376,0.5572973840583395,53.80781028350536,9.257671240048193,20,4.819833,0.5840943750777082,8.251805197334363,41.18345,0.5150223566103583,79.9643927519004,0.138117,0.6339711662379384,0.21786006581277662,0.0,0.7653795234409376,0.0,0.0,0.341776061313088,0.0,0.0,0.4990799775759517,0.0,0.0,0.45103281825062974,0.0,0.021167,0.5343472410302843,0.039612817985524795,0.271,0.690972936988159,0.3922005993190498
26,2019-04-04 08:00:00,2019-04-04 05:00:00,39.660483,4.5392147777777785,0.3711262696322871,0.2481086070164891,106.86491197290786,18.295199578773694,20,0.20165,0.3711262696322871,0.5433460697885799,0.086033,0.17790980690610986,0.4835764902235157,0.069667,0.24058166943588244,0.2895773404655295,0.141633,0.3629987284675322,0.3901749204409903,0.12275,0.21972664922275523,0.5586486683986979,39.660483,0.28486917069937556,139.2235000461106,0.21025,0.1926501453744304,1.0913565603148803,0.073417,0.140448728532659,0.5227316812834522,0.28705,0.2426662948773698,1.1829001639682153
27,2019-03-21 20:00:00,2019-03-21 17:00:00,39.556283,4.602994555555557,0.5357839029589814,0.2751438265410615,73.82866292339027,16.72935164153859,20,0.587367,0.30963682711723434,1.896954588601348,0.167017,0.15861999136150018,1.0529378962035294,0.0,0.2937420872237909,0.0,0.1958,0.5357839029589814,0.36544584284569315,0.183117,0.1562017155146899,1.1723110683939888,39.556283,0.31805504463633705,124.36929917344499,0.1871,0.16538357117926034,1.1313094684429148,0.19035,0.17361576512570642,1.0963866090281442,0.359917,0.3652555337520528,0.9853841126040906
28,2019-03-31 09:00:00,2019-03-31 06:00:00,39.500183,4.517390666666667,0.10907350548035871,0.04744093864123863,362.1394644517814,95.21935224501875,20,0.208283,0.06911644774910582,3.013508459752905,0.076517,0.020692121733870895,3.6978808159024825,0.165417,0.021784736974548004,7.593252110101831,0.05255,0.10907350548035871,0.4817851940172848,0.108033,0.034200125928354703,3.158848017879133,0.261833,0.07619320387151692,3.4364350978274096,0.1084,0.017077811722885507,6.347417441939363,39.500183,0.04650204924291905,849.4288669657878,0.1753,0.03232844506758801,5.422469272292748
29,2019-03-20 20:00:00,2019-03-20 17:00:00,39.334483,4.613583444444444,0.4879247151444237,0.1923668794577788,80.61572034250578,23.983127835315358,20,0.513517,0.24859203822268222,2.0657017162392184,0.1823,0.06945492511062368,2.6247238724920283,0.19745,0.10944760283246054,1.804059612911314,0.199217,0.4879247151444237,0.408294545893279,0.43255,0.11805395901589943,3.6640024917905922,39.334483,0.27703603359118906,141.98327376446747,0.1811,0.059541996681456995,3.0415506716858136,0.228967,0.1668411377961437,1.3723653711818085,0.252667,0.1944095067251298,1.299663808916705
30,2019-05-15 23:00:00,2019-05-15 20:00:00,39.08365,4.5338315555555555,0.5639479799438171,0.4019593824203844,69.30352104527908,11.279299537569635,20,0.32455,0.49230021646018046,0.6592521984524683,39.08365,0.30211080069200913,129.36859559630358,0.008867,0.5058456432492461,0.017529062705855806,0.0248,0.5639479799438171,0.04397568726546495,0.834067,0.28245370500965283,2.952933472660576,0.0,0.3914340048780928,0.0,0.52855,0.3331860887819519,1.5863507445111273,0.0,0.23299648334507256,0.0,0.0,0.5133595194234372,0.0
31,2019-12-03 21:00:00,2019-12-03 18:00:00,37.107967,4.730381444444444,0.8026282713102513,0.5187231738496471,46.23300984204469,9.11926160938,20,4.381133,0.7640694524057875,5.733946025724945,0.23865,0.2652611054516014,0.8996795802147602,0.253633,0.48228090054327183,0.5259030571484206,0.256083,0.8026282713102513,0.319055544333066,0.335967,0.40239106345717784,0.8349265938301669,37.107967,0.6079753724695984,61.03531274509901,0.0,0.27798211051585464,0.0,0.0,0.2656981884896996,0.0,0.0,0.8002221000035814,0.0
32,2019-03-31 20:00:00,2019-03-31 17:00:00,35.330133,4.1015444444444435,0.19393803550557995,0.06286381323132087,182.17133496563918,65.24388180956129,20,0.41495,0.08284444058761108,5.008785104429245,0.178983,0.018172048594994203,9.849357328336877,0.2529,0.019141640898735084,13.21203345825551,0.07515,0.19393803550557995,0.38749490167872613,0.30615,0.03651100667722379,8.385142669620823,0.140167,0.11356787169435571,1.2342134963771296,0.215467,0.014698827235486172,14.658788524285509,35.330133,0.05422388368173985,651.5603568229398,0.0,0.03267656420616199,0.0
33,2019-03-25 03:00:00,2019-03-25 00:00:00,33.26845,3.7652315555555567,2.9979129663372075,1.2704547756263083,11.097199710719764,2.9636856534414795,20,0.143467,1.6583895119274585,0.08650983316534358,0.045817,0.698938899152968,0.06555222503072132,0.03945,1.5833683394966078,0.02491523861879298,0.0,1.2151508885583606,0.0,0.0,0.9575830552073111,0.0,33.26845,1.0199680105282796,32.617150397461025,0.0,0.7233457754988055,0.0,0.166983,0.5794355339297773,0.28818218804688794,0.222917,2.9979129663372075,0.07435739546246925
35,2019-05-18 04:00:00,2019-05-18 01:00:00,30.61835,3.570812888888889,0.36584329739933563,0.24934110174461244,83.69229811057758,14.320938437208966,20,0.95605,0.3353854376390402,2.850600809415441,30.61835,0.18013345171004078,169.97592456778148,0.0,0.26501534877553673,0.0,0.013233,0.36584329739933563,0.03617122438505561,0.308733,0.1946451199034363,1.586132753562806,0.0,0.27124068416286023,0.0,0.114767,0.20984250683310796,0.5469196957853565,0.0,0.13915477738530743,0.0,0.126183,0.2828092918928468,0.44617699494756796
36,2019-03-24 07:00:00,2019-03-24 04:00:00,30.038533,3.652827777777778,0.5688639066601198,0.2825780358289086,52.80433482241004,12.926747262275441,20,0.52565,0.4440365038963201,1.1837990691925997,0.461717,0.14227372881962186,3.245272362161648,0.299367,0.20657381631090252,1.449201091146226,0.143833,0.5688639066601198,0.2528425486588942,30.038533,0.22183509853327896,135.40928914589105,0.376367,0.3975588336794606,0.9466951004878263,0.2819,0.13870312377944818,2.0323983506546623,0.247,0.1870124839353321,1.3207674418431405,0.501083,0.23634482684569352,2.1201352561321367
37,2019-05-05 22:00:00,2019-05-05 19:00:00,29.980767,3.4804925555555553,0.6638342688063309,0.37074890863950327,45.16296197083597,9.387709813139278,20,0.644433,0.566189861816652,1.1381924041032818,29.980767,0.24649709333189848,121.62726381374443,0.0,0.2698497827697965,0.0,0.0,0.6638342688063309,0.0,0.0,0.3308402542182883,0.0,0.0,0.4421853804060881,0.0,0.244833,0.2243646713736541,1.0912279482372615,0.213333,0.28581299280260625,0.7464076349647835,0.241067,0.30716587223021463,0.7848104942443773
38,2019-10-08 22:00:00,2019-10-08 19:00:00,29.359017,3.5279852222222225,0.4432745416370452,0.13904964637792883,66.23198043270165,25.371944065858088,20,0.311767,0.17957096447682921,1.7361771203285408,29.359017,0.04163020818421537,705.2334898275108,0.149783,0.04664618235387568,3.2110452011632846,0.094917,0.4432745416370452,0.2141268922177768,1.41485,0.0819382716058961,17.2672668372247,0.069883,0.23169568032034357,0.30161546345352414,0.148483,0.03487216389422584,4.2579233238974865,0.0,0.11641430651839604,0.0,0.203167,0.07540449841053248,2.6943617991313586
39,2019-03-31 10:00:00,2019-03-31 07:00:00,29.28045,3.373464777777778,0.1349823779953586,0.07173320171418095,216.91893057385784,47.02728541148436,20,0.1726,0.10420806698325775,1.6563017144126684,0.081767,0.04033579039016571,2.027157499805326,0.0869,0.0477902873558272,1.818361110762479,0.063567,0.1349823779953586,0.47092813850253673,0.112783,0.05574690263371152,2.023125854023634,0.288883,0.09744293056854951,2.964637848168734,0.11475,0.03498085904857591,3.2803654089984833,29.28045,0.06142146151451769,476.71366454019034,0.159483,0.06869013893766461,2.3217743109346265
40,2019-04-10 03:00:00,2019-04-10 00:00:00,29.197417,3.4956612222222225,0.5705690463119928,0.2562603152464991,51.17236207670564,13.641002423091944,20,1.085533,0.34562579909711627,3.1407753785618873,0.300667,0.12093091969868522,2.486270680394643,0.1361,0.1949284768142883,0.6982048093961397,0.173167,0.5705690463119928,0.3034987634175138,0.1386,0.16711427754323968,0.8293725828670635,29.197417,0.3497826616243443,83.4730254050074,0.0,0.11276694339336528,0.0,0.157,0.17834067244262786,0.8803376024642211,0.272467,0.2662840402928324,1.0232194152543583
41,2019-04-01 06:00:00,2019-04-01 03:00:00,28.751083,3.5535813333333333,0.3907839885023345,0.13231927989486467,73.57263929248462,26.855908528585626,20,0.4468,0.19035333319753484,2.3472139546741926,0.466167,0.03511614556965645,13.275004771674338,0.247283,0.04172575940107223,5.926387046023314,0.11645,0.3907839885023345,0.2979907146305825,0.304583,0.08072990595058877,3.772864546459671,0.643183,0.24273162381114383,2.6497701037110244,0.3337,0.027280588194758742,12.23214095010282,28.751083,0.10817205298060706,265.79030542347624,0.672983,0.07398012144608579,9.096808532417013
42,2019-04-15 00:00:00,2019-04-14 21:00:00,27.967233,4.110238777777778,0.1981932749523209,0.08562622687761176,141.11019607770208,48.00154025369293,20,1.68035,0.09723535491648588,17.281265661479097,3.08195,0.02852992434182206,108.02517255477488,0.44025,0.038818485292816965,11.341246230477328,0.516283,0.1981932749523209,2.604947116011891,2.352233,0.046918607704347116,50.134330814383055,27.967233,0.11453832924872506,244.17357214341683,0.0,0.022737415473620497,0.0,0.303283,0.1326529819633831,2.2862885968422244,0.650567,0.09101166800498438,7.1481713747337405
43,2019-05-05 23:00:00,2019-05-05 20:00:00,26.909233,3.223224,0.6514385747401243,0.3344587419351412,41.30733538983223,9.637106042571341,20,1.017717,0.5159808623212541,1.9723929205854165,26.909233,0.2006187787735764,134.1311773728344,0.24735,0.23270733368572902,1.062923097791348,0.0,0.6514385747401243,0.0,0.0,0.28337171242935905,0.0,0.166933,0.42420357133460834,0.3935209679513155,0.200517,0.18060247742215818,1.1102671616806874,0.199183,0.24385361988683582,0.8168137921939976,0.268083,0.2773517468226256,0.9665812567297324
44,2019-03-22 18:00:00,2019-03-22 15:00:00,26.852533,3.1239630000000003,0.8478835436367396,0.3909126090582076,31.670034796039957,7.991440890293583,20,26.852533,0.449804578764748,59.69822066672231,0.219267,0.1634012736811355,1.341892844898394,0.092683,0.4216411765185102,0.2198148690440607,0.1097,0.6116297717378771,0.1793568676166626,0.16815,0.21805936077048027,0.7711203013980552,0.086867,0.42779395014963467,0.2030580375660186,0.190267,0.18715267349946615,1.016640566454653,0.13215,0.19084715276527708,0.692438939146927,0.26405,0.8478835436367396,0.31142248482313684
45,2019-03-21 03:00:00,2019-03-21 00:00:00,25.04245,2.9799369999999996,0.7665539862264305,0.41131741157030455,32.66882408955172,7.244842234568083,20,0.449917,0.5156397924947154,0.8725412711522086,0.168883,0.2614146059819349,0.646035057473685,0.29245,0.36914145155361155,0.792243728709309,0.0,0.7665539862264305,0.0,0.0,0.2818456444700896,0.0,0.46165,0.4583379171392443,1.007226290334931,0.0,0.2322239766820214,0.0,25.04245,0.3362420248457287,74.47745418345531,0.404083,0.4804573047389642,0.8410383108225218
46,2019-01-24 23:00:00,2019-01-24 20:00:00,24.701317,3.173535333333333,0.7860190878682118,0.3669085739109189,31.425808807244564,8.649366380676206,20,1.410067,0.452426920461703,3.116673513947893,24.701317,0.20567846860087968,120.0967566903323,0.350617,0.27401451310724556,1.2795563126350658,0.266783,0.7860190878682118,0.3394103325449143,0.346733,0.23185363997258301,1.4954822362978715,0.2207,0.44216490704055456,0.4991350432515392,0.337667,0.1646796211216204,2.0504480013991753,0.377767,0.34481935642191847,1.0955504468193689,0.550167,0.4005206506035536,1.3736295473677598
47,2019-03-30 11:00:00,2019-03-30 08:00:00,24.651383,3.0882387777777778,0.7162664937282732,0.4081684260855101,34.41644806702881,7.5660708039675715,20,0.126033,0.7162664937282732,0.1759582517171501,0.046783,0.311532899067568,0.1501703355890297,0.06835,0.31242689761436826,0.21877117662373968,2.2636,0.5242063394577526,4.318146938744586,0.16215,0.4547004144012859,0.3566084280206924,24.651383,0.458854053035043,53.72379918395829,0.11805,0.29758540995934757,0.3966928352304857,0.08755,0.24575423881148367,0.3562502133163977,0.27025,0.3521890886944686,0.7673434773399455
48,2019-10-18 19:00:00,2019-10-18 16:00:00,24.404617,3.2761055555555556,0.39067832584017176,0.17222151050333548,62.467131956667735,19.02251654549018,20,1.9697,0.22292888727956137,8.835553005429578,24.404617,0.06968020053958669,350.2374679036013,0.280633,0.12335387773311125,2.2750237378607445,0.1661,0.39067832584017176,0.42515795992212846,1.662233,0.1126735780189699,14.752642360573159,0.060567,0.22811851177371004,0.265506729502433,0.394633,0.06482928399244578,6.087264515307381,0.1623,0.12589379511102167,1.2891818842769247,0.384167,0.21183713424144082,1.8135016855078234
49,2019-04-04 18:00:00,2019-04-04 15:00:00,24.390217,2.8642427777777772,0.9579885412229969,0.5092394136527462,25.459794653773304,5.624539413972984,20,0.12815,0.5885136341383983,0.21775196455323495,0.120217,0.2282883288234095,0.526601603417899,0.09835,0.5324381293592242,0.18471629768206446,0.181667,0.8660724465223146,0.20975958850726384,0.192167,0.2897166520178079,0.66329290588443,24.390217,0.5556995011999744,43.89101834234492,0.288917,0.2526463968215602,1.1435627170414668,0.113433,0.3117910927690297,0.3638109061827161,0.265067,0.9579885412229969,0.2766912009841031
51,2019-09-24 23:00:00,2019-09-24 20:00:00,23.501067,2.8959222222222225,0.7336249611071611,0.4783044556418592,32.034126715653656,6.054545663369147,20,1.778217,0.5762341414389864,3.0859278757058575,23.501067,0.3551906157651202,66.16466189394131,0.069433,0.5791901137014404,0.11987946333592145,0.0207,0.7336249611071611,0.028216051930349102,0.41875,0.3203422802114829,1.3071955401065087,0.06455,0.4913763952577036,0.1313656916021507,0.085133,0.3929218038424022,0.2166665203291853,0.0,0.28414227673783404,0.0,0.12545,0.5717175127146018,0.21942654756952312
52,2019-05-15 22:00:00,2019-05-15 19:00:00,22.915033,2.6371185555555554,0.676438362223515,0.460610118127298,33.8759603295058,5.725260315637326,20,0.244,0.5786454304246249,0.4216744610269306,22.915033,0.3353694640236859,68.32772645747377,0.009067,0.5502467550740517,0.01647806173573849,0.027717,0.676438362223515,0.04097490850295905,0.1704,0.3347704319414906,0.5090055265985426,0.0,0.4624462293113022,0.0,0.2676,0.3670983850637225,0.7289598943715017,0.0,0.2654461579050379,0.0,0.10025,0.5750298471782513,0.17433877648602106
53,2019-05-08 04:00:00,2019-05-08 01:00:00,22.3125,2.5593185555555555,0.21084515135692306,0.0815172160296682,105.82360577324039,31.39566443191179,20,0.0,0.08052051910753037,0.0,22.3125,0.030839717315945966,723.4988495975322,0.0,0.041048389376926654,0.0,0.108517,0.21084515135692306,0.5146762887437718,0.352283,0.04444200255165016,7.926803019071415,0.137367,0.09400397666727577,1.4612892440306684,0.0,0.026761694627051236,0.0,0.0,0.12887056606450942,0.0,0.1232,0.07632292719920111,1.6141938539444483
54,2019-12-31 21:00:00,2019-12-31 18:00:00,22.178783,3.3048222222222225,0.32005055236643426,0.10407955880108465,69.29753296308655,31.7525411113356,20,2.017283,0.14208154610982668,14.198064810194799,0.713217,0.0313702377546517,22.735466832547086,0.721767,0.033275675788917644,21.690528678620623,1.461933,0.32005055236643426,4.567819018559901,0.5945,0.06483463039942258,9.169482363630388,22.178783,0.1824175935455157,121.58247770364369,0.81735,0.02600005901032991,31.436467112450174,0.483217,0.08342214163440556,5.792431008516667,0.75535,0.053263592600257814,14.181356591337847
55,2019-04-04 22:00:00,2019-04-04 19:00:00,21.89115,2.537259333333333,1.3179748663560995,0.7455678787194593,16.609674394512247,3.4031186195582155,20,0.163067,1.019937701786444,0.15987937274441807,0.11205,0.33254681216533954,0.3369450432268455,0.0,0.5574861146209725,0.0,0.281883,1.3179748663560995,0.21387585392985703,0.151317,0.5206696223405723,0.2906199891589275,21.89115,0.8697697319864012,25.16890298079753,0.125567,0.28969693948121894,0.4334426184303563,0.1103,0.6699699325785968,0.16463425392162695,0.0,1.1320591871594892,0.0
56,2019-07-06 01:00:00,2019-07-05 22:00:00,21.207083,2.5112832222222226,1.8524922946637021,0.8612831654698986,11.447859520511729,2.9157429370039782,20,1.301583,0.9805909113030109,1.3273455678581134,21.207083,0.5903060003327276,35.92557586751036,0.092883,1.1601516258502802,0.08006108678417413,0.0,0.875004785974895,0.0,0.0,0.5228266920643369,0.0,0.0,0.7109799688174453,0.0,0.0,0.6750842759321883,0.0,0.0,0.38411193429050106,0.0,0.0,1.8524922946637021,0.0
57,2019-09-19 11:00:00,2019-09-19 08:00:00,20.99205,2.5463167777777773,1.179068213149012,0.618449800843916,17.803916653828363,4.1172503524987984,20,0.656117,0.6751522879392681,0.9718059343361355,0.0608,0.2333864665446328,0.2605121063794529,0.138417,0.47545383576985345,0.29112605596266905,0.030617,1.179068213149012,0.02596711509865001,20.99205,0.3361282937686123,62.452493256788244,0.388033,0.7116745454020685,0.5452393970066421,0.085217,0.20820887485838419,0.4092861077990138,0.1469,0.629671030101695,0.23329642460488442,0.4187,1.1173046600617171,0.37474112027499473
58,2019-09-11 02:00:00,2019-09-10 23:00:00,20.9175,2.375787111111111,0.4171474517618164,0.31424283077180415,50.14401926138152,7.560330159150673,20,0.0,0.3899388499003254,0.0,20.9175,0.24799513996666922,84.34641099342242,0.0,0.4171474517618164,0.0,0.0,0.36923134775773364,0.0,0.2274,0.23768663723902517,0.956721852946741,0.0,0.28943414432302544,0.0,0.126817,0.30958462421339006,0.409635976987629,0.0,0.15519512945390612,0.0,0.110367,0.41197215233034584,0.2678991756498644
59,2019-11-19 01:00:00,2019-11-18 22:00:00,20.769983,2.597746222222222,0.49490804070159466,0.15089424610442995,41.96727336109275,17.215560392302894,20,0.0,0.16902692947246659,0.0,0.47725,0.026405102412718498,18.07415826458313,0.282983,0.052339003308721335,5.406732687109578,0.0,0.49490804070159466,0.0,1.8495,0.06468394858018091,28.59287413023955,20.769983,0.27349630501881034,75.94246291031791,0.0,0.021952028578722707,0.0,0.0,0.11416593298295558,0.0,0.0,0.14107092388369882,0.0
60,2019-09-25 23:00:00,2019-09-25 20:00:00,19.685033,2.6200222222222225,0.45214539788707925,0.29779480734892866,43.53685684988298,8.798049393463526,20,2.781483,0.4273230055316683,6.509087889006407,19.685033,0.20578741172555343,95.65712904855799,0.08845,0.3015649105534527,0.29330335494826126,0.042367,0.45214539788707925,0.09370215907976778,0.81605,0.24428432362776933,3.340574572617539,0.0,0.34224552485398546,0.0,0.104517,0.23168319272062846,0.4511203370976944,0.0623,0.17083091026975408,0.3646880994875219,0.0,0.3042885889704672,0.0
61,2019-10-06 23:00:00,2019-10-06 20:00:00,18.6932,2.1563851111111116,1.176080852314461,0.6742643312854965,15.894471939357679,3.198125442694692,20,0.202583,1.176080852314461,0.1722526130761572,18.6932,0.3874052264335512,48.25231753347631,0.0,0.5010912537954082,0.0,0.0609,0.9920542369694333,0.06138777269480723,0.1837,0.6575163350013044,0.27938469391735427,0.084483,0.7725840622977921,0.10935120736083224,0.1826,0.34201795302615384,0.5338901025059253,0.0,0.4213733158854102,0.0,0.0,0.8182557458459544,0.0
62,2019-05-15 21:00:00,2019-05-15 18:00:00,18.450767,2.1177815555555553,0.4223931440728219,0.24931733062281117,43.68139866261744,8.49428740464136,20,0.203767,0.4223931440728219,0.48241076556126566,18.450767,0.19953458691454565,92.46901645127758,0.056917,0.21484703101433864,0.2649187178956242,0.031,0.2918444010327557,0.10622098587569154,0.091183,0.27036998143904245,0.337252676923226,0.0,0.2828337903929667,0.0,0.123417,0.20344650477994147,0.606631213121574,0.0,0.14586560397024975,0.0,0.102983,0.21272093198863812,0.484122549846202
63,2019-12-31 22:00:00,2019-12-31 19:00:00,18.37555,2.799664777777778,0.516854321784016,0.15574828251478673,35.55259900695923,17.975458586860455,20,2.4167,0.20241709839095914,11.939208788243063,0.47845,0.03725007129423642,12.844270718859777,0.530433,0.04498557733105588,11.79117911717484,0.74425,0.516854321784016,1.4399608722068662,1.446667,0.08513416499446161,16.992790145931572,18.37555,0.2717759779418755,67.61285577612736,0.60865,0.029049445658128097,20.952207045978465,0.596283,0.13117976585231805,4.545540969110239,0.0,0.08308811938602974,0.0
64,2019-06-01 23:00:00,2019-06-01 20:00:00,18.24235,2.200961111111111,0.5429786009076935,0.33456334349423106,33.59675017165368,6.578588405817557,20,0.791317,0.519480652168204,1.5232848359168099,0.11895,0.22866771010654344,0.5201871306822352,0.146433,0.2813016093070104,0.5205551449234126,0.138317,0.5429786009076935,0.2547374790991329,0.2082,0.30441757102579514,0.683928983791668,18.24235,0.38736878883884057,47.09297838548752,0.163083,0.2233851238965625,0.7300530901758474,0.0,0.21586746941361556,0.0,0.0,0.30760256578381484,0.0
66,2019-04-12 05:00:00,2019-04-12 02:00:00,18.0658,2.2427202222222222,0.7369966958933687,0.3540491854687142,24.512695359381176,6.33446984148071,20,0.389783,0.5062381481904773,0.7699597539088266,0.081583,0.17367732257802518,0.4697389318824197,0.179183,0.25086614141942154,0.7142574082981771,0.11295,0.7369966958933687,0.1532571321274173,0.371433,0.2548190302028976,1.457634462011136,0.408,0.4695574021637418,0.8689033505167152,0.157933,0.1495850376584946,1.0558074689299068,18.0658,0.2626746367984427,68.77633950575279,0.417817,0.38202825431355825,1.0936808869038972
67,2019-04-11 21:00:00,2019-04-11 18:00:00,18.062117,3.1535055555555562,0.7135368662912768,0.3904172376204159,25.313466675399642,8.07724960487515,20,18.062117,0.6172785813114636,29.260884059228843,9.262883,0.25943121114983847,35.70458218556471,0.066183,0.2687576414758604,0.2462553237056313,0.097783,0.7135368662912768,0.13703987084541677,0.230817,0.35864576607316667,0.6435793248787759,0.11345,0.4995368725268817,0.2271103620962332,0.1466,0.24046792504856448,0.6096447165267174,0.1281,0.27905064193869955,0.4590564605407371,0.273617,0.2770496327679916,0.9876100439704745
68,2019-10-10 22:00:00,2019-10-10 19:00:00,17.954783,2.333111111111111,1.2934054998341349,0.7883290163664785,13.881778854754868,2.9595614307124083,20,17.954783,0.8266005838942341,21.72123193454865,2.025117,0.7695838915065509,2.6314441120065486,0.05315,1.1240974932428898,0.04728237570094429,0.0,0.7171543031714288,0.0,0.8302,0.5105994294600735,1.6259320949063414,0.032733,0.5887141427337553,0.05560083854619308,0.102017,0.8364869520429399,0.12195886588648558,0.0,0.4283188514122996,0.0,0.0,1.2934054998341349,0.0
69,2019-03-21 07:00:00,2019-03-21 04:00:00,17.797417,4.243701888888888,0.9854636731572647,0.4571417328425063,18.059923896591886,9.283100406084587,20,0.498883,0.48987872959663076,1.0183806110765075,0.394333,0.10755795950225004,3.666237271745108,0.821917,0.2993613792253254,2.74556792237837,0.37345,0.9854636731572647,0.37895866704403947,0.944367,0.2045342179037972,4.617158975542095,0.521133,0.5741627811735865,0.9076398141565465,0.506967,0.09998939419905815,5.0702077361398326,16.33485,0.4079658545879759,40.03974797473514,17.797417,0.9453616062366683,18.826041678219447
70,2019-04-01 05:00:00,2019-04-01 02:00:00,17.7131,2.32645,0.2931514038556947,0.10960676136103081,60.422837292234306,21.22523050477272,20,0.7673,0.16588715344010557,4.6254335196428435,0.255533,0.03259657572016136,7.839259012778753,0.286833,0.03895008863043414,7.364116747500272,0.144617,0.2931514038556947,0.49331846308056043,0.36905,0.07347568008150258,5.022750379317794,0.56565,0.19768964334965444,2.861303153850769,0.27865,0.02571029331843718,10.838071606136696,17.7131,0.0895650506366347,197.76798956840906,0.557317,0.0694349632166526,8.026460650105717
71,2019-08-02 03:00:00,2019-08-02 00:00:00,17.363133,2.060425888888889,0.462395429039287,0.3341574536670895,37.55031810274807,6.166014554704698,20,0.0,0.4081557440437773,0.0,0.0,0.23239459824735095,0.0,0.0,0.44408962816294,0.0,0.746867,0.45482719389745274,1.6420895892350529,0.0,0.22924403360062728,0.0,17.363133,0.3285244821454619,52.85186932373602,0.106383,0.2738528216150025,0.388467788546503,0.1306,0.17393315225190575,0.7508631811079537,0.19685,0.462395429039287,0.4257178761671427
72,2019-04-20 23:00:00,2019-04-20 20:00:00,17.233583,2.0986628888888887,0.6950919546729698,0.28463122234840044,24.793206267078517,7.373244222223187,20,0.43845,0.36874609584291274,1.1890295380558589,0.245867,0.14089052124338622,1.7450925571867857,0.146983,0.1796860262997734,0.8179990566143727,0.162683,0.6950919546729698,0.23404529272179517,0.1599,0.1838249002697574,0.869849513125543,17.233583,0.39971996949199906,43.11414068679637,0.135383,0.12186055779383777,1.110966521497787,0.1732,0.23916788944467787,0.7241774821952552,0.191917,0.23269308607629,0.8247645137899745
73,2019-08-20 23:00:00,2019-08-20 20:00:00,17.124,2.1323445555555556,1.033531123428559,0.5037299033861271,16.56842551075643,4.233102518074099,20,1.0957,0.6159017900232805,1.779017398144895,17.124,0.2330229103314238,73.48633649646241,0.070933,0.3674910914797813,0.19301964495077453,0.084267,1.033531123428559,0.08153310344487638,0.356817,0.29561578033961405,1.207029609820138,0.1399,0.6290111702445015,0.22241258441502681,0.132667,0.190819396764791,0.6952490273487701,0.042067,0.4268076744677112,0.0985619578009309,0.14475,0.7413681933954827,0.19524711376818285
74,2019-09-25 00:00:00,2019-09-24 21:00:00,16.95175,1.9590055555555554,0.6265454247290305,0.4602788309564313,27.055856247733455,4.256118612638035,20,0.3007,0.6086859199056426,0.4940150415285013,16.95175,0.34155187980199986,49.63155234228854,0.07095,0.5961273946551706,0.11901818409308461,0.056033,0.5424125104498352,0.10330329577673374,0.0,0.36261227633321347,0.0,0.051683,0.4389555644545506,0.11774084710424318,0.081967,0.4060436776899562,0.20186744555739086,0.0,0.21957483058848282,0.0,0.117967,0.6265454247290305,0.18828163983643897
75,2019-04-05 01:00:00,2019-04-04 22:00:00,16.926133,2.0490000000000004,1.5824085630926978,0.7496835036267276,10.696429922301009,2.7331497317706455,20,0.326667,0.8647283227427749,0.3777683596205874,0.5095,0.26028832389733514,1.957444699674507,0.064067,0.6566015047920912,0.0975736417483332,0.156983,1.1363990431741762,0.13814073581188258,0.1281,0.43138966733091405,0.29694730704279004,16.926133,0.7210033079553716,23.475804914126257,0.0,0.2633744898585399,0.0,0.1157,0.8309583097966486,0.13923682889495864,0.21385,1.5824085630926978,0.13514208971546915
76,2019-03-29 23:00:00,2019-03-29 20:00:00,16.8215,2.3872795555555557,0.8457202936445639,0.48754352855395056,19.890122344571907,4.896536451011336,20,16.8215,0.4265079966807614,39.44005770328098,3.569483,0.49190303560145554,7.256476869746396,0.051517,0.7784346826891814,0.06618024754759039,0.070533,0.4253459702593676,0.16582501053669407,0.313733,0.2661725028945325,1.1786829841109199,0.056283,0.32576368382057985,0.17277248138868317,0.306367,0.6083419959601335,0.5036098149306089,0.133783,0.21970159543497872,0.608930489262621,0.162317,0.8457202936445639,0.19192752168746935
77,2019-01-10 22:00:00,2019-01-10 19:00:00,16.77465,2.4253979999999995,0.7497952270122671,0.48419691312270124,22.372278488039868,5.009104612529332,20,0.620033,0.6777404022886404,0.9148532357023867,16.77465,0.31164497936865176,53.82615190523219,0.11155,0.4914725044241376,0.22697098819537026,1.219183,0.7497952270122671,1.6260212869827368,2.281633,0.3807924621915586,5.991801904030912,0.185433,0.5243650443992911,0.3536334124110632,0.245233,0.31443743821980696,0.7799103102620061,0.22115,0.2846797288376237,0.7768378904356062,0.169717,0.6228444313623342,0.2724869830316724
78,2019-08-16 18:00:00,2019-08-16 15:00:00,16.438417,1.9137148888888886,0.9601962260924474,0.39547941436927264,17.11983387714694,4.838962485515129,20,0.114767,0.40922396514993015,0.2804503396030387,16.438417,0.19780451672650534,83.1043561190698,0.051183,0.40857150062885494,0.1252730548293785,0.054617,0.9601962260924474,0.05688108171625066,0.285183,0.21838791808874614,1.3058552070820622,0.0,0.45063868904882537,0.0,0.1437,0.2529229436320133,0.5681572337267841,0.035117,0.18732540168757814,0.1874652326040023,0.10045,0.47424356826855263,0.2118109906408211
79,2019-01-29 18:00:00,2019-01-29 15:00:00,16.4117,1.981024,0.1595305772911053,0.10011733060372803,102.87430412634073,19.78682612918272,20,0.1414,0.15854456195231198,0.8918628192528683,0.1207,0.057051907290127477,2.115617263875181,0.2014,0.06372190100624066,3.1606087831603724,0.0,0.1595305772911053,0.0,0.18895,0.08744748123572271,2.160725470075781,16.4117,0.1377097215336857,119.1760452146835,0.26845,0.05134108583712718,5.228755793198886,0.326283,0.09221370259774289,3.538335310353175,0.170333,0.09349503668948847,1.8218400252165508
80,2019-07-05 23:00:00,2019-07-05 20:00:00,16.378633,2.111942444444445,0.8399578849132596,0.5496905103161516,19.49932704347949,3.8420503224249805,20,1.280233,0.7434674410434314,1.72197587859831,16.378633,0.3240498940668981,50.54355301415014,0.062633,0.6130219213140793,0.10217089768297247,0.0,0.7667100984236845,0.0,1.031083,0.38506254791306377,2.6777026371123203,0.0,0.6106974776880832,0.0,0.09885,0.38321478069022485,0.25794934063335695,0.0,0.2810325467926394,0.0,0.15605,0.8399578849132596,0.185783124133795
81,2019-01-05 23:00:00,2019-01-05 20:00:00,16.355083,2.3664501111111114,0.7931126761377173,0.2788397118444897,20.621360458245434,8.4867453373555,20,1.5117,0.36007632965227904,4.1982765194808245,16.355083,0.09844730989960503,166.13031901713362,0.413067,0.14159526281146048,2.9172374258735942,0.877667,0.7931126761377173,1.1066107331357298,0.3405,0.16173150242492748,2.1053412284848667,1.209067,0.45462764924880883,2.659466493069147,0.0,0.09363764761187397,0.0,0.0,0.19344746645616634,0.0,0.590967,0.21288156235756836,2.7760365597438503
82,2019-04-04 23:00:00,2019-04-04 20:00:00,16.202467,1.9471647777777774,3.9889392065401412,1.2578724296174366,4.06184754873862,1.5479814836139583,20,0.2166,1.1674865918988715,0.1855267559413325,0.182583,0.45360363507105655,0.402516615572092,0.107217,1.3986173385166543,0.07665928131114993,0.1832,1.5566264898263193,0.11769040370143036,0.15175,0.5430291174934595,0.2794509449151734,16.202467,1.041249439646018,15.560600931039323,0.1388,0.4674041380580453,0.2969592879016465,0.086433,0.7038959095063645,0.12279230328332869,0.255433,3.9889392065401412,0.06403532036316822
83,2019-01-10 23:00:00,2019-01-10 20:00:00,15.766433,2.214696333333333,0.6011983695869594,0.3089873695726407,26.2249659556895,7.16757182931015,20,0.544233,0.41337302618622535,1.3165663106301038,15.766433,0.17201607701542715,91.65674089048082,0.125017,0.2896691072163123,0.4315855466998168,0.877667,0.6011983695869594,1.459862575148004,1.91995,0.21724383206200976,8.837765297069389,0.0754,0.37522267293753153,0.2009473452382577,0.231,0.17402251072976221,1.3274144766174392,0.18695,0.1853028415102675,1.0088890082651067,0.205617,0.35283788890927115,0.582752041272054
84,2019-08-16 05:00:00,2019-08-16 02:00:00,15.043733,1.9774017777777777,0.30121838972207465,0.17599530952871112,49.94277763420331,11.235472965728265,20,0.819383,0.2649662766662726,3.0924048535882935,0.0,0.1019894277058565,0.0,0.217783,0.13964233051279637,1.559577237075996,0.241433,0.30121838972207465,0.8015214483510225,0.5954,0.14095954305318825,4.2239069956075115,15.043733,0.23465346155510242,64.11042436920268,0.225167,0.09548479959605627,2.3581449712682843,0.221217,0.1149292365963818,1.9248104881866444,0.4325,0.19011432035067144,2.2749469855939366
85,2019-08-14 22:00:00,2019-08-14 19:00:00,14.65735,1.8660906666666668,0.38675994619206766,0.1241405100950426,37.89769919717043,15.031963645665257,20,1.009783,0.1672478846395708,6.037642880662694,0.0,0.034340406366128014,0.0,0.0,0.04045736666604004,0.0,0.271433,0.38675994619206766,0.7018125911756241,0.5761,0.07412340370123932,7.772174120902758,14.65735,0.21657227751324695,67.67879143305154,0.28015,0.028062493803704094,9.983075700956476,0.0,0.09914279017300635,0.0,0.0,0.07055802180038007,0.0
86,2019-09-18 22:00:00,2019-09-18 19:00:00,14.492317,2.190039,1.102754677344766,0.6236568502455639,13.14191103046039,3.5116033561313738,20,1.03075,0.8957360636680032,1.1507295974878138,0.198517,0.32743019884308733,0.6062879987900391,0.208117,0.5030397329403165,0.41371881060674026,2.48145,1.102754677344766,2.250228496853791,0.958317,0.47373002106883255,2.022918027947309,14.492317,0.7342298355306552,19.738120543039308,0.232533,0.2972458931632782,0.782291716549533,0.10835,0.45764373729041047,0.23675621705545927,0.0,0.8211014923607262,0.0
87,2019-05-18 05:00:00,2019-05-18 02:00:00,14.4681,1.7844110000000002,0.665460237808595,0.43870197128231575,21.741461677984955,4.067469602004792,20,0.539083,0.665460237808595,0.8100904747896528,14.4681,0.3378524079683211,42.823729115929844,0.037833,0.46036688535287495,0.08218010722252687,0.025067,0.5336472606123209,0.04697297606519607,0.71255,0.40211651864296083,1.7719988286098562,0.0,0.4581532033250066,0.0,0.130483,0.3631944635354727,0.3592648377120867,0.0327,0.2424221901804373,0.13488864190056635,0.113883,0.48510457411485264,0.23475969116101805
88,2019-04-03 16:00:00,2019-04-03 13:00:00,14.4623,1.6970814444444446,0.22097079400772848,0.13541682605415425,65.44862463077158,12.532186447637798,20,0.1859,0.22097079400772848,0.8412876499574787,0.10785,0.09549796095831953,1.1293434845909598,0.083683,0.10930469194205737,0.7655938506680071,0.0,0.18114659752764736,0.0,14.4623,0.13322485766983547,108.55556727890226,0.054417,0.16811962141033784,0.32368024352839664,0.23655,0.0925624722068252,2.5555713277778866,0.0,0.08907730456124932,0.0,0.143033,0.12884713420338764,1.1100984192183871
89,2019-06-04 00:00:00,2019-06-03 21:00:00,14.437767,2.6870943333333326,0.630214923186722,0.47428399484109945,22.90923867330204,5.665568935474323,20,14.437767,0.580996745971573,24.849996321160823,7.377883,0.376003972042844,19.62182197149588,0.135433,0.630214923186722,0.21489970328721253,0.0,0.5880697694342675,0.0,0.127533,0.3364999392110414,0.37899858258225605,1.5369,0.4506953150301923,3.4100642912097774,0.0,0.44554780540953115,0.0,0.0,0.24597295632837815,0.0,0.568333,0.6145545269553455,0.9247885664688886
90,2019-04-10 05:00:00,2019-04-10 02:00:00,14.247567,1.8104426666666669,0.7883603318976258,0.3943505477486389,18.072381817237765,4.590935871819247,20,0.772417,0.5397656468562644,1.4310228976200277,0.140883,0.21712258098176915,0.6488638784734664,0.12865,0.29899013553847037,0.4302817541732807,0.179567,0.7883603318976258,0.22777274900142752,0.200817,0.28217128076116926,0.7116847591940875,14.247567,0.4872260432755021,29.242211488156656,0.1619,0.18301290628870467,0.8846370634899439,0.13235,0.3222928752471209,0.4106513366096581,0.329833,0.4302131288911235,0.7666734877434963
91,2019-11-01 21:00:00,2019-11-01 18:00:00,14.083133,1.9082796666666668,0.3076922302238046,0.18036535923375732,45.77004502099853,10.580019881609461,20,1.388117,0.3076922302238046,4.5113813858423795,14.083133,0.1300254606104672,108.31057958864322,0.16805,0.14410233512451562,1.1661851270820265,0.099483,0.2503275087744132,0.39741137714773,0.820517,0.18668317568691328,4.395238065673849,0.0,0.21540408581305398,0.0,0.183833,0.12670409083803427,1.4508844882916492,0.170867,0.1082575627532368,1.5783377683227147,0.260517,0.15409178327937695,1.69066120500188
92,2019-10-06 20:00:00,2019-10-06 17:00:00,14.014917,1.7970814444444443,0.3316942191239285,0.17048661961952727,42.252393739699116,10.54083251590317,20,0.46625,0.2577746900835648,1.8087501137091937,14.014917,0.10633037959190528,131.80538858028237,0.045633,0.12387863352742486,0.3683686096674415,0.090717,0.3316942191239285,0.2734958729145233,0.63015,0.1464875960587442,4.301729408866115,0.119233,0.21186500850827247,0.5627781616205134,0.672233,0.09927588822904482,6.771362230968456,0.0,0.11192658791727152,0.0,0.1346,0.1451465735355889,0.9273384601600466
93,2019-10-06 22:00:00,2019-10-06 19:00:00,13.76165,1.7608963333333332,0.4629705873220163,0.22221270854279357,29.724610271662723,7.924337093695651,20,0.24275,0.32134909651856525,0.7554090010829566,13.76165,0.12155056679522802,113.2174893366295,0.0,0.16217775892832026,0.0,0.02745,0.4629705873220163,0.05929102355892713,0.919567,0.17053395274996994,5.3922810394727225,0.194633,0.28009676380076776,0.6948777178248373,0.702017,0.1108731587149044,6.331712816130218,0.0,0.15418628366381035,0.0,0.0,0.21617620839156004,0.0
94,2019-10-07 00:00:00,2019-10-06 21:00:00,13.59005,1.6326685555555556,0.7913163984959684,0.4646160542168304,17.173955767723765,3.5140090978959453,20,0.617067,0.7456981392639151,0.8275024001120775,13.59005,0.30644500798516494,44.347434762774455,0.09125,0.3266434318046165,0.2793566045270479,0.0,0.7913163984959684,0.0,0.146,0.43797878208079494,0.33334948169490786,0.0,0.5554058046492172,0.0,0.106783,0.2705945638079843,0.3946235966357917,0.0,0.35959914592514475,0.0,0.142867,0.3878632139386667,0.368343773953752
95,2019-05-15 20:00:00,2019-05-15 17:00:00,13.575583,1.6909814444444444,0.4938653784242058,0.32293407752602876,27.48837254991121,5.236289155699261,20,0.266067,0.44619181057165835,0.5963063276735548,13.575583,0.21584752558809128,62.89431839912179,0.064733,0.3506756699600817,0.18459507044605838,0.057117,0.4938653784242058,0.11565297446491449,1.003583,0.25155600683282886,3.9895012352733414,0.0,0.36805768521071835,0.0,0.138017,0.2530744971726837,0.5453611546872896,0.0,0.17958944850327743,0.0,0.113733,0.34754867547071344,0.32724337057525005
96,2019-05-26 01:00:00,2019-05-25 22:00:00,13.34205,1.4985074444444446,0.4482980912261758,0.2845454782236916,29.761492407908253,5.266301146297855,20,0.0,0.4482980912261758,0.0,13.34205,0.2197311966179659,60.719871394488706,0.039633,0.2862584685341718,0.13845179918325753,0.023717,0.32163476180828293,0.07373892009265158,0.0,0.2806016166608735,0.0,0.0,0.3043501665276393,0.0,0.0,0.2391634524772332,0.0,0.0,0.15581230366335283,0.0,0.081167,0.3050592464975296,0.2660696272343848
97,2019-09-19 22:00:00,2019-09-19 19:00:00,13.069733,1.9597260000000003,0.637728894499336,0.2854924375823465,20.49415138404431,6.864346923682775,20,13.069733,0.4091401532620302,31.94439092764773,1.9234,0.131811211398061,14.59208196024738,0.0,0.20812968833456466,0.0,0.0,0.637728894499336,0.0,2.362867,0.19336830901418564,12.219515245523807,0.063867,0.4164221075765741,0.15337081974749806,0.115567,0.1317169743804235,0.8773888144911427,0.1021,0.1915520806642794,0.5330143094553167,0.0,0.24956251911166372,0.0
98,2019-05-03 23:00:00,2019-05-03 20:00:00,12.800133,1.58815,0.3789075188316468,0.2613949692353005,33.78159203036351,6.075648391388917,20,0.065767,0.3789075188316468,0.17357005794657002,0.973117,0.19324292325652037,5.035718688172791,0.078333,0.28511961249676016,0.27473732625422287,0.02425,0.3306257599305445,0.07334576714498674,0.21195,0.22794274858481597,0.92983874817643,0.0,0.27801841443213104,0.0,12.800133,0.21479028682973111,59.59363055437857,0.0571,0.14348110184681628,0.3979618170270345,0.0827,0.3004263569087384,0.275275448036412
99,2019-01-24 22:00:00,2019-01-24 19:00:00,12.674983,1.8182536666666667,0.7814363684802158,0.32868476521355616,16.22008814942013,5.5318905139846795,20,1.432233,0.4473792272086992,3.2013846707546696,12.674983,0.1466166821227824,86.44980104914313,0.273017,0.22935652749694552,1.1903607147332484,0.266333,0.7814363684802158,0.3408249356476463,0.3125,0.21736355570253751,1.4376835113410498,0.135167,0.4516323812821033,0.29928544896689013,0.486317,0.13100491194128294,3.7122043196210055,0.3902,0.22278678788487774,1.751450360699266,0.393533,0.33058644480256083,1.1904087605135574
100,2019-04-04 13:00:00,2019-04-04 10:00:00,12.605017,1.6080406666666667,0.5091791187736106,0.33055807880238786,24.755516830389812,4.864608990600354,20,0.219217,0.5091791187736106,0.43053022387877515,0.079083,0.24819713072134852,0.3186297914490666,0.047583,0.316492653719829,0.15034472187819636,12.605017,0.4240043830827709,29.728506362018774,0.171583,0.32368447959878105,0.5300933804817689,0.908083,0.3492373538371837,2.6001886396818628,0.125083,0.2603428574284311,0.48045489411740677,0.086067,0.18747875520736124,0.4590760158654,0.23065,0.3564059768521752,0.6471552526619541
