forecast_timestamp,x,y,pinn_concentration,nn2_concentration
2026-02-01 21:15:00,0.0,0.0,9142.324186035774,9142.324186035774
2026-02-01 21:15:00,1034.4827586206898,0.0,8287.484405530035,8287.484405530035
2026-02-01 21:15:00,2068.9655172413795,0.0,7257.277092058986,7257.277092058986
2026-02-01 21:15:00,3103.4482758620693,0.0,6209.1411023020655,6209.1411023020655
2026-02-01 21:15:00,4137.931034482759,0.0,5225.191213926626,5225.191213926626
2026-02-01 21:15:00,5172.413793103449,0.0,4345.072830654855,4345.072830654855
2026-02-01 21:15:00,6206.896551724139,0.0,3588.007719505773,3588.007719505773
2026-02-01 21:15:00,7241.379310344828,0.0,2959.2409688087073,2959.2409688087073
2026-02-01 21:15:00,8275.862068965518,0.0,2453.1266589777974,2453.1266589777974
2026-02-01 21:15:00,9310.344827586208,0.0,2057.1802610615914,2057.1802610615914
2026-02-01 21:15:00,10344.827586206899,0.0,1756.183626859316,1756.183626859316
2026-02-01 21:15:00,11379.310344827587,0.0,1534.9983817032899,1534.9983817032899
2026-02-01 21:15:00,12413.793103448277,0.0,1380.1638386157035,1380.1638386157035
2026-02-01 21:15:00,13448.275862068967,0.0,1280.685577516386,1280.685577516386
2026-02-01 21:15:00,14482.758620689656,0.0,1228.1008166192614,1228.1008166192614
2026-02-01 21:15:00,15517.241379310346,0.0,1216.247852435495,1216.247852435495
2026-02-01 21:15:00,16551.724137931036,0.0,1240.6689075565228,1240.6689075565228
2026-02-01 21:15:00,17586.206896551725,0.0,1297.8097955555254,1297.8097955555254
2026-02-01 21:15:00,18620.689655172417,0.0,1384.154083482315,1384.154083482315
2026-02-01 21:15:00,19655.172413793105,0.0,1495.4581664157904,1495.4581664157904
2026-02-01 21:15:00,20689.655172413797,0.0,1626.349816165448,1626.349816165448
2026-02-01 21:15:00,21724.137931034486,0.0,1770.3522211407956,1770.3522211407956
2026-02-01 21:15:00,22758.620689655174,0.0,1920.401712749466,1920.401712749466
2026-02-01 21:15:00,23793.103448275866,0.0,2069.679061551436,2069.679061551436
2026-02-01 21:15:00,24827.586206896554,0.0,2212.5596475828675,2212.5596475828675
2026-02-01 21:15:00,25862.068965517243,0.0,2345.3618130204254,2345.3618130204254
2026-02-01 21:15:00,26896.551724137935,0.0,2466.7250873818657,2466.7250873818657
2026-02-01 21:15:00,27931.034482758623,0.0,2577.5589336695202,2577.5589336695202
2026-02-01 21:15:00,28965.51724137931,0.0,2680.556049161404,2680.556049161404
2026-02-01 21:15:00,30000.0,0.0,2779.65673526914,2779.65673526914
2026-02-01 21:15:00,0.0,1034.4827586206898,13402.074284598464,13402.074284598464
2026-02-01 21:15:00,1034.4827586206898,1034.4827586206898,12033.998569961544,12033.998569961544
2026-02-01 21:15:00,2068.9655172413795,1034.4827586206898,10479.456925366478,10479.456925366478
2026-02-01 21:15:00,3103.4482758620693,1034.4827586206898,8921.682382619107,8921.682382619107
2026-02-01 21:15:00,4137.931034482759,1034.4827586206898,7457.322947899082,7457.322947899082
2026-02-01 21:15:00,5172.413793103449,1034.4827586206898,6142.281207089355,6142.281207089355
2026-02-01 21:15:00,6206.896551724139,1034.4827586206898,5008.514737255542,5008.514737255542
2026-02-01 21:15:00,7241.379310344828,1034.4827586206898,4065.6601974254413,4065.6601974254413
2026-02-01 21:15:00,8275.862068965518,1034.4827586206898,3304.83080879793,3304.83080879793
2026-02-01 21:15:00,9310.344827586208,1034.4827586206898,2706.2307814178494,2706.2307814178494
2026-02-01 21:15:00,10344.827586206899,1034.4827586206898,2245.9900504489096,2245.9900504489096
2026-02-01 21:15:00,11379.310344827587,1034.4827586206898,1900.647339721874,2264.642466467637
2026-02-01 21:15:00,12413.793103448277,1034.4827586206898,1649.5667481488665,3052.246482793672
2026-02-01 21:15:00,13448.275862068967,1034.4827586206898,1475.747892927579,3766.085049994752
2026-02-01 21:15:00,14482.758620689656,1034.4827586206898,1365.7756913489018,3830.8061595927575
2026-02-01 21:15:00,15517.241379310346,1034.4827586206898,1309.4009912366917,2930.647723366821
2026-02-01 21:15:00,16551.724137931036,1034.4827586206898,1298.7281952047101,1298.7281952047101
2026-02-01 21:15:00,17586.206896551725,1034.4827586206898,1327.2891191155768,1327.2891191155768
2026-02-01 21:15:00,18620.689655172417,1034.4827586206898,1389.0615243964928,1389.0615243964928
2026-02-01 21:15:00,19655.172413793105,1034.4827586206898,1477.759529844413,1477.759529844413
2026-02-01 21:15:00,20689.655172413797,1034.4827586206898,1586.4942204267945,1586.4942204267945
2026-02-01 21:15:00,21724.137931034486,1034.4827586206898,1707.8920568940653,1707.8920568940653
2026-02-01 21:15:00,22758.620689655174,1034.4827586206898,1834.6801970668225,1834.6801970668225
2026-02-01 21:15:00,23793.103448275866,1034.4827586206898,1960.501646905058,1960.501646905058
2026-02-01 21:15:00,24827.586206896554,1034.4827586206898,2080.739374716616,2080.739374716616
2026-02-01 21:15:00,25862.068965517243,1034.4827586206898,2193.0233201245505,2193.0233201245505
2026-02-01 21:15:00,26896.551724137935,1034.4827586206898,2297.253091068161,2297.253091068161
2026-02-01 21:15:00,27931.034482758623,1034.4827586206898,2395.2317333130904,2395.2317333130904
2026-02-01 21:15:00,28965.51724137931,1034.4827586206898,2489.8889280155017,2489.8889280155017
2026-02-01 21:15:00,30000.0,1034.4827586206898,2584.641097872145,2584.641097872145
2026-02-01 21:15:00,0.0,2068.9655172413795,18879.407859412695,18654.53134749779
2026-02-01 21:15:00,1034.4827586206898,2068.9655172413795,16891.60834307623,15329.045775407541
2026-02-01 21:15:00,2068.9655172413795,2068.9655172413795,14701.497381245594,13236.533193898831
2026-02-01 21:15:00,3103.4482758620693,2068.9655172413795,12504.00101259027,12332.90023365446
2026-02-01 21:15:00,4137.931034482759,2068.9655172413795,10418.227858679735,10418.227858679735
2026-02-01 21:15:00,5172.413793103449,2068.9655172413795,8532.93340478556,8532.93340478556
2026-02-01 21:15:00,6206.896551724139,2068.9655172413795,6903.831503045018,6903.831503045018
2026-02-01 21:15:00,7241.379310344828,2068.9655172413795,5547.935573790621,5547.935573790621
2026-02-01 21:15:00,8275.862068965518,2068.9655172413795,4451.8960311960645,4451.8960311960645
2026-02-01 21:15:00,9310.344827586208,2068.9655172413795,3586.031328222935,3586.031328222935
2026-02-01 21:15:00,10344.827586206899,2068.9655172413795,2915.0580188215154,3118.594744680431
2026-02-01 21:15:00,11379.310344827587,2068.9655172413795,2404.811894304218,3854.3175900841893
2026-02-01 21:15:00,12413.793103448277,2068.9655172413795,2025.3766172330259,5321.58590750906
2026-02-01 21:15:00,13448.275862068967,2068.9655172413795,1751.9780409974696,6674.474799724534
2026-02-01 21:15:00,14482.758620689656,2068.9655172413795,1564.8380367608106,7104.3737095760225
2026-02-01 21:15:00,15517.241379310346,2068.9655172413795,1448.433635599565,6245.9059374215185
2026-02-01 21:15:00,16551.724137931036,2068.9655172413795,1390.5112517421805,4219.1903530694935
2026-02-01 21:15:00,17586.206896551725,2068.9655172413795,1380.9403571551964,1380.9403571551964
2026-02-01 21:15:00,18620.689655172417,2068.9655172413795,1410.7302846766863,1410.7302846766863
2026-02-01 21:15:00,19655.172413793105,2068.9655172413795,1471.254843214394,1471.254843214394
2026-02-01 21:15:00,20689.655172413797,2068.9655172413795,1553.9753294492532,1553.9753294492532
2026-02-01 21:15:00,21724.137931034486,2068.9655172413795,1650.6264904739332,1650.6264904739332
2026-02-01 21:15:00,22758.620689655174,2068.9655172413795,1753.744450898197,1753.744450898197
2026-02-01 21:15:00,23793.103448275866,2068.9655172413795,1857.4378845697595,1857.4378845697595
2026-02-01 21:15:00,24827.586206896554,2068.9655172413795,1957.9500692531715,1957.9500692531715
2026-02-01 21:15:00,25862.068965517243,2068.9655172413795,2053.9107383199184,2053.9107383199184
2026-02-01 21:15:00,26896.551724137935,2068.9655172413795,2146.01968428846,2146.01968428846
2026-02-01 21:15:00,27931.034482758623,2068.9655172413795,2236.3462110803725,2236.3462110803725
2026-02-01 21:15:00,28965.51724137931,2068.9655172413795,2327.4482515387017,2327.4482515387017
2026-02-01 21:15:00,30000.0,2068.9655172413795,2421.703723393148,2421.703723393148
2026-02-01 21:15:00,0.0,3103.4482758620693,25508.81903522458,18783.367381887365
2026-02-01 21:15:00,1034.4827586206898,3103.4482758620693,22860.150650718246,14520.246359028359
2026-02-01 21:15:00,2068.9655172413795,3103.4482758620693,19953.596226123707,12073.149448584598
2026-02-01 21:15:00,3103.4482758620693,3103.4482758620693,16991.97337664331,11336.608080700298
2026-02-01 21:15:00,4137.931034482759,3103.4482758620693,14144.256401861685,11658.7819744579
2026-02-01 21:15:00,5172.413793103449,3103.4482758620693,11555.45168571045,11555.45168571045
2026-02-01 21:15:00,6206.896551724139,3103.4482758620693,9314.520457876608,9314.520457876608
2026-02-01 21:15:00,7241.379310344828,3103.4482758620693,7447.221115764888,7447.221115764888
2026-02-01 21:15:00,8275.862068965518,3103.4482758620693,5934.150120916547,5934.150120916547
2026-02-01 21:15:00,9310.344827586208,3103.4482758620693,4733.331807631777,4618.000063926739
2026-02-01 21:15:00,10344.827586206899,3103.4482758620693,3796.0629640211646,4046.1033838354733
2026-02-01 21:15:00,11379.310344827587,3103.4482758620693,3075.63066190047,5115.423072402772
2026-02-01 21:15:00,12413.793103448277,3103.4482758620693,2531.2418053679985,7186.13838775778
2026-02-01 21:15:00,13448.275862068967,3103.4482758620693,2128.862822356291,9187.816916711541
2026-02-01 21:15:00,14482.758620689656,3103.4482758620693,1841.05309479029,9890.76465331021
2026-02-01 21:15:00,15517.241379310346,3103.4482758620693,1645.933490445295,8899.454000810265
2026-02-01 21:15:00,16551.724137931036,3103.4482758620693,1525.9323004836401,6637.261241777316
2026-02-01 21:15:00,17586.206896551725,3103.4482758620693,1466.603265148154,3563.7010067258498
2026-02-01 21:15:00,18620.689655172417,3103.4482758620693,1455.4347095280566,1455.4347095280566
2026-02-01 21:15:00,19655.172413793105,3103.4482758620693,1481.1584194344905,1481.1584194344905
2026-02-01 21:15:00,20689.655172413797,3103.4482758620693,1533.4183113421145,1533.4183113421145
2026-02-01 21:15:00,21724.137931034486,3103.4482758620693,1602.940871249896,1602.940871249896
2026-02-01 21:15:00,22758.620689655174,3103.4482758620693,1681.9926914941364,1681.9926914941364
2026-02-01 21:15:00,23793.103448275866,3103.4482758620693,1764.947360399212,1764.947360399212
2026-02-01 21:15:00,24827.586206896554,3103.4482758620693,1848.5889376841135,1848.5889376841135
2026-02-01 21:15:00,25862.068965517243,3103.4482758620693,1932.0615544807404,1932.0615544807404
2026-02-01 21:15:00,26896.551724137935,3103.4482758620693,2016.2725521501507,2016.2725521501507
2026-02-01 21:15:00,27931.034482758623,3103.4482758620693,2102.9716522757044,2102.9716522757044
2026-02-01 21:15:00,28965.51724137931,3103.4482758620693,2193.8254353036837,2193.8254353036837
2026-02-01 21:15:00,30000.0,3103.4482758620693,2289.9216587674628,2289.9216587674628
2026-02-01 21:15:00,0.0,4137.931034482759,33029.85560099086,19607.360995661482
2026-02-01 21:15:00,1034.4827586206898,4137.931034482759,29750.565218964646,14104.227184378855
2026-02-01 21:15:00,2068.9655172413795,4137.931034482759,26081.20385148224,11225.833588725367
2026-02-01 21:15:00,3103.4482758620693,4137.931034482759,22258.384038796583,10792.535688760237
2026-02-01 21:15:00,4137.931034482759,4137.931034482759,18540.912527288616,11685.796129341503
2026-02-01 21:15:00,5172.413793103449,4137.931034482759,15150.290928746996,12838.877894313546
2026-02-01 21:15:00,6206.896551724139,4137.931034482759,12211.312024579234,12211.312024579234
2026-02-01 21:15:00,7241.379310344828,4137.931034482759,9756.404758292549,9756.404758292549
2026-02-01 21:15:00,8275.862068965518,4137.931034482759,7758.6105571789,7758.6105571789
2026-02-01 21:15:00,9310.344827586208,4137.931034482759,6163.296032026319,5664.633811792246
2026-02-01 21:15:00,10344.827586206899,4137.931034482759,4907.898330877248,4812.171459227364
2026-02-01 21:15:00,11379.310344827587,4137.931034482759,3932.9341211613764,5839.442614848231
2026-02-01 21:15:00,12413.793103448277,4137.931034482759,3186.100979946034,7687.470795319448
2026-02-01 21:15:00,13448.275862068967,4137.931034482759,2623.543912869405,8949.784315010555
2026-02-01 21:15:00,14482.758620689656,4137.931034482759,2209.3591370084678,9958.442101555884
2026-02-01 21:15:00,15517.241379310346,4137.931034482759,1914.5638940643832,10338.31087377895
2026-02-01 21:15:00,16551.724137931036,4137.931034482759,1715.6111978521678,7896.354474822321
2026-02-01 21:15:00,17586.206896551725,4137.931034482759,1593.125838866555,4815.3875315078185
2026-02-01 21:15:00,18620.689655172417,4137.931034482759,1530.678386542258,1530.678386542258
2026-02-01 21:15:00,19655.172413793105,4137.931034482759,1514.0259912942836,1514.0259912942836
2026-02-01 21:15:00,20689.655172413797,4137.931034482759,1530.778473763236,1530.778473763236
2026-02-01 21:15:00,21724.137931034486,4137.931034482759,1570.4617390227172,1570.4617390227172
2026-02-01 21:15:00,22758.620689655174,4137.931034482759,1624.8080209823925,1624.8080209823925
2026-02-01 21:15:00,23793.103448275866,4137.931034482759,1688.077217313412,1688.077217313412
2026-02-01 21:15:00,24827.586206896554,4137.931034482759,1757.122000076951,1757.122000076951
2026-02-01 21:15:00,25862.068965517243,4137.931034482759,1831.0108384103946,1831.0108384103946
2026-02-01 21:15:00,26896.551724137935,4137.931034482759,1910.2633857951369,1910.2633857951369
2026-02-01 21:15:00,27931.034482758623,4137.931034482759,1995.8187694030555,1995.8187694030555
2026-02-01 21:15:00,28965.51724137931,4137.931034482759,2088.1815071236233,2088.1815071236233
2026-02-01 21:15:00,30000.0,4137.931034482759,2187.0641978089607,2187.0641978089607
2026-02-01 21:15:00,0.0,5172.413793103449,40952.79712155455,21480.201189569183
2026-02-01 21:15:00,1034.4827586206898,5172.413793103449,37117.44735648986,16307.034142853321
2026-02-01 21:15:00,2068.9655172413795,5172.413793103449,32674.920685164805,12812.172577489822
2026-02-01 21:15:00,3103.4482758620693,5172.413793103449,27954.87940278839,11076.086218091343
2026-02-01 21:15:00,4137.931034482759,5172.413793103449,23338.90741841216,12679.142955334684
2026-02-01 21:15:00,5172.413793103449,5172.413793103449,19124.142509474506,14254.047395211313
2026-02-01 21:15:00,6206.896551724139,5172.413793103449,15463.959633483337,15197.129822017114
2026-02-01 21:15:00,7241.379310344828,5172.413793103449,12393.296327180493,12393.296327180493
2026-02-01 21:15:00,8275.862068965518,5172.413793103449,9877.76119204272,9877.76119204272
2026-02-01 21:15:00,9310.344827586208,5172.413793103449,7851.949538952669,7026.580189371536
2026-02-01 21:15:00,10344.827586206899,5172.413793103449,6242.045370309896,5527.889112862935
2026-02-01 21:15:00,11379.310344827587,5172.413793103449,4977.679979859946,5967.398447885975
2026-02-01 21:15:00,12413.793103448277,5172.413793103449,3996.3861632178005,7178.537815467395
2026-02-01 21:15:00,13448.275862068967,5172.413793103449,3245.119749773492,8165.765450752306
2026-02-01 21:15:00,14482.758620689656,5172.413793103449,2679.76810296654,8972.258625848015
2026-02-01 21:15:00,15517.241379310346,5172.413793103449,2264.2176665359584,9621.219210733863
2026-02-01 21:15:00,16551.724137931036,5172.413793103449,1968.786470904774,7751.901029099108
2026-02-01 21:15:00,17586.206896551725,5172.413793103449,1768.931654591798,4994.132263599513
2026-02-01 21:15:00,18620.689655172417,5172.413793103449,1644.0828750875219,1777.9853526202603
2026-02-01 21:15:00,19655.172413793105,5172.413793103449,1576.8223166228386,1576.8223166228386
2026-02-01 21:15:00,20689.655172413797,5172.413793103449,1552.487501819051,1552.487501819051
2026-02-01 21:15:00,21724.137931034486,5172.413793103449,1559.1168681269642,1559.1168681269642
2026-02-01 21:15:00,22758.620689655174,5172.413793103449,1587.5321697558434,1587.5321697558434
2026-02-01 21:15:00,23793.103448275866,5172.413793103449,1631.4022918215305,1631.4022918215305
2026-02-01 21:15:00,24827.586206896554,5172.413793103449,1687.0505477044803,1687.0505477044803
2026-02-01 21:15:00,25862.068965517243,5172.413793103449,1752.891319907103,1752.891319907103
2026-02-01 21:15:00,26896.551724137935,5172.413793103449,1828.5544326360073,1828.5544326360073
2026-02-01 21:15:00,27931.034482758623,5172.413793103449,1913.8837934670344,1913.8837934670344
2026-02-01 21:15:00,28965.51724137931,5172.413793103449,2008.1195159858507,2008.1195159858507
2026-02-01 21:15:00,30000.0,5172.413793103449,2109.7407018160134,2109.7407018160134
2026-02-01 21:15:00,0.0,6206.896551724139,48557.88865982755,27841.633686582478
2026-02-01 21:15:00,1034.4827586206898,6206.896551724139,44240.986459150554,23697.312658668056
2026-02-01 21:15:00,2068.9655172413795,6206.896551724139,39067.51309320319,19366.428460008654
2026-02-01 21:15:00,3103.4482758620693,6206.896551724139,33517.69677816852,15234.796526619692
2026-02-01 21:15:00,4137.931034482759,6206.896551724139,28093.539041304368,15246.490967495773
2026-02-01 21:15:00,5172.413793103449,6206.896551724139,23142.223485530845,16807.98027887584
2026-02-01 21:15:00,6206.896551724139,6206.896551724139,18828.24834121141,17611.525033823455
2026-02-01 21:15:00,7241.379310344828,6206.896551724139,15184.666093438711,15184.666093438711
2026-02-01 21:15:00,8275.862068965518,6206.896551724139,12172.227036772863,12172.227036772863
2026-02-01 21:15:00,9310.344827586208,6206.896551724139,9720.097568268471,8868.903139176395
2026-02-01 21:15:00,10344.827586206899,6206.896551724139,7748.375482131354,6472.771844148504
2026-02-01 21:15:00,11379.310344827587,6206.896551724139,6180.197226298271,5878.6536610821495
2026-02-01 21:15:00,12413.793103448277,6206.896551724139,4946.354644246307,6480.891084658966
2026-02-01 21:15:00,13448.275862068967,6206.896551724139,3987.024996063565,7124.351753655801
2026-02-01 21:15:00,14482.758620689656,6206.896551724139,3251.514013154184,7702.071092842597
2026-02-01 21:15:00,15517.241379310346,6206.896551724139,2697.5531079326283,8027.77883780628
2026-02-01 21:15:00,16551.724137931036,6206.896551724139,2289.9846251430877,6493.109053589169
2026-02-01 21:15:00,17586.206896551725,6206.896551724139,1999.4644391314168,4346.721234813144
2026-02-01 21:15:00,18620.689655172417,6206.896551724139,1801.4382851269668,2350.1613424315196
2026-02-01 21:15:00,19655.172413793105,6206.896551724139,1675.3191930809205,1675.3191930809205
2026-02-01 21:15:00,20689.655172413797,6206.896551724139,1604.045045255335,1604.045045255335
2026-02-01 21:15:00,21724.137931034486,6206.896551724139,1573.8976903892649,1573.8976903892649
2026-02-01 21:15:00,22758.620689655174,6206.896551724139,1574.381240154565,1574.381240154565
2026-02-01 21:15:00,23793.103448275866,6206.896551724139,1598.0403514013135,1598.0403514013135
2026-02-01 21:15:00,24827.586206896554,6206.896551724139,1640.1274585250358,1640.1274585250358
2026-02-01 21:15:00,25862.068965517243,6206.896551724139,1697.925974017821,1697.925974017821
2026-02-01 21:15:00,26896.551724137935,6206.896551724139,1769.8638916618904,1769.8638916618904
2026-02-01 21:15:00,27931.034482758623,6206.896551724139,1854.5501358965532,1854.5501358965532
2026-02-01 21:15:00,28965.51724137931,6206.896551724139,1950.0606090779197,1950.0606090779197
2026-02-01 21:15:00,30000.0,6206.896551724139,2053.828644653981,2053.828644653981
2026-02-01 21:15:00,0.0,7241.379310344828,54957.72340418724,35683.9115861496
2026-02-01 21:15:00,1034.4827586206898,7241.379310344828,50218.51442827228,30952.99231648516
2026-02-01 21:15:00,2068.9655172413795,7241.379310344828,44439.28326138004,25854.81597319133
2026-02-01 21:15:00,3103.4482758620693,7241.379310344828,38260.50184938497,20917.93514012124
2026-02-01 21:15:00,4137.931034482759,7241.379310344828,32252.964713979985,19846.025763588434
2026-02-01 21:15:00,5172.413793103449,7241.379310344828,26769.832550384628,20559.451573282797
2026-02-01 21:15:00,6206.896551724139,7241.379310344828,21967.227427858987,20711.944453507356
2026-02-01 21:15:00,7241.379310344828,7241.379310344828,17873.94640944763,17873.94640944763
2026-02-01 21:15:00,8275.862068965518,7241.379310344828,14450.626635726108,14450.626635726108
2026-02-01 21:15:00,9310.344827586208,7241.379310344828,11627.841442270954,11265.631087258122
2026-02-01 21:15:00,10344.827586206899,7241.379310344828,9327.065469635867,7950.956273462962
2026-02-01 21:15:00,11379.310344827587,7241.379310344828,7471.376466713524,6231.2049042287435
2026-02-01 21:15:00,12413.793103448277,7241.379310344828,5989.679479906046,5742.409386130394
2026-02-01 21:15:00,13448.275862068967,7241.379310344828,4819.479362962182,5944.435973005886
2026-02-01 21:15:00,14482.758620689656,7241.379310344828,3906.5060547846288,6141.598525642445
2026-02-01 21:15:00,15517.241379310346,7241.379310344828,3204.647127609763,6449.877039176634
2026-02-01 21:15:00,16551.724137931036,7241.379310344828,2674.7355941021,6312.931177434998
2026-02-01 21:15:00,17586.206896551725,7241.379310344828,2283.7888012425706,5481.918391607045
2026-02-01 21:15:00,18620.689655172417,7241.379310344828,2003.9629143138752,3915.846359438475
2026-02-01 21:15:00,19655.172413793105,7241.379310344828,1811.8932722353625,1811.8932722353625
2026-02-01 21:15:00,20689.655172413797,7241.379310344828,1688.2400345781505,1688.2400345781505
2026-02-01 21:15:00,21724.137931034486,7241.379310344828,1617.4108778923123,1617.4108778923123
2026-02-01 21:15:00,22758.620689655174,7241.379310344828,1587.2640901548805,1587.2640901548805
2026-02-01 21:15:00,23793.103448275866,7241.379310344828,1588.862362269786,1588.862362269786
2026-02-01 21:15:00,24827.586206896554,7241.379310344828,1615.971251953808,1615.971251953808
2026-02-01 21:15:00,25862.068965517243,7241.379310344828,1664.4475992976245,1664.4475992976245
2026-02-01 21:15:00,26896.551724137935,7241.379310344828,1731.3703515890018,1731.3703515890018
2026-02-01 21:15:00,27931.034482758623,7241.379310344828,1814.1510201694728,1814.1510201694728
2026-02-01 21:15:00,28965.51724137931,7241.379310344828,1909.86318893969,1909.86318893969
2026-02-01 21:15:00,30000.0,7241.379310344828,2015.0762066364493,2015.0762066364493
2026-02-01 21:15:00,0.0,8275.862068965518,59250.650549400656,42744.625630483264
2026-02-01 21:15:00,1034.4827586206898,8275.862068965518,54171.6459942499,37510.54364326854
2026-02-01 21:15:00,2068.9655172413795,8275.862068965518,48024.66957029892,31803.732377161894
2026-02-01 21:15:00,3103.4482758620693,8275.862068965518,41542.26249262888,27031.059429798035
2026-02-01 21:15:00,4137.931034482759,8275.862068965518,35281.656228334614,25856.20976898379
2026-02-01 21:15:00,5172.413793103449,8275.862068965518,29560.465653904543,25008.54712227898
2026-02-01 21:15:00,6206.896551724139,8275.862068965518,24512.418309984856,24112.838905673136
2026-02-01 21:15:00,7241.379310344828,8275.862068965518,20161.29486427792,20161.29486427792
2026-02-01 21:15:00,8275.862068965518,8275.862068965518,16473.130726440726,16473.130726440726
2026-02-01 21:15:00,9310.344827586208,8275.862068965518,13387.519379275007,13387.519379275007
2026-02-01 21:15:00,10344.827586206899,8275.862068965518,10834.395383327279,10068.969806209687
2026-02-01 21:15:00,11379.310344827587,8275.862068965518,8743.029956701328,7421.068711109128
2026-02-01 21:15:00,12413.793103448277,8275.862068965518,7046.908765585218,5620.293736481549
2026-02-01 21:15:00,13448.275862068967,8275.862068965518,5685.515057879536,4894.282485357359
2026-02-01 21:15:00,14482.758620689656,8275.862068965518,4605.033421543657,5010.33754658105
2026-02-01 21:15:00,15517.241379310346,8275.862068965518,3758.536763910576,5374.003154644387
2026-02-01 21:15:00,16551.724137931036,8275.862068965518,3105.519845817991,5995.352298881971
2026-02-01 21:15:00,17586.206896551725,8275.862068965518,2611.0438185850144,5762.512838572656
2026-02-01 21:15:00,18620.689655172417,8275.862068965518,2245.323652035737,4627.198364997495
2026-02-01 21:15:00,19655.172413793105,8275.862068965518,1983.101461371875,2627.2248534595174
2026-02-01 21:15:00,20689.655172413797,8275.862068965518,1803.2655763409646,1803.2655763409646
2026-02-01 21:15:00,21724.137931034486,8275.862068965518,1688.4824591145793,1688.4824591145793
2026-02-01 21:15:00,22758.620689655174,8275.862068965518,1624.9682816398529,1624.9682816398529
2026-02-01 21:15:00,23793.103448275866,8275.862068965518,1602.1263294116536,1602.1263294116536
2026-02-01 21:15:00,24827.586206896554,8275.862068965518,1612.1079884889684,1612.1079884889684
2026-02-01 21:15:00,25862.068965517243,8275.862068965518,1649.2493505360176,1649.2493505360176
2026-02-01 21:15:00,26896.551724137935,8275.862068965518,1709.3028276298096,1709.3028276298096
2026-02-01 21:15:00,27931.034482758623,8275.862068965518,1788.616125883056,1788.616125883056
2026-02-01 21:15:00,28965.51724137931,8275.862068965518,1883.4055600812803,1883.4055600812803
2026-02-01 21:15:00,30000.0,8275.862068965518,1989.5428299575462,1989.5428299575462
2026-02-01 21:15:00,0.0,9310.344827586208,60766.97907146161,48470.58837915757
2026-02-01 21:15:00,1034.4827586206898,9310.344827586208,55519.70059787287,42924.04883518322
2026-02-01 21:15:00,2068.9655172413795,9310.344827586208,49342.18923486114,36853.30542331407
2026-02-01 21:15:00,3103.4482758620693,9310.344827586208,42944.12160647663,32039.02470710795
2026-02-01 21:15:00,4137.931034482759,9310.344827586208,36800.70556580011,30039.42788728426
2026-02-01 21:15:00,5172.413793103449,9310.344827586208,31167.383952390213,26594.85443566244
2026-02-01 21:15:00,6206.896551724139,9310.344827586208,26150.186977150384,24173.56273560513
2026-02-01 21:15:00,7241.379310344828,9310.344827586208,21769.639265158934,21769.639265158934
2026-02-01 21:15:00,8275.862068965518,9310.344827586208,18001.276132127245,18001.276132127245
2026-02-01 21:15:00,9310.344827586208,9310.344827586208,14798.337335372695,14798.337335372695
2026-02-01 21:15:00,10344.827586206899,9310.344827586208,12104.948382744064,11599.958919440718
2026-02-01 21:15:00,11379.310344827587,9310.344827586208,9862.600349800638,7862.405146085484
2026-02-01 21:15:00,12413.793103448277,9310.344827586208,8013.7076757183895,5269.987250220891
2026-02-01 21:15:00,13448.275862068967,9310.344827586208,6504.7241805457825,4076.8360791972746
2026-02-01 21:15:00,14482.758620689656,9310.344827586208,5286.399711262643,4020.647167657303
2026-02-01 21:15:00,15517.241379310346,9310.344827586208,4314.487792234642,4328.817580101728
2026-02-01 21:15:00,16551.724137931036,9310.344827586208,3549.8865939862812,4987.115920636083
2026-02-01 21:15:00,17586.206896551725,9310.344827586208,2958.188949112267,5427.27458723344
2026-02-01 21:15:00,18620.689655172417,9310.344827586208,2509.421893458751,4727.919715066943
2026-02-01 21:15:00,19655.172413793105,9310.344827586208,2177.751636263757,3042.5802372695366
2026-02-01 21:15:00,20689.655172413797,9310.344827586208,1941.1407643423959,1941.1407643423959
2026-02-01 21:15:00,21724.137931034486,9310.344827586208,1781.101918986092,1781.101918986092
2026-02-01 21:15:00,22758.620689655174,9310.344827586208,1682.5141953361085,1682.5141953361085
2026-02-01 21:15:00,23793.103448275866,9310.344827586208,1633.301065048458,1633.301065048458
2026-02-01 21:15:00,24827.586206896554,9310.344827586208,1624.1462363534342,1624.1462363534342
2026-02-01 21:15:00,25862.068965517243,9310.344827586208,1647.9941102772257,1647.9941102772257
2026-02-01 21:15:00,26896.551724137935,9310.344827586208,1699.4448556317107,1699.4448556317107
2026-02-01 21:15:00,27931.034482758623,9310.344827586208,1773.9378193685438,1773.9378193685438
2026-02-01 21:15:00,28965.51724137931,9310.344827586208,1866.9933501420908,1866.9933501420908
2026-02-01 21:15:00,30000.0,9310.344827586208,1973.8745776411363,1973.8745776411363
2026-02-01 21:15:00,0.0,10344.827586206899,59312.254231012295,52419.99371665809
2026-02-01 21:15:00,1034.4827586206898,10344.827586206899,54168.6359789154,46859.334557415634
2026-02-01 21:15:00,2068.9655172413795,10344.827586206899,48326.72124154748,40715.23106312669
2026-02-01 21:15:00,3103.4482758620693,10344.827586206899,42376.892524318304,34546.616035959625
2026-02-01 21:15:00,4137.931034482759,10344.827586206899,36682.10537891865,29461.35634304376
2026-02-01 21:15:00,5172.413793103449,10344.827586206899,31430.202608112562,25901.209422877117
2026-02-01 21:15:00,6206.896551724139,10344.827586206899,26700.49861064159,23410.20434322036
2026-02-01 21:15:00,7241.379310344828,10344.827586206899,22512.730728305956,21658.971859748734
2026-02-01 21:15:00,8275.862068965518,10344.827586206899,18853.331159987465,18853.331159987465
2026-02-01 21:15:00,9310.344827586208,10344.827586206899,15691.883384627925,15691.883384627925
2026-02-01 21:15:00,10344.827586206899,10344.827586206899,12988.380196587808,12609.626397709215
2026-02-01 21:15:00,11379.310344827587,10344.827586206899,10699.30565171852,8535.812122435278
2026-02-01 21:15:00,12413.793103448277,10344.827586206899,8779.763999115708,5450.261839182585
2026-02-01 21:15:00,13448.275862068967,10344.827586206899,7186.281671378226,3614.9177900783716
2026-02-01 21:15:00,14482.758620689656,10344.827586206899,5877.356892616284,3455.130448545533
2026-02-01 21:15:00,15517.241379310346,10344.827586206899,4814.572008169599,3737.0924699399848
2026-02-01 21:15:00,16551.724137931036,10344.827586206899,3963.0200988488104,4423.448368170666
2026-02-01 21:15:00,17586.206896551725,10344.827586206899,3291.035021047989,4957.36488260231
2026-02-01 21:15:00,18620.689655172417,10344.827586206899,2770.5025197113114,4510.37461468496
2026-02-01 21:15:00,19655.172413793105,10344.827586206899,2376.5019887392373,3003.8252594521173
2026-02-01 21:15:00,20689.655172413797,10344.827586206899,2087.262942857486,2087.262942857486
2026-02-01 21:15:00,21724.137931034486,10344.827586206899,1884.0403311577084,1884.0403311577084
2026-02-01 21:15:00,22758.620689655174,10344.827586206899,1751.0169617570587,1751.0169617570587
2026-02-01 21:15:00,23793.103448275866,10344.827586206899,1675.140739620291,1675.140739620291
2026-02-01 21:15:00,24827.586206896554,10344.827586206899,1645.9996872314562,1645.9996872314562
2026-02-01 21:15:00,25862.068965517243,10344.827586206899,1655.5147128092478,1655.5147128092478
2026-02-01 21:15:00,26896.551724137935,10344.827586206899,1697.3806052294165,1697.3806052294165
2026-02-01 21:15:00,27931.034482758623,10344.827586206899,1766.3487322277251,1766.3487322277251
2026-02-01 21:15:00,28965.51724137931,10344.827586206899,1857.4137467222079,1857.4137467222079
2026-02-01 21:15:00,30000.0,10344.827586206899,1965.3096949128258,1965.3096949128258
2026-02-01 21:15:00,0.0,11379.310344827587,55248.4130185941,54319.919398047015
2026-02-01 21:15:00,1034.4827586206898,11379.310344827587,50507.78714251997,49060.62062634165
2026-02-01 21:15:00,2068.9655172413795,11379.310344827587,45303.26360228479,43122.901463946604
2026-02-01 21:15:00,3103.4482758620693,11379.310344827587,40069.34557772053,36976.144868177274
2026-02-01 21:15:00,4137.931034482759,11379.310344827587,35058.497831500026,30984.57969890326
2026-02-01 21:15:00,5172.413793103449,11379.310344827587,30400.072487896174,26001.62235944645
2026-02-01 21:15:00,6206.896551724139,11379.310344827587,26152.858653423285,22951.803166012483
2026-02-01 21:15:00,7241.379310344828,11379.310344827587,22336.926568662624,20936.79254792934
2026-02-01 21:15:00,8275.862068965518,11379.310344827587,18948.418016559663,17583.16802181958
2026-02-01 21:15:00,9310.344827586208,11379.310344827587,15972.148404868538,14585.468807963814
2026-02-01 21:15:00,10344.827586206899,11379.310344827587,13383.724154186722,12531.466288993377
2026-02-01 21:15:00,11379.310344827587,11379.310344827587,11154.496092796768,9556.629898916122
2026-02-01 21:15:00,12413.793103448277,11379.310344827587,9253.326083658827,6358.402885422132
2026-02-01 21:15:00,13448.275862068967,11379.310344827587,7647.866769613977,4222.99565556225
2026-02-01 21:15:00,14482.758620689656,11379.310344827587,6306.45011206923,3330.8006248320225
2026-02-01 21:15:00,15517.241379310346,11379.310344827587,5198.4737903426085,3602.9999082358063
2026-02-01 21:15:00,16551.724137931036,11379.310344827587,4295.000903469252,4309.690510362955
2026-02-01 21:15:00,17586.206896551725,11379.310344827587,3569.1622992501198,4654.747876157306
2026-02-01 21:15:00,18620.689655172417,11379.310344827587,2996.301261824252,4555.083172757006
2026-02-01 21:15:00,19655.172413793105,11379.310344827587,2553.9066594861692,4534.520890886565
2026-02-01 21:15:00,20689.655172413797,11379.310344827587,2221.706185974131,3787.805588157905
2026-02-01 21:15:00,21724.137931034486,11379.310344827587,1981.7282495811514,2105.7997232435087
2026-02-01 21:15:00,22758.620689655174,11379.310344827587,1818.2844637518917,1818.2844637518917
2026-02-01 21:15:00,23793.103448275866,11379.310344827587,1718.0826107294322,1718.0826107294322
2026-02-01 21:15:00,24827.586206896554,11379.310344827587,1670.2042469137282,1670.2042469137282
2026-02-01 21:15:00,25862.068965517243,11379.310344827587,1665.9697899063335,1665.9697899063335
2026-02-01 21:15:00,26896.551724137935,11379.310344827587,1698.5635678292256,1698.5635678292256
2026-02-01 21:15:00,27931.034482758623,11379.310344827587,1762.3134430274386,1762.3134430274386
2026-02-01 21:15:00,28965.51724137931,11379.310344827587,1851.88153092676,1851.88153092676
2026-02-01 21:15:00,30000.0,11379.310344827587,1961.6128717394877,1961.6128717394877
2026-02-01 21:15:00,0.0,12413.793103448277,49335.90583391433,54131.82158060617
2026-02-01 21:15:00,1034.4827586206898,12413.793103448277,45232.19829782717,49405.59445236945
2026-02-01 21:15:00,2068.9655172413795,12413.793103448277,40845.10559350462,43900.62018525292
2026-02-01 21:15:00,3103.4482758620693,12413.793103448277,36464.49833119711,37995.34263111895
2026-02-01 21:15:00,4137.931034482759,12413.793103448277,32254.721603966085,32061.460949916473
2026-02-01 21:15:00,5172.413793103449,12413.793103448277,28302.397892273915,26507.23119353268
2026-02-01 21:15:00,6206.896551724139,12413.793103448277,24651.230568536208,22599.964034084132
2026-02-01 21:15:00,7241.379310344828,12413.793103448277,21320.837110879045,19276.57056338518
2026-02-01 21:15:00,8275.862068965518,12413.793103448277,18316.290619013387,15323.101892524646
2026-02-01 21:15:00,9310.344827586208,12413.793103448277,15633.233636891011,12366.391685962713
2026-02-01 21:15:00,10344.827586206899,12413.793103448277,13260.937275201592,10540.580906076475
2026-02-01 21:15:00,11379.310344827587,12413.793103448277,11183.227226852778,9608.785326591516
2026-02-01 21:15:00,12413.793103448277,12413.793103448277,9381.501041089303,7660.648523888892
2026-02-01 21:15:00,13448.275862068967,12413.793103448277,7834.455726556427,5573.185231733751
2026-02-01 21:15:00,14482.758620689656,12413.793103448277,6520.174486520774,4531.182362602609
2026-02-01 21:15:00,15517.241379310346,12413.793103448277,5416.433448036404,4360.056613768852
2026-02-01 21:15:00,16551.724137931036,12413.793103448277,4501.444897088022,4541.112603281559
2026-02-01 21:15:00,17586.206896551725,12413.793103448277,3754.0970209194293,5121.990525146876
2026-02-01 21:15:00,18620.689655172417,12413.793103448277,3154.2630526722596,6013.950982049682
2026-02-01 21:15:00,19655.172413793105,12413.793103448277,2682.9777436874124,6443.987574175577
2026-02-01 21:15:00,20689.655172413797,12413.793103448277,2322.5197017013415,5901.98867513025
2026-02-01 21:15:00,21724.137931034486,12413.793103448277,2056.564083510468,4256.200157688971
2026-02-01 21:15:00,22758.620689655174,12413.793103448277,1870.4516766584156,1870.4516766584156
2026-02-01 21:15:00,23793.103448275866,12413.793103448277,1751.364904527271,1751.364904527271
2026-02-01 21:15:00,24827.586206896554,12413.793103448277,1688.5223848471492,1688.5223848471492
2026-02-01 21:15:00,25862.068965517243,12413.793103448277,1673.19299720914,1673.19299720914
2026-02-01 21:15:00,26896.551724137935,12413.793103448277,1698.43264698938,1698.43264698938
2026-02-01 21:15:00,27931.034482758623,12413.793103448277,1758.4921149287118,1758.4921149287118
2026-02-01 21:15:00,28965.51724137931,12413.793103448277,1847.9365591420647,1847.9365591420647
2026-02-01 21:15:00,30000.0,12413.793103448277,1960.9479306015726,1960.9479306015726
2026-02-01 21:15:00,0.0,13448.275862068967,42459.112634721896,52107.06812948399
2026-02-01 21:15:00,1034.4827586206898,13448.275862068967,39108.22292142107,48018.38859749614
2026-02-01 21:15:00,2068.9655172413795,13448.275862068967,35587.55599463833,43090.68684919928
2026-02-01 21:15:00,3103.4482758620693,13448.275862068967,32077.875766635192,37620.146279832436
2026-02-01 21:15:00,4137.931034482759,13448.275862068967,28681.987973865984,31962.153327573793
2026-02-01 21:15:00,5172.413793103449,13448.275862068967,25457.489102811753,26308.483187839505
2026-02-01 21:15:00,6206.896551724139,13448.275862068967,22437.042678349215,21841.610726834602
2026-02-01 21:15:00,7241.379310344828,13448.275862068967,19639.928623498377,17525.988919873373
2026-02-01 21:15:00,8275.862068965518,13448.275862068967,17076.518665883406,13391.239519617508
2026-02-01 21:15:00,9310.344827586208,13448.275862068967,14750.470128873443,10310.26007317129
2026-02-01 21:15:00,10344.827586206899,13448.275862068967,12660.151922940186,8645.377245809294
2026-02-01 21:15:00,11379.310344827587,13448.275862068967,10799.647862204902,8056.546761971247
2026-02-01 21:15:00,12413.793103448277,13448.275862068967,9159.831516397886,7977.131496505168
2026-02-01 21:15:00,13448.275862068967,13448.275862068967,7728.972142652928,6870.616977118273
2026-02-01 21:15:00,14482.758620689656,13448.275862068967,6493.974741426348,5668.295498762303
2026-02-01 21:15:00,15517.241379310346,13448.275862068967,5440.337281371088,4804.506877276758
2026-02-01 21:15:00,16551.724137931036,13448.275862068967,4553.385215508469,4987.847958405412
2026-02-01 21:15:00,17586.206896551725,13448.275862068967,3817.917550921241,6096.466091509709
2026-02-01 21:15:00,18620.689655172417,13448.275862068967,3218.8111275438605,7284.326216607009
2026-02-01 21:15:00,19655.172413793105,13448.275862068967,2741.1560513456875,8462.861862864802
2026-02-01 21:15:00,20689.655172413797,13448.275862068967,2370.3652813688163,7844.275578351117
2026-02-01 21:15:00,21724.137931034486,13448.275862068967,2092.4774850753047,6024.743494110124
2026-02-01 21:15:00,22758.620689655174,13448.275862068967,1894.5120366284043,3152.266097141085
2026-02-01 21:15:00,23793.103448275866,13448.275862068967,1764.753903985989,1764.753903985989
2026-02-01 21:15:00,24827.586206896554,13448.275862068967,1693.1304204204969,1693.1304204204969
2026-02-01 21:15:00,25862.068965517243,13448.275862068967,1671.3531405620643,1671.3531405620643
2026-02-01 21:15:00,26896.551724137935,13448.275862068967,1692.7849936035661,1692.7849936035661
2026-02-01 21:15:00,27931.034482758623,13448.275862068967,1751.9087104329428,1751.9087104329428
2026-02-01 21:15:00,28965.51724137931,13448.275862068967,1843.514357158652,1843.514357158652
2026-02-01 21:15:00,30000.0,13448.275862068967,1961.8807994610772,1961.8807994610772
2026-02-01 21:15:00,0.0,14482.758620689656,35393.94256667386,46541.22494726795
2026-02-01 21:15:00,1034.4827586206898,14482.758620689656,32795.117753170125,44403.51786221092
2026-02-01 21:15:00,2068.9655172413795,14482.758620689656,30088.782708504637,39732.96354675925
2026-02-01 21:15:00,3103.4482758620693,14482.758620689656,27382.733293935158,35657.67958779112
2026-02-01 21:15:00,4137.931034482759,14482.758620689656,24739.881270796785,30021.083376600676
2026-02-01 21:15:00,5172.413793103449,14482.758620689656,22198.248376455376,24486.890714747824
2026-02-01 21:15:00,6206.896551724139,14482.758620689656,19783.04874548895,20507.771156999403
2026-02-01 21:15:00,7241.379310344828,14482.758620689656,17512.593115035517,16440.460983021585
2026-02-01 21:15:00,8275.862068965518,14482.758620689656,15399.409416688839,12689.441455724416
2026-02-01 21:15:00,9310.344827586208,14482.758620689656,13451.675444466206,9664.487841172608
2026-02-01 21:15:00,10344.827586206899,14482.758620689656,11673.64503005003,7372.970733219539
2026-02-01 21:15:00,11379.310344827587,14482.758620689656,10066.183410708703,6957.0547564585995
2026-02-01 21:15:00,12413.793103448277,14482.758620689656,8627.241533682236,7076.337098733056
2026-02-01 21:15:00,13448.275862068967,14482.758620689656,7352.3447271266095,7128.382241565602
2026-02-01 21:15:00,14482.758620689656,14482.758620689656,6235.363345058888,5619.328292481646
2026-02-01 21:15:00,15517.241379310346,14482.758620689656,5268.454426083292,5016.801416607931
2026-02-01 21:15:00,16551.724137931036,14482.758620689656,4443.025670170347,5689.27597585789
2026-02-01 21:15:00,17586.206896551725,14482.758620689656,3749.3511484742958,6706.018628025227
2026-02-01 21:15:00,18620.689655172417,14482.758620689656,3177.151106859414,7852.850182985336
2026-02-01 21:15:00,19655.172413793105,14482.758620689656,2715.444761663257,9052.301538133517
2026-02-01 21:15:00,20689.655172413797,14482.758620689656,2353.048753065406,9334.609200224735
2026-02-01 21:15:00,21724.137931034486,14482.758620689656,2078.6396375190316,7194.1094772112265
2026-02-01 21:15:00,22758.620689655174,14482.758620689656,1881.2574151304511,4084.8886879940233
2026-02-01 21:15:00,23793.103448275866,14482.758620689656,1750.745872330715,1750.745872330715
2026-02-01 21:15:00,24827.586206896554,14482.758620689656,1678.150505458295,1678.150505458295
2026-02-01 21:15:00,25862.068965517243,14482.758620689656,1656.0285528533518,1656.0285528533518
2026-02-01 21:15:00,26896.551724137935,14482.758620689656,1678.401432746915,1678.401432746915
2026-02-01 21:15:00,27931.034482758623,14482.758620689656,1740.3258148593497,1740.3258148593497
2026-02-01 21:15:00,28965.51724137931,14482.758620689656,1837.1199176426935,1837.1199176426935
2026-02-01 21:15:00,30000.0,14482.758620689656,1963.455646649122,1963.455646649122
2026-02-01 21:15:00,0.0,15517.241379310346,28692.704286966695,36969.586177391495
2026-02-01 21:15:00,1034.4827586206898,15517.241379310346,26765.776358883966,35537.92074075048
2026-02-01 21:15:00,2068.9655172413795,15517.241379310346,24764.08206992001,32229.195487444893
2026-02-01 21:15:00,3103.4482758620693,15517.241379310346,22748.221938055696,29445.10154323857
2026-02-01 21:15:00,4137.931034482759,15517.241379310346,20756.58775699568,25311.430625616944
2026-02-01 21:15:00,5172.413793103449,15517.241379310346,18814.581946411105,21312.93478070037
2026-02-01 21:15:00,6206.896551724139,15517.241379310346,16942.107820232563,19297.250052875068
2026-02-01 21:15:00,7241.379310344828,15517.241379310346,15154.50357558116,15837.58466352015
2026-02-01 21:15:00,8275.862068965518,15517.241379310346,13465.182616123915,12329.586541186422
2026-02-01 21:15:00,9310.344827586208,15517.241379310346,11884.271388940637,9509.077220693878
2026-02-01 21:15:00,10344.827586206899,15517.241379310346,10418.863991579577,7403.486568203034
2026-02-01 21:15:00,11379.310344827587,15517.241379310346,9074.033237040047,6545.647488589403
2026-02-01 21:15:00,12413.793103448277,15517.241379310346,7852.362489984176,6579.633537486733
2026-02-01 21:15:00,13448.275862068967,15517.241379310346,6754.307540372255,6394.925881351588
2026-02-01 21:15:00,14482.758620689656,15517.241379310346,5778.806575956624,5514.496064924803
2026-02-01 21:15:00,15517.241379310346,15517.241379310346,4923.2316043076,5349.860421797617
2026-02-01 21:15:00,16551.724137931036,15517.241379310346,4183.736386878056,6348.088476577181
2026-02-01 21:15:00,17586.206896551725,15517.241379310346,3555.2120986608684,7346.312864805386
2026-02-01 21:15:00,18620.689655172417,15517.241379310346,3031.4708358460475,8450.058770820397
2026-02-01 21:15:00,19655.172413793105,15517.241379310346,2605.1749842696963,9592.939686170583
2026-02-01 21:15:00,20689.655172413797,15517.241379310346,2268.227198049739,9834.85606242828
2026-02-01 21:15:00,21724.137931034486,15517.241379310346,2011.9135731745855,7463.9394933917165
2026-02-01 21:15:00,22758.620689655174,15517.241379310346,1827.4290219529962,4178.552459309949
2026-02-01 21:15:00,23793.103448275866,15517.241379310346,1706.3221868539733,1706.3221868539733
2026-02-01 21:15:00,24827.586206896554,15517.241379310346,1641.0219624309102,1641.0219624309102
2026-02-01 21:15:00,25862.068965517243,15517.241379310346,1625.1953828862147,1625.1953828862147
2026-02-01 21:15:00,26896.551724137935,15517.241379310346,1653.7902015723325,1653.7902015723325
2026-02-01 21:15:00,27931.034482758623,15517.241379310346,1722.727451769048,1722.727451769048
2026-02-01 21:15:00,28965.51724137931,15517.241379310346,1828.1155051036408,1828.1155051036408
2026-02-01 21:15:00,30000.0,15517.241379310346,1965.3629813098937,1965.3629813098937
2026-02-01 21:15:00,0.0,16551.724137931036,22679.933887104773,26028.54499767708
2026-02-01 21:15:00,1034.4827586206898,16551.724137931036,21308.335397298826,25309.249511911294
2026-02-01 21:15:00,2068.9655172413795,16551.724137931036,19878.749500036836,23266.728990203697
2026-02-01 21:15:00,3103.4482758620693,16551.724137931036,18424.648897723295,21751.791593274338
2026-02-01 21:15:00,4137.931034482759,16551.724137931036,16968.653894641422,19124.150885764073
2026-02-01 21:15:00,5172.413793103449,16551.724137931036,15527.657219471492,18602.49898955765
2026-02-01 21:15:00,6206.896551724139,16551.724137931036,14116.570940101998,17689.388094640093
2026-02-01 21:15:00,7241.379310344828,16551.724137931036,12748.826432691427,15188.757661192916
2026-02-01 21:15:00,8275.862068965518,16551.724137931036,11436.182031354867,11996.578109944734
2026-02-01 21:15:00,9310.344827586208,16551.724137931036,10189.0273122873,9434.485874807575
2026-02-01 21:15:00,10344.827586206899,16551.724137931036,9015.821183792183,7540.994864265156
2026-02-01 21:15:00,11379.310344827587,16551.724137931036,7923.520726666562,6657.201954558776
2026-02-01 21:15:00,12413.793103448277,16551.724137931036,6917.253243862284,6338.969823208777
2026-02-01 21:15:00,13448.275862068967,16551.724137931036,6000.648799014943,5693.115490320957
2026-02-01 21:15:00,14482.758620689656,16551.724137931036,5176.036336549621,5426.65280413375
2026-02-01 21:15:00,15517.241379310346,16551.724137931036,4444.410890678354,5467.317671890463
2026-02-01 21:15:00,16551.724137931036,16551.724137931036,3805.4598614413494,6600.459079320779
2026-02-01 21:15:00,17586.206896551725,16551.724137931036,3257.553286585653,7975.906667460034
2026-02-01 21:15:00,18620.689655172417,16551.724137931036,2797.6569525365776,9035.166588613734
2026-02-01 21:15:00,19655.172413793105,16551.724137931036,2421.4867800720494,10127.518516627384
2026-02-01 21:15:00,20689.655172413797,16551.724137931036,2123.525900645112,9049.27843060633
2026-02-01 21:15:00,21724.137931034486,16551.724137931036,1897.4393268253239,6660.354770537408
2026-02-01 21:15:00,22758.620689655174,16551.724137931036,1736.397637321483,3324.6580220882006
2026-02-01 21:15:00,23793.103448275866,16551.724137931036,1633.6765191962565,1633.6765191962565
2026-02-01 21:15:00,24827.586206896554,16551.724137931036,1583.164058162351,1583.164058162351
2026-02-01 21:15:00,25862.068965517243,16551.724137931036,1579.7788983574785,1579.7788983574785
2026-02-01 21:15:00,26896.551724137935,16551.724137931036,1619.6000513471038,1619.6000513471038
2026-02-01 21:15:00,27931.034482758623,16551.724137931036,1699.6080576404804,1699.6080576404804
2026-02-01 21:15:00,28965.51724137931,16551.724137931036,1816.9490292724663,1816.9490292724663
2026-02-01 21:15:00,30000.0,16551.724137931036,1968.0255277962285,1968.0255277962285
2026-02-01 21:15:00,0.0,17586.206896551725,17503.311159682456,17503.311159682456
2026-02-01 21:15:00,1034.4827586206898,17586.206896551725,16563.346908226504,16563.346908226504
2026-02-01 21:15:00,2068.9655172413795,17586.206896551725,15576.516410953642,15576.516410953642
2026-02-01 21:15:00,3103.4482758620693,17586.206896551725,14560.095421966576,14560.095421966576
2026-02-01 21:15:00,4137.931034482759,17586.206896551725,13526.656322923709,13526.656322923709
2026-02-01 21:15:00,5172.413793103449,17586.206896551725,12487.497319074026,15141.444525597853
2026-02-01 21:15:00,6206.896551724139,17586.206896551725,11453.48457024315,15270.038354907596
2026-02-01 21:15:00,7241.379310344828,17586.206896551725,10435.095183357209,13989.396705573643
2026-02-01 21:15:00,8275.862068965518,17586.206896551725,9442.507587374354,11792.597948744651
2026-02-01 21:15:00,9310.344827586208,17586.206896551725,8485.203593694325,9512.968722985224
2026-02-01 21:15:00,10344.827586206899,17586.206896551725,7571.428038287221,7799.135997822769
2026-02-01 21:15:00,11379.310344827587,17586.206896551725,6708.735461286684,6728.050589522842
2026-02-01 21:15:00,12413.793103448277,17586.206896551725,5903.52493468136,6101.02748436813
2026-02-01 21:15:00,13448.275862068967,17586.206896551725,5160.994427540799,5943.066633795275
2026-02-01 21:15:00,14482.758620689656,17586.206896551725,4485.57353970923,6085.452147814894
2026-02-01 21:15:00,15517.241379310346,17586.206896551725,3880.493444317966,6085.963673522696
2026-02-01 21:15:00,16551.724137931036,17586.206896551725,3347.7607005350937,6036.363856333969
2026-02-01 21:15:00,17586.206896551725,17586.206896551725,2888.165111459629,7358.048638697521
2026-02-01 21:15:00,18620.689655172417,17586.206896551725,2501.025937583897,8361.336503965122
2026-02-01 21:15:00,19655.172413793105,17586.206896551725,2184.2424118897525,8375.838331156967
2026-02-01 21:15:00,20689.655172413797,17586.206896551725,1934.3965610178595,7167.018591340571
2026-02-01 21:15:00,21724.137931034486,17586.206896551725,1747.049643662542,4834.06552744517
2026-02-01 21:15:00,22758.620689655174,17586.206896551725,1617.1581570178196,1617.1581570178196
2026-02-01 21:15:00,23793.103448275866,17586.206896551725,1539.5702139596226,1539.5702139596226
2026-02-01 21:15:00,24827.586206896554,17586.206896551725,1509.6138393652125,1509.6138393652125
2026-02-01 21:15:00,25862.068965517243,17586.206896551725,1523.5112579572233,1523.5112579572233
2026-02-01 21:15:00,26896.551724137935,17586.206896551725,1578.5727396686686,1578.5727396686686
2026-02-01 21:15:00,27931.034482758623,17586.206896551725,1672.9764474084407,1672.9764474084407
2026-02-01 21:15:00,28965.51724137931,17586.206896551725,1805.1079178761336,1805.1079178761336
2026-02-01 21:15:00,30000.0,17586.206896551725,1972.6099708994923,1972.6099708994923
2026-02-01 21:15:00,0.0,18620.689655172417,13192.797436704792,13192.797436704792
2026-02-01 21:15:00,1034.4827586206898,18620.689655172417,12572.379471760301,12572.379471760301
2026-02-01 21:15:00,2068.9655172413795,18620.689655172417,11913.966598651537,11913.966598651537
2026-02-01 21:15:00,3103.4482758620693,18620.689655172417,11225.443763278046,11225.443763278046
2026-02-01 21:15:00,4137.931034482759,18620.689655172417,10513.579298512199,10513.579298512199
2026-02-01 21:15:00,5172.413793103449,18620.689655172417,9785.356747183137,10908.535165740286
2026-02-01 21:15:00,6206.896551724139,18620.689655172417,9048.430400317167,11948.393399131925
2026-02-01 21:15:00,7241.379310344828,18620.689655172417,8310.666197890114,11644.546979105286
2026-02-01 21:15:00,8275.862068965518,18620.689655172417,7580.159649454055,10430.298552910805
2026-02-01 21:15:00,9310.344827586208,18620.689655172417,6864.914430195093,8856.845377734904
2026-02-01 21:15:00,10344.827586206899,18620.689655172417,6172.458668449502,7394.914685598462
2026-02-01 21:15:00,11379.310344827587,18620.689655172417,5509.935950111497,6790.777988253332
2026-02-01 21:15:00,12413.793103448277,18620.689655172417,4883.88943361006,6838.731734755489
2026-02-01 21:15:00,13448.275862068967,18620.689655172417,4300.333389725565,6784.845844992989
2026-02-01 21:15:00,14482.758620689656,18620.689655172417,3764.5198709093493,7055.2693423303535
2026-02-01 21:15:00,15517.241379310346,18620.689655172417,3280.900009200941,7574.814329293975
2026-02-01 21:15:00,16551.724137931036,18620.689655172417,2852.93586411023,6720.8866864920365
2026-02-01 21:15:00,17586.206896551725,18620.689655172417,2482.7392090779613,5523.1639639134555
2026-02-01 21:15:00,18620.689655172417,18620.689655172417,2171.2206301684605,6024.6672117596645
2026-02-01 21:15:00,19655.172413793105,18620.689655172417,1917.7721558825033,5742.453894625796
2026-02-01 21:15:00,20689.655172413797,18620.689655172417,1720.5094182168395,4452.478912537548
2026-02-01 21:15:00,21724.137931034486,18620.689655172417,1576.491021525106,2138.6720331008255
2026-02-01 21:15:00,22758.620689655174,18620.689655172417,1482.1102785390942,1482.1102785390942
2026-02-01 21:15:00,23793.103448275866,18620.689655172417,1433.6456271173254,1433.6456271173254
2026-02-01 21:15:00,24827.586206896554,18620.689655172417,1427.7635592315467,1427.7635592315467
2026-02-01 21:15:00,25862.068965517243,18620.689655172417,1461.9713331045975,1461.9713331045975
2026-02-01 21:15:00,26896.551724137935,18620.689655172417,1534.851789725591,1534.851789725591
2026-02-01 21:15:00,27931.034482758623,18620.689655172417,1645.8951149966845,1645.8951149966845
2026-02-01 21:15:00,28965.51724137931,18620.689655172417,1794.8703347177243,1794.8703347177243
2026-02-01 21:15:00,30000.0,18620.689655172417,1980.822741229737,1980.822741229737
2026-02-01 21:15:00,0.0,19655.172413793105,9708.265908540265,9708.265908540265
2026-02-01 21:15:00,1034.4827586206898,19655.172413793105,9314.112282447286,9314.112282447286
2026-02-01 21:15:00,2068.9655172413795,19655.172413793105,8889.840616968557,8889.840616968557
2026-02-01 21:15:00,3103.4482758620693,19655.172413793105,8438.225759405117,8438.225759405117
2026-02-01 21:15:00,4137.931034482759,19655.172413793105,7962.584889746896,7962.584889746896
2026-02-01 21:15:00,5172.413793103449,19655.172413793105,7467.056579732465,7467.056579732465
2026-02-01 21:15:00,6206.896551724139,19655.172413793105,6956.585620939217,7798.463227258412
2026-02-01 21:15:00,7241.379310344828,19655.172413793105,6436.807523334669,8344.9537252359
2026-02-01 21:15:00,8275.862068965518,19655.172413793105,5913.903767546686,7962.985333187946
2026-02-01 21:15:00,9310.344827586208,19655.172413793105,5394.181818885924,7048.562456051214
2026-02-01 21:15:00,10344.827586206899,19655.172413793105,4884.045463739646,6713.264770056663
2026-02-01 21:15:00,11379.310344827587,19655.172413793105,4389.79880421476,7329.1056361246265
2026-02-01 21:15:00,12413.793103448277,19655.172413793105,3917.671577212603,7655.093885050066
2026-02-01 21:15:00,13448.275862068967,19655.172413793105,3473.4997927284503,7604.844528097449
2026-02-01 21:15:00,14482.758620689656,19655.172413793105,3062.789346789763,7864.186264216576
2026-02-01 21:15:00,15517.241379310346,19655.172413793105,2690.3569539016025,8371.748210049424
2026-02-01 21:15:00,16551.724137931036,19655.172413793105,2360.2230552032843,7743.186637183277
2026-02-01 21:15:00,17586.206896551725,19655.172413793105,2075.3054153992384,5664.3000247705695
2026-02-01 21:15:00,18620.689655172417,19655.172413793105,1837.2580600814458,3060.178260928557
2026-02-01 21:15:00,19655.172413793105,19655.172413793105,1646.448311368438,2485.1838383787467
2026-02-01 21:15:00,20689.655172413797,19655.172413793105,1502.0219583965209,1502.0219583965209
2026-02-01 21:15:00,21724.137931034486,19655.172413793105,1402.1337571140116,1402.1337571140116
2026-02-01 21:15:00,22758.620689655174,19655.172413793105,1344.3941822067318,1344.3941822067318
2026-02-01 21:15:00,23793.103448275866,19655.172413793105,1326.2578598169416,1326.2578598169416
2026-02-01 21:15:00,24827.586206896554,19655.172413793105,1345.6386256613205,1345.6386256613205
2026-02-01 21:15:00,25862.068965517243,19655.172413793105,1401.2748334301702,1401.2748334301702
2026-02-01 21:15:00,26896.551724137935,19655.172413793105,1493.0395411777668,1493.0395411777668
2026-02-01 21:15:00,27931.034482758623,19655.172413793105,1621.7870198533076,1621.7870198533076
2026-02-01 21:15:00,28965.51724137931,19655.172413793105,1788.7650826757715,1788.7650826757715
2026-02-01 21:15:00,30000.0,19655.172413793105,1994.6062256780158,1994.6062256780158
2026-02-01 21:15:00,0.0,20689.655172413797,6970.800597864673,6970.800597864673
2026-02-01 21:15:00,1034.4827586206898,20689.655172413797,6730.2412574898535,6730.2412574898535
2026-02-01 21:15:00,2068.9655172413795,20689.655172413797,6466.427865191381,6466.427865191381
2026-02-01 21:15:00,3103.4482758620693,20689.655172413797,6179.7714840682975,6179.7714840682975
2026-02-01 21:15:00,4137.931034482759,20689.655172413797,5871.743624686148,5871.743624686148
2026-02-01 21:15:00,5172.413793103449,20689.655172413797,5544.4334894272615,5544.4334894272615
2026-02-01 21:15:00,6206.896551724139,20689.655172413797,5201.021217352155,5201.021217352155
2026-02-01 21:15:00,7241.379310344828,20689.655172413797,4845.280696825781,4845.280696825781
2026-02-01 21:15:00,8275.862068965518,20689.655172413797,4481.6182964641075,4481.6182964641075
2026-02-01 21:15:00,9310.344827586208,20689.655172413797,4114.962828716279,4723.478091236669
2026-02-01 21:15:00,10344.827586206899,20689.655172413797,3750.3635041780635,6294.071779877026
2026-02-01 21:15:00,11379.310344827587,20689.655172413797,3393.1444257331746,7626.503466388844
2026-02-01 21:15:00,12413.793103448277,20689.655172413797,3048.7414606132975,8561.34189868573
2026-02-01 21:15:00,13448.275862068967,20689.655172413797,2722.51919387105,8519.119831017613
2026-02-01 21:15:00,14482.758620689656,20689.655172413797,2419.6424081512287,8755.980942920307
2026-02-01 21:15:00,15517.241379310346,20689.655172413797,2144.7960741269526,9220.313547406626
2026-02-01 21:15:00,16551.724137931036,20689.655172413797,1901.9932836955431,8022.828567482982
2026-02-01 21:15:00,17586.206896551725,20689.655172413797,1694.3115243662587,5579.2064906831965
2026-02-01 21:15:00,18620.689655172417,20689.655172413797,1523.747328978546,2479.6311527610032
2026-02-01 21:15:00,19655.172413793105,20689.655172413797,1391.1539191408049,1391.1539191408049
2026-02-01 21:15:00,20689.655172413797,20689.655172413797,1296.3398133994594,1296.3398133994594
2026-02-01 21:15:00,21724.137931034486,20689.655172413797,1238.284144346536,1238.284144346536
2026-02-01 21:15:00,22758.620689655174,20689.655172413797,1215.4974329207619,1215.4974329207619
2026-02-01 21:15:00,23793.103448275866,20689.655172413797,1226.504329939011,1226.504329939011
2026-02-01 21:15:00,24827.586206896554,20689.655172413797,1270.2986271565935,1270.2986271565935
2026-02-01 21:15:00,25862.068965517243,20689.655172413797,1346.813205661586,1346.813205661586
2026-02-01 21:15:00,26896.551724137935,20689.655172413797,1457.1833416640675,1457.1833416640675
2026-02-01 21:15:00,27931.034482758623,20689.655172413797,1603.662014899837,1603.662014899837
2026-02-01 21:15:00,28965.51724137931,20689.655172413797,1789.0759503235388,1789.0759503235388
2026-02-01 21:15:00,30000.0,20689.655172413797,2015.7717889936,2015.7717889936
2026-02-01 21:15:00,0.0,21724.137931034486,4881.47793505971,4881.47793505971
2026-02-01 21:15:00,1034.4827586206898,21724.137931034486,4740.858716372688,4740.858716372688
2026-02-01 21:15:00,2068.9655172413795,21724.137931034486,4582.819772847899,4582.819772847899
2026-02-01 21:15:00,3103.4482758620693,21724.137931034486,4406.979441276737,4406.979441276737
2026-02-01 21:15:00,4137.931034482759,21724.137931034486,4213.6178953516455,4213.6178953516455
2026-02-01 21:15:00,5172.413793103449,21724.137931034486,4003.9343073857735,4003.9343073857735
2026-02-01 21:15:00,6206.896551724139,21724.137931034486,3779.723734590145,3779.723734590145
2026-02-01 21:15:00,7241.379310344828,21724.137931034486,3543.5003507610118,3543.5003507610118
2026-02-01 21:15:00,8275.862068965518,21724.137931034486,3298.3140353970393,3298.3140353970393
2026-02-01 21:15:00,9310.344827586208,21724.137931034486,3047.7721906340576,3047.7721906340576
2026-02-01 21:15:00,10344.827586206899,21724.137931034486,2795.7480730358684,5237.292617297695
2026-02-01 21:15:00,11379.310344827587,21724.137931034486,2546.608993656654,7047.792772147013
2026-02-01 21:15:00,12413.793103448277,21724.137931034486,2304.832450005197,8625.676263421266
2026-02-01 21:15:00,13448.275862068967,21724.137931034486,2075.0627632568808,9522.667135881771
2026-02-01 21:15:00,14482.758620689656,21724.137931034486,1861.7788879414106,9732.033315891105
2026-02-01 21:15:00,15517.241379310346,21724.137931034486,1669.2165880159807,9080.021869455737
2026-02-01 21:15:00,16551.724137931036,21724.137931034486,1501.0133703877673,7193.786822805118
2026-02-01 21:15:00,17586.206896551725,21724.137931034486,1360.070225163909,4582.767620456732
2026-02-01 21:15:00,18620.689655172417,21724.137931034486,1248.3710965564017,1294.0445946246834
2026-02-01 21:15:00,19655.172413793105,21724.137931034486,1166.9708328652582,1166.9708328652582
2026-02-01 21:15:00,20689.655172413797,21724.137931034486,1116.0658292635587,1116.0658292635587
2026-02-01 21:15:00,21724.137931034486,21724.137931034486,1095.2234311574339,1095.2234311574339
2026-02-01 21:15:00,22758.620689655174,21724.137931034486,1103.6954259350366,1103.6954259350366
2026-02-01 21:15:00,23793.103448275866,21724.137931034486,1140.8749976893782,1140.8749976893782
2026-02-01 21:15:00,24827.586206896554,21724.137931034486,1206.7515859044397,1206.7515859044397
2026-02-01 21:15:00,25862.068965517243,21724.137931034486,1302.37120775668,1302.37120775668
2026-02-01 21:15:00,26896.551724137935,21724.137931034486,1430.1061529495578,1430.1061529495578
2026-02-01 21:15:00,27931.034482758623,21724.137931034486,1593.6566234294337,1593.6566234294337
2026-02-01 21:15:00,28965.51724137931,21724.137931034486,1797.4707411691888,1797.4707411691888
2026-02-01 21:15:00,30000.0,21724.137931034486,2045.7362515890052,2045.7362515890052
2026-02-01 21:15:00,0.0,22758.620689655174,3333.7487876053333,3333.7487876053333
2026-02-01 21:15:00,1034.4827586206898,22758.620689655174,3255.262229084845,3255.262229084845
2026-02-01 21:15:00,2068.9655172413795,22758.620689655174,3164.349251872828,3164.349251872828
2026-02-01 21:15:00,3103.4482758620693,22758.620689655174,3060.205906652058,3060.205906652058
2026-02-01 21:15:00,4137.931034482759,22758.620689655174,2942.806343531058,2942.806343531058
2026-02-01 21:15:00,5172.413793103449,22758.620689655174,2812.65785351633,2812.65785351633
2026-02-01 21:15:00,6206.896551724139,22758.620689655174,2670.8606191698887,2670.8606191698887
2026-02-01 21:15:00,7241.379310344828,22758.620689655174,2519.0322847517273,2519.0322847517273
2026-02-01 21:15:00,8275.862068965518,22758.620689655174,2359.2732530126077,2359.2732530126077
2026-02-01 21:15:00,9310.344827586208,22758.620689655174,2194.13296057684,2194.13296057684
2026-02-01 21:15:00,10344.827586206899,22758.620689655174,2026.601042523089,3262.105089591583
2026-02-01 21:15:00,11379.310344827587,22758.620689655174,1859.9996917828855,5347.530273614977
2026-02-01 21:15:00,12413.793103448277,22758.620689655174,1697.964938367557,6941.8642176838175
2026-02-01 21:15:00,13448.275862068967,22758.620689655174,1544.2887770850677,7914.335854204857
2026-02-01 21:15:00,14482.758620689656,22758.620689655174,1402.724379381518,8007.315915217264
2026-02-01 21:15:00,15517.241379310346,22758.620689655174,1276.7919279437979,7087.942515877439
2026-02-01 21:15:00,16551.724137931036,22758.620689655174,1169.6215269344896,5239.823062076258
2026-02-01 21:15:00,17586.206896551725,22758.620689655174,1083.7296641634841,2591.039424527672
2026-02-01 21:15:00,18620.689655172417,22758.620689655174,1020.9166871925769,1020.9166871925769
2026-02-01 21:15:00,19655.172413793105,22758.620689655174,982.2449917580773,982.2449917580773
2026-02-01 21:15:00,20689.655172413797,22758.620689655174,968.1351113691484,968.1351113691484
2026-02-01 21:15:00,21724.137931034486,22758.620689655174,978.5642006393149,978.5642006393149
2026-02-01 21:15:00,22758.620689655174,22758.620689655174,1013.3847000421441,1013.3847000421441
2026-02-01 21:15:00,23793.103448275866,22758.620689655174,1072.7377561150658,1072.7377561150658
2026-02-01 21:15:00,24827.586206896554,22758.620689655174,1157.5058934262122,1157.5058934262122
2026-02-01 21:15:00,25862.068965517243,22758.620689655174,1269.7770573983241,1269.7770573983241
2026-02-01 21:15:00,26896.551724137935,22758.620689655174,1413.165950121979,1413.165950121979
2026-02-01 21:15:00,27931.034482758623,22758.620689655174,1592.8219671741763,1592.8219671741763
2026-02-01 21:15:00,28965.51724137931,22758.620689655174,1814.894089748631,1814.894089748631
2026-02-01 21:15:00,30000.0,22758.620689655174,2085.515075494194,2085.515075494194
2026-02-01 21:15:00,0.0,23793.103448275866,2221.6473119974457,2221.6473119974457
2026-02-01 21:15:00,1034.4827586206898,23793.103448275866,2180.1722879610084,2180.1722879610084
2026-02-01 21:15:00,2068.9655172413795,23793.103448275866,2130.2014550568515,2130.2014550568515
2026-02-01 21:15:00,3103.4482758620693,23793.103448275866,2070.96963432619,2070.96963432619
2026-02-01 21:15:00,4137.931034482759,23793.103448275866,2002.2353434126792,2002.2353434126792
2026-02-01 21:15:00,5172.413793103449,23793.103448275866,1924.3044008920335,1924.3044008920335
2026-02-01 21:15:00,6206.896551724139,23793.103448275866,1837.8305654539226,1837.8305654539226
2026-02-01 21:15:00,7241.379310344828,23793.103448275866,1743.8945686939114,1743.8945686939114
2026-02-01 21:15:00,8275.862068965518,23793.103448275866,1643.924046480766,1643.924046480766
2026-02-01 21:15:00,9310.344827586208,23793.103448275866,1539.7579948976265,1539.7579948976265
2026-02-01 21:15:00,10344.827586206899,23793.103448275866,1433.6261008216286,1433.6261008216286
2026-02-01 21:15:00,11379.310344827587,23793.103448275866,1328.0842039088072,2527.7256263539894
2026-02-01 21:15:00,12413.793103448277,23793.103448275866,1225.9436060300457,4118.964530520069
2026-02-01 21:15:00,13448.275862068967,23793.103448275866,1130.2009407607707,4979.803538030319
2026-02-01 21:15:00,14482.758620689656,23793.103448275866,1043.839686483077,4987.014041685822
2026-02-01 21:15:00,15517.241379310346,23793.103448275866,969.716377586636,4071.172266896561
2026-02-01 21:15:00,16551.724137931036,23793.103448275866,910.3633132392696,2258.9223355465497
2026-02-01 21:15:00,17586.206896551725,23793.103448275866,867.8610980016539,867.8610980016539
2026-02-01 21:15:00,18620.689655172417,23793.103448275866,843.7375159123208,843.7375159123208
2026-02-01 21:15:00,19655.172413793105,23793.103448275866,838.9871869254068,838.9871869254068
2026-02-01 21:15:00,20689.655172413797,23793.103448275866,854.1456978675145,854.1456978675145
2026-02-01 21:15:00,21724.137931034486,23793.103448275866,889.4946471984292,889.4946471984292
2026-02-01 21:15:00,22758.620689655174,23793.103448275866,945.3745646813874,945.3745646813874
2026-02-01 21:15:00,23793.103448275866,23793.103448275866,1022.569789882474,1022.569789882474
2026-02-01 21:15:00,24827.586206896554,23793.103448275866,1122.7880671267087,1122.7880671267087
2026-02-01 21:15:00,25862.068965517243,23793.103448275866,1249.1178020982236,1249.1178020982236
2026-02-01 21:15:00,26896.551724137935,23793.103448275866,1406.4118918850984,1406.4118918850984
2026-02-01 21:15:00,27931.034482758623,23793.103448275866,1601.3159631207434,1601.3159631207434
2026-02-01 21:15:00,28965.51724137931,23793.103448275866,1841.7302316946457,1841.7302316946457
2026-02-01 21:15:00,30000.0,23793.103448275866,2135.785911845047,2135.785911845047
2026-02-01 21:15:00,0.0,24827.586206896554,1446.7732734249096,1446.7732734249096
2026-02-01 21:15:00,1034.4827586206898,24827.586206896554,1426.3239353674533,1426.3239353674533
2026-02-01 21:15:00,2068.9655172413795,24827.586206896554,1400.4599589708107,1400.4599589708107
2026-02-01 21:15:00,3103.4482758620693,24827.586206896554,1368.4586863829688,1368.4586863829688
2026-02-01 21:15:00,4137.931034482759,24827.586206896554,1330.1172522092477,1330.1172522092477
2026-02-01 21:15:00,5172.413793103449,24827.586206896554,1285.5835323848696,1285.5835323848696
2026-02-01 21:15:00,6206.896551724139,24827.586206896554,1235.2924024130227,1235.2924024130227
2026-02-01 21:15:00,7241.379310344828,24827.586206896554,1180.0166277169785,1180.0166277169785
2026-02-01 21:15:00,8275.862068965518,24827.586206896554,1120.7652370195765,1120.7652370195765
2026-02-01 21:15:00,9310.344827586208,24827.586206896554,1058.9116980437186,1058.9116980437186
2026-02-01 21:15:00,10344.827586206899,24827.586206896554,996.1130053137307,996.1130053137307
2026-02-01 21:15:00,11379.310344827587,24827.586206896554,934.2940128204275,934.2940128204275
2026-02-01 21:15:00,12413.793103448277,24827.586206896554,875.6191488516687,875.6191488516687
2026-02-01 21:15:00,13448.275862068967,24827.586206896554,822.3913924662838,1065.1866412669651
2026-02-01 21:15:00,14482.758620689656,24827.586206896554,776.9387376354147,1029.2954809736389
2026-02-01 21:15:00,15517.241379310346,24827.586206896554,741.4903407947594,741.4903407947594
2026-02-01 21:15:00,16551.724137931036,24827.586206896554,718.041866702736,718.041866702736
2026-02-01 21:15:00,17586.206896551725,24827.586206896554,708.2445208333695,708.2445208333695
2026-02-01 21:15:00,18620.689655172417,24827.586206896554,713.3645973038306,713.3645973038306
2026-02-01 21:15:00,19655.172413793105,24827.586206896554,734.2837746868694,734.2837746868694
2026-02-01 21:15:00,20689.655172413797,24827.586206896554,771.6050593098182,771.6050593098182
2026-02-01 21:15:00,21724.137931034486,24827.586206896554,825.8477615148183,825.8477615148183
2026-02-01 21:15:00,22758.620689655174,24827.586206896554,897.7620530807596,897.7620530807596
2026-02-01 21:15:00,23793.103448275866,24827.586206896554,988.715051096821,988.715051096821
2026-02-01 21:15:00,24827.586206896554,24827.586206896554,1101.1868498443778,1101.1868498443778
2026-02-01 21:15:00,25862.068965517243,24827.586206896554,1239.2724207922226,1239.2724207922226
2026-02-01 21:15:00,26896.551724137935,24827.586206896554,1409.0701648339955,1409.0701648339955
2026-02-01 21:15:00,27931.034482758623,24827.586206896554,1618.75710315037,1618.75710315037
2026-02-01 21:15:00,28965.51724137931,24827.586206896554,1878.0439744424348,1878.0439744424348
2026-02-01 21:15:00,30000.0,24827.586206896554,2197.104805902982,2197.104805902982
2026-02-01 21:15:00,0.0,25862.068965517243,922.9951111540923,922.9951111540923
2026-02-01 21:15:00,1034.4827586206898,25862.068965517243,913.9715279433578,913.9715279433578
2026-02-01 21:15:00,2068.9655172413795,25862.068965517243,901.7923573857502,901.7923573857502
2026-02-01 21:15:00,3103.4482758620693,25862.068965517243,885.8872617993686,885.8872617993686
2026-02-01 21:15:00,4137.931034482759,25862.068965517243,866.0623492670818,866.0623492670818
2026-02-01 21:15:00,5172.413793103449,25862.068965517243,842.4160879843806,842.4160879843806
2026-02-01 21:15:00,6206.896551724139,25862.068965517243,815.2928349762898,815.2928349762898
2026-02-01 21:15:00,7241.379310344828,25862.068965517243,785.2576853684558,785.2576853684558
2026-02-01 21:15:00,8275.862068965518,25862.068965517243,753.1045493888146,753.1045493888146
2026-02-01 21:15:00,9310.344827586208,25862.068965517243,719.8597676848559,719.8597676848559
2026-02-01 21:15:00,10344.827586206899,25862.068965517243,686.7756204916091,686.7756204916091
2026-02-01 21:15:00,11379.310344827587,25862.068965517243,655.3344972331241,655.3344972331241
2026-02-01 21:15:00,12413.793103448277,25862.068965517243,627.191044137559,627.191044137559
2026-02-01 21:15:00,13448.275862068967,25862.068965517243,604.1020020988116,604.1020020988116
2026-02-01 21:15:00,14482.758620689656,25862.068965517243,587.8630391400472,587.8630391400472
2026-02-01 21:15:00,15517.241379310346,25862.068965517243,580.1900511957294,580.1900511957294
2026-02-01 21:15:00,16551.724137931036,25862.068965517243,582.6239782788955,582.6239782788955
2026-02-01 21:15:00,17586.206896551725,25862.068965517243,596.4637567549098,596.4637567549098
2026-02-01 21:15:00,18620.689655172417,25862.068965517243,622.7321840886366,622.7321840886366
2026-02-01 21:15:00,19655.172413793105,25862.068965517243,662.2088768444298,662.2088768444298
2026-02-01 21:15:00,20689.655172413797,25862.068965517243,715.5433014867797,715.5433014867797
2026-02-01 21:15:00,21724.137931034486,25862.068965517243,783.4633186955749,783.4633186955749
2026-02-01 21:15:00,22758.620689655174,25862.068965517243,867.0863283534852,867.0863283534852
2026-02-01 21:15:00,23793.103448275866,25862.068965517243,968.3352520713531,968.3352520713531
2026-02-01 21:15:00,24827.586206896554,25862.068965517243,1090.4567062266365,1090.4567062266365
2026-02-01 21:15:00,25862.068965517243,25862.068965517243,1238.5554243543136,1238.5554243543136
2026-02-01 21:15:00,26896.551724137935,25862.068965517243,1420.0263798462538,1420.0263798462538
2026-02-01 21:15:00,27931.034482758623,25862.068965517243,1644.6278504005184,1644.6278504005184
2026-02-01 21:15:00,28965.51724137931,25862.068965517243,1923.8921305170666,1923.8921305170666
2026-02-01 21:15:00,30000.0,25862.068965517243,2269.976412521166,2269.976412521166
2026-02-01 21:15:00,0.0,26896.551724137935,579.3378523355956,579.3378523355956
2026-02-01 21:15:00,1034.4827586206898,26896.551724137935,576.1936693833735,576.1936693833735
2026-02-01 21:15:00,2068.9655172413795,26896.551724137935,571.5271152794212,571.5271152794212
2026-02-01 21:15:00,3103.4482758620693,26896.551724137935,564.8825866708261,564.8825866708261
2026-02-01 21:15:00,4137.931034482759,26896.551724137935,556.11292019332,556.11292019332
2026-02-01 21:15:00,5172.413793103449,26896.551724137935,545.3129148336984,545.3129148336984
2026-02-01 21:15:00,6206.896551724139,26896.551724137935,532.7622490444511,532.7622490444511
2026-02-01 21:15:00,7241.379310344828,26896.551724137935,518.9207782999082,518.9207782999082
2026-02-01 21:15:00,8275.862068965518,26896.551724137935,504.422563237926,504.422563237926
2026-02-01 21:15:00,9310.344827586208,26896.551724137935,490.0782464006592,490.0782464006592
2026-02-01 21:15:00,10344.827586206899,26896.551724137935,476.877591442524,476.877591442524
2026-02-01 21:15:00,11379.310344827587,26896.551724137935,465.9699161907724,465.9699161907724
2026-02-01 21:15:00,12413.793103448277,26896.551724137935,458.638046469485,458.638046469485
2026-02-01 21:15:00,13448.275862068967,26896.551724137935,456.25021628100916,456.25021628100916
2026-02-01 21:15:00,14482.758620689656,26896.551724137935,460.1815970236056,460.1815970236056
2026-02-01 21:15:00,15517.241379310346,26896.551724137935,471.7535531723402,471.7535531723402
2026-02-01 21:15:00,16551.724137931036,26896.551724137935,492.1588253019704,492.1588253019704
2026-02-01 21:15:00,17586.206896551725,26896.551724137935,522.4084677044748,522.4084677044748
2026-02-01 21:15:00,18620.689655172417,26896.551724137935,563.3395378786289,563.3395378786289
2026-02-01 21:15:00,19655.172413793105,26896.551724137935,615.6514187044472,615.6514187044472
2026-02-01 21:15:00,20689.655172413797,26896.551724137935,680.0516991040893,680.0516991040893
2026-02-01 21:15:00,21724.137931034486,26896.551724137935,757.4663452630762,757.4663452630762
2026-02-01 21:15:00,22758.620689655174,26896.551724137935,849.3844123905916,849.3844123905916
2026-02-01 21:15:00,23793.103448275866,26896.551724137935,958.2858186196761,958.2858186196761
2026-02-01 21:15:00,24827.586206896554,26896.551724137935,1088.1994280676945,1088.1994280676945
2026-02-01 21:15:00,25862.068965517243,26896.551724137935,1245.2822233799116,1245.2822233799116
2026-02-01 21:15:00,26896.551724137935,26896.551724137935,1438.2695393514587,1438.2695393514587
2026-02-01 21:15:00,27931.034482758623,26896.551724137935,1678.5372273418843,1678.5372273418843
2026-02-01 21:15:00,28965.51724137931,26896.551724137935,1979.3662685180539,1979.3662685180539
2026-02-01 21:15:00,30000.0,26896.551724137935,2354.589547102223,2354.589547102223
2026-02-01 21:15:00,0.0,27931.034482758623,360.61722291407835,360.61722291407835
2026-02-01 21:15:00,1034.4827586206898,27931.034482758623,360.1717142192708,360.1717142192708
2026-02-01 21:15:00,2068.9655172413795,27931.034482758623,359.4273620811931,359.4273620811931
2026-02-01 21:15:00,3103.4482758620693,27931.034482758623,357.9707096843152,357.9707096843152
2026-02-01 21:15:00,4137.931034482759,27931.034482758623,355.68874006262615,355.68874006262615
2026-02-01 21:15:00,5172.413793103449,27931.034482758623,352.66286286733,352.66286286733
2026-02-01 21:15:00,6206.896551724139,27931.034482758623,349.1411780068627,349.1411780068627
2026-02-01 21:15:00,7241.379310344828,27931.034482758623,345.5206862031017,345.5206862031017
2026-02-01 21:15:00,8275.862068965518,27931.034482758623,342.3272182741807,342.3272182741807
2026-02-01 21:15:00,9310.344827586208,27931.034482758623,340.2367893879915,340.2367893879915
2026-02-01 21:15:00,10344.827586206899,27931.034482758623,340.05016640704264,340.05016640704264
2026-02-01 21:15:00,11379.310344827587,27931.034482758623,342.69851768802994,342.69851768802994
2026-02-01 21:15:00,12413.793103448277,27931.034482758623,349.2014628392462,349.2014628392462
2026-02-01 21:15:00,13448.275862068967,27931.034482758623,360.63705252633144,360.63705252633144
2026-02-01 21:15:00,14482.758620689656,27931.034482758623,378.0804457937919,378.0804457937919
2026-02-01 21:15:00,15517.241379310346,27931.034482758623,402.5589237569475,402.5589237569475
2026-02-01 21:15:00,16551.724137931036,27931.034482758623,434.9987878275456,434.9987878275456
2026-02-01 21:15:00,17586.206896551725,27931.034482758623,476.20690280878244,476.20690280878244
2026-02-01 21:15:00,18620.689655172417,27931.034482758623,526.8795451188427,526.8795451188427
2026-02-01 21:15:00,19655.172413793105,27931.034482758623,587.6884602678326,587.6884602678326
2026-02-01 21:15:00,20689.655172413797,27931.034482758623,659.416424234324,659.416424234324
2026-02-01 21:15:00,21724.137931034486,27931.034482758623,743.2180665886618,743.2180665886618
2026-02-01 21:15:00,22758.620689655174,27931.034482758623,840.9611442052327,840.9611442052327
2026-02-01 21:15:00,23793.103448275866,27931.034482758623,955.7176950196308,955.7176950196308
2026-02-01 21:15:00,24827.586206896554,27931.034482758623,1092.3347128637242,1092.3347128637242
2026-02-01 21:15:00,25862.068965517243,27931.034482758623,1258.0875560145037,1258.0875560145037
2026-02-01 21:15:00,26896.551724137935,27931.034482758623,1463.0942906339906,1463.0942906339906
2026-02-01 21:15:00,27931.034482758623,27931.034482758623,1720.2887904121637,1720.2887904121637
2026-02-01 21:15:00,28965.51724137931,27931.034482758623,2044.4481631446909,2044.4481631446909
2026-02-01 21:15:00,30000.0,27931.034482758623,2450.2173677448345,2450.2173677448345
2026-02-01 21:15:00,0.0,28965.51724137931,226.2018777877031,226.2018777877031
2026-02-01 21:15:00,1034.4827586206898,28965.51724137931,226.42893313216462,226.42893313216462
2026-02-01 21:15:00,2068.9655172413795,28965.51724137931,227.4827261145653,227.4827261145653
2026-02-01 21:15:00,3103.4482758620693,28965.51724137931,228.8157463923557,228.8157463923557
2026-02-01 21:15:00,4137.931034482759,28965.51724137931,230.26087176316275,230.26087176316275
2026-02-01 21:15:00,5172.413793103449,28965.51724137931,231.87251041025849,231.87251041025849
2026-02-01 21:15:00,6206.896551724139,28965.51724137931,233.87162255954868,233.87162255954868
2026-02-01 21:15:00,7241.379310344828,28965.51724137931,236.60951530690724,236.60951530690724
2026-02-01 21:15:00,8275.862068965518,28965.51724137931,240.54972033712656,240.54972033712656
2026-02-01 21:15:00,9310.344827586208,28965.51724137931,246.27377529974052,246.27377529974052
2026-02-01 21:15:00,10344.827586206899,28965.51724137931,254.46007068178986,254.46007068178986
2026-02-01 21:15:00,11379.310344827587,28965.51724137931,265.88093969479536,265.88093969479536
2026-02-01 21:15:00,12413.793103448277,28965.51724137931,281.37383920960775,281.37383920960775
2026-02-01 21:15:00,13448.275862068967,28965.51724137931,301.8070667667153,301.8070667667153
2026-02-01 21:15:00,14482.758620689656,28965.51724137931,328.04290862377735,328.04290862377735
2026-02-01 21:15:00,15517.241379310346,28965.51724137931,360.8937564008969,360.8937564008969
2026-02-01 21:15:00,16551.724137931036,28965.51724137931,401.09992315333426,401.09992315333426
2026-02-01 21:15:00,17586.206896551725,28965.51724137931,449.32384265626183,449.32384265626183
2026-02-01 21:15:00,18620.689655172417,28965.51724137931,506.1888265375367,506.1888265375367
2026-02-01 21:15:00,19655.172413793105,28965.51724137931,572.374586052174,572.374586052174
2026-02-01 21:15:00,20689.655172413797,28965.51724137931,648.7871020453327,648.7871020453327
2026-02-01 21:15:00,21724.137931034486,28965.51724137931,736.8334355242138,736.8334355242138
2026-02-01 21:15:00,22758.620689655174,28965.51724137931,838.8018904536281,838.8018904536281
2026-02-01 21:15:00,23793.103448275866,28965.51724137931,958.3900882312524,958.3900882312524
2026-02-01 21:15:00,24827.586206896554,28965.51724137931,1101.334126526262,1101.334126526262
2026-02-01 21:15:00,25862.068965517243,28965.51724137931,1276.0679817392727,1276.0679817392727
2026-02-01 21:15:00,26896.551724137935,28965.51724137931,1494.094569075505,1494.094569075505
2026-02-01 21:15:00,27931.034482758623,28965.51724137931,1769.6827177366943,1769.6827177366943
2026-02-01 21:15:00,28965.51724137931,28965.51724137931,2118.3317387988086,2118.3317387988086
2026-02-01 21:15:00,30000.0,28965.51724137931,2553.823616780846,2553.823616780846
2026-02-01 21:15:00,0.0,30000.0,147.75559969064608,147.75559969064608
2026-02-01 21:15:00,1034.4827586206898,30000.0,146.84702988982843,146.84702988982843
2026-02-01 21:15:00,2068.9655172413795,30000.0,148.26561485654844,148.26561485654844
2026-02-01 21:15:00,3103.4482758620693,30000.0,150.9449489967187,150.9449489967187
2026-02-01 21:15:00,4137.931034482759,30000.0,154.47160822930059,154.47160822930059
2026-02-01 21:15:00,5172.413793103449,30000.0,158.80920076402225,158.80920076402225
2026-02-01 21:15:00,6206.896551724139,30000.0,164.14156997659308,164.14156997659308
2026-02-01 21:15:00,7241.379310344828,30000.0,170.78874143583144,170.78874143583144
2026-02-01 21:15:00,8275.862068965518,30000.0,179.1732963037647,179.1732963037647
2026-02-01 21:15:00,9310.344827586208,30000.0,189.80908643981488,189.80908643981488
2026-02-01 21:15:00,10344.827586206899,30000.0,203.29142368298108,203.29142368298108
2026-02-01 21:15:00,11379.310344827587,30000.0,220.28009962325388,220.28009962325388
2026-02-01 21:15:00,12413.793103448277,30000.0,241.48153281809712,241.48153281809712
2026-02-01 21:15:00,13448.275862068967,30000.0,267.61488077978777,267.61488077978777
2026-02-01 21:15:00,14482.758620689656,30000.0,299.3892389081493,299.3892389081493
2026-02-01 21:15:00,15517.241379310346,30000.0,337.4709327331343,337.4709327331343
2026-02-01 21:15:00,16551.724137931036,30000.0,382.4766484497884,382.4766484497884
2026-02-01 21:15:00,17586.206896551725,30000.0,434.9856698764318,434.9856698764318
2026-02-01 21:15:00,18620.689655172417,30000.0,495.6024950112894,495.6024950112894
2026-02-01 21:15:00,19655.172413793105,30000.0,565.0618407037948,565.0618407037948
2026-02-01 21:15:00,20689.655172413797,30000.0,644.4238104043347,644.4238104043347
2026-02-01 21:15:00,21724.137931034486,30000.0,735.3875640840486,735.3875640840486
2026-02-01 21:15:00,22758.620689655174,30000.0,840.7007989342065,840.7007989342065
2026-02-01 21:15:00,23793.103448275866,30000.0,964.7517721805806,964.7517721805806
2026-02-01 21:15:00,24827.586206896554,30000.0,1114.2224667570147,1114.2224667570147
2026-02-01 21:15:00,25862.068965517243,30000.0,1298.7106483038838,1298.7106483038838
2026-02-01 21:15:00,26896.551724137935,30000.0,1530.9462060223575,1530.9462060223575
2026-02-01 21:15:00,27931.034482758623,30000.0,1825.9185633804527,1825.9185633804527
2026-02-01 21:15:00,28965.51724137931,30000.0,2198.2777846960116,2198.2777846960116
2026-02-01 21:15:00,30000.0,30000.0,2657.9980098283927,2657.9980098283927
