t,x,y,source_x,source_y,source_x_cartesian,source_y_cartesian,source_diameter,Q_total,wind_u,wind_v,D,phi
2021-02-01 00:00:00,29.7222,-95.2539,29.7222,-95.2539,-10043,-3073,752,0.0012,,,,
2021-02-01 01:00:00,29.7222,-95.2539,29.7222,-95.2539,-10043,-3073,752,0.0012,,,,
2021-02-01 02:00:00,29.7222,-95.2539,29.7222,-95.2539,-10043,-3073,752,0.0012,,,,
2021-02-01 03:00:00,29.7222,-95.2539,29.7222,-95.2539,-10043,-3073,752,0.0012,,,,
2021-02-01 04:00:00,29.7222,-95.2539,29.7222,-95.2539,-10043,-3073,752,0.0012,,,,
2021-02-01 05:00:00,29.7222,-95.2539,29.7222,-95.2539,-10043,-3073,752,0.0012,,,,
2021-02-01 06:00:00,29.7222,-95.2539,29.7222,-95.2539,-10043,-3073,752,0.002,,,,
2021-02-01 07:00:00,29.7222,-95.2539,29.7222,-95.2539,-10043,-3073,752,0.002,,,,
2021-02-01 08:00:00,29.7222,-95.2539,29.7222,-95.2539,-10043,-3073,752,0.002,,,,
2021-02-01 09:00:00,29.7222,-95.2539,29.7222,-95.2539,-10043,-3073,752,0.002,,,,
2021-02-01 10:00:00,29.7222,-95.2539,29.7222,-95.2539,-10043,-3073,752,0.002,,,,
2021-02-01 11:00:00,29.7222,-95.2539,29.7222,-95.2539,-10043,-3073,752,0.002,,,,
2021-02-01 12:00:00,29.7222,-95.2539,29.7222,-95.2539,-10043,-3073,752,0.002,,,,
2021-02-01 13:00:00,29.7222,-95.2539,29.7222,-95.2539,-10043,-3073,752,0.002,,,,
2021-02-01 14:00:00,29.7222,-95.2539,29.7222,-95.2539,-10043,-3073,752,0.002,,,,
2021-02-01 15:00:00,29.7222,-95.2539,29.7222,-95.2539,-10043,-3073,752,0.002,,,,
2021-02-01 16:00:00,29.7222,-95.2539,29.7222,-95.2539,-10043,-3073,752,0.002,,,,
2021-02-01 17:00:00,29.7222,-95.2539,29.7222,-95.2539,-10043,-3073,752,0.002,,,,
2021-02-01 18:00:00,29.7222,-95.2539,29.7222,-95.2539,-10043,-3073,752,0.0012,,,,
2021-02-01 19:00:00,29.7222,-95.2539,29.7222,-95.2539,-10043,-3073,752,0.0012,,,,
2021-02-01 20:00:00,29.7222,-95.2539,29.7222,-95.2539,-10043,-3073,752,0.0012,,,,
2021-02-01 21:00:00,29.7222,-95.2539,29.7222,-95.2539,-10043,-3073,752,0.0012,,,,
2021-02-01 22:00:00,29.7222,-95.2539,29.7222,-95.2539,-10043,-3073,752,0.0012,,,,
2021-02-01 23:00:00,29.7222,-95.2539,29.7222,-95.2539,-10043,-3073,752,0.0012,,,,
2021-02-02 00:00:00,29.7222,-95.2539,29.7222,-95.2539,-10043,-3073,752,0.0012,,,,
2021-02-02 01:00:00,29.7222,-95.2539,29.7222,-95.2539,-10043,-3073,752,0.0012,,,,
2021-02-02 02:00:00,29.7222,-95.2539,29.7222,-95.2539,-10043,-3073,752,0.0012,,,,
2021-02-02 03:00:00,29.7222,-95.2539,29.7222,-95.2539,-10043,-3073,752,0.0012,,,,
2021-02-02 04:00:00,29.7222,-95.2539,29.7222,-95.2539,-10043,-3073,752,0.0012,,,,
2021-02-02 05:00:00,29.7222,-95.2539,29.7222,-95.2539,-10043,-3073,752,0.0012,,,,
2021-02-02 06:00:00,29.7222,-95.2539,29.7222,-95.2539,-10043,-3073,752,0.002,,,,
2021-02-02 07:00:00,29.7222,-95.2539,29.7222,-95.2539,-10043,-3073,752,0.002,,,,
2021-02-02 08:00:00,29.7222,-95.2539,29.7222,-95.2539,-10043,-3073,752,0.002,,,,
2021-02-02 09:00:00,29.7222,-95.2539,29.7222,-95.2539,-10043,-3073,752,0.002,,,,
2021-02-02 10:00:00,29.7222,-95.2539,29.7222,-95.2539,-10043,-3073,752,0.002,,,,
2021-02-02 11:00:00,29.7222,-95.2539,29.7222,-95.2539,-10043,-3073,752,0.002,,,,
2021-02-02 12:00:00,29.7222,-95.2539,29.7222,-95.2539,-10043,-3073,752,0.002,,,,
2021-02-02 13:00:00,29.7222,-95.2539,29.7222,-95.2539,-10043,-3073,752,0.002,,,,
2021-02-02 14:00:00,29.7222,-95.2539,29.7222,-95.2539,-10043,-3073,752,0.002,,,,
2021-02-02 15:00:00,29.7222,-95.2539,29.7222,-95.2539,-10043,-3073,752,0.002,,,,
2021-02-02 16:00:00,29.7222,-95.2539,29.7222,-95.2539,-10043,-3073,752,0.002,,,,
2021-02-02 17:00:00,29.7222,-95.2539,29.7222,-95.2539,-10043,-3073,752,0.002,,,,
2021-02-02 18:00:00,29.7222,-95.2539,29.7222,-95.2539,-10043,-3073,752,0.0012,,,,
2021-02-02 19:00:00,29.7222,-95.2539,29.7222,-95.2539,-10043,-3073,752,0.0012,,,,
2021-02-02 20:00:00,29.7222,-95.2539,29.7222,-95.2539,-10043,-3073,752,0.0012,,,,
2021-02-02 21:00:00,29.7222,-95.2539,29.7222,-95.2539,-10043,-3073,752,0.0012,,,,
2021-02-02 22:00:00,29.7222,-95.2539,29.7222,-95.2539,-10043,-3073,752,0.0012,,,,
2021-02-02 23:00:00,29.7222,-95.2539,29.7222,-95.2539,-10043,-3073,752,0.0012,,,,
2021-02-03 00:00:00,29.7222,-95.2539,29.7222,-95.2539,-10043,-3073,752,0.0012,,,,
2021-02-03 01:00:00,29.7222,-95.2539,29.7222,-95.2539,-10043,-3073,752,0.0012,,,,
2021-02-03 02:00:00,29.7222,-95.2539,29.7222,-95.2539,-10043,-3073,752,0.0012,,,,
2021-02-03 03:00:00,29.7222,-95.2539,29.7222,-95.2539,-10043,-3073,752,0.0012,,,,
2021-02-03 04:00:00,29.7222,-95.2539,29.7222,-95.2539,-10043,-3073,752,0.0012,,,,
2021-02-03 05:00:00,29.7222,-95.2539,29.7222,-95.2539,-10043,-3073,752,0.0012,,,,
2021-02-03 06:00:00,29.7222,-95.2539,29.7222,-95.2539,-10043,-3073,752,0.002,,,,
2021-02-03 07:00:00,29.7222,-95.2539,29.7222,-95.2539,-10043,-3073,752,0.002,,,,
2021-02-03 08:00:00,29.7222,-95.2539,29.7222,-95.2539,-10043,-3073,752,0.002,,,,
2021-02-03 09:00:00,29.7222,-95.2539,29.7222,-95.2539,-10043,-3073,752,0.002,,,,
2021-02-03 10:00:00,29.7222,-95.2539,29.7222,-95.2539,-10043,-3073,752,0.002,,,,
2021-02-03 11:00:00,29.7222,-95.2539,29.7222,-95.2539,-10043,-3073,752,0.002,,,,
2021-02-03 12:00:00,29.7222,-95.2539,29.7222,-95.2539,-10043,-3073,752,0.002,,,,
2021-02-03 13:00:00,29.7222,-95.2539,29.7222,-95.2539,-10043,-3073,752,0.002,,,,
2021-02-03 14:00:00,29.7222,-95.2539,29.7222,-95.2539,-10043,-3073,752,0.002,-4.3350454422435165,3.637535031723283,94.20591143206484,
2021-02-03 15:00:00,29.7222,-95.2539,29.7222,-95.2539,-10043,-3073,752,0.002,-4.009697718630693,2.3150000572204594,77.0760535228714,
2021-02-03 16:00:00,29.7222,-95.2539,29.7222,-95.2539,-10043,-3073,752,0.002,-4.900837690640018,2.829499959945679,12.780900568770653,
2021-02-03 17:00:00,29.7222,-95.2539,29.7222,-95.2539,-10043,-3073,752,0.002,-3.6375350317232846,4.335045442243515,12.780900568770653,
2021-02-03 18:00:00,29.7222,-95.2539,29.7222,-95.2539,-10043,-3073,752,0.0012,-3.3440001010894806,5.791978075602435,15.104906661601134,
2021-02-03 19:00:00,29.7222,-95.2539,29.7222,-95.2539,-10043,-3073,752,0.0012,-1.9354919636811891,5.3177204657499555,12.780900568770653,
2021-02-03 20:00:00,29.7222,-95.2539,29.7222,-95.2539,-10043,-3073,752,0.0012,-2.1112904595632433,5.800722863559986,13.941774981152387,
2021-02-03 21:00:00,29.7222,-95.2539,29.7222,-95.2539,-10043,-3073,752,0.0012,-5.123305390457791,4.298963663541702,15.104906661601134,
2021-02-03 22:00:00,29.7222,-95.2539,29.7222,-95.2539,-10043,-3073,752,0.0012,-2.572000026702883,4.454834723317897,11.617768888321907,
2021-02-03 23:00:00,29.7222,-95.2539,29.7222,-95.2539,-10043,-3073,752,0.0012,-5.517052187465303,4.629356455687941,16.265779997041996,
2021-02-04 00:00:00,29.7222,-95.2539,29.7222,-95.2539,-10043,-3073,752,0.0012,-2.572000026702883,4.454834723317897,11.617768888321907,
2021-02-04 01:00:00,29.7222,-95.2539,29.7222,-95.2539,-10043,-3073,752,0.0012,-2.9761067064098823,3.5467858593076964,10.456895552881045,
2021-02-04 02:00:00,29.7222,-95.2539,29.7222,-95.2539,-10043,-3073,752,0.0012,-2.572000026702883,4.454834723317897,11.617768888321907,
2021-02-04 03:00:00,29.7222,-95.2539,29.7222,-95.2539,-10043,-3073,752,0.0012,-2.315000057220461,4.009697718630692,10.456895552881045,
2021-02-04 04:00:00,29.7222,-95.2539,29.7222,-95.2539,-10043,-3073,752,0.0012,-2.058000087738039,3.5645607139434863,9.296022217440182,
2021-02-04 05:00:00,29.7222,-95.2539,29.7222,-95.2539,-10043,-3073,752,0.0012,-2.058000087738039,3.5645607139434863,9.296022217440182,
2021-02-04 06:00:00,29.7222,-95.2539,29.7222,-95.2539,-10043,-3073,752,0.002,-1.8005000352859513,3.1185575401448205,59.94619164470113,
2021-02-04 07:00:00,29.7222,-95.2539,29.7222,-95.2539,-10043,-3073,752,0.002,-1.2316145602527437,3.383833193765949,59.94619164470113,
2021-02-04 08:00:00,29.7222,-95.2539,29.7222,-95.2539,-10043,-3073,752,0.002,-2.058000087738039,3.5645607139434863,68.5194475126811,
2021-02-04 09:00:00,29.7222,-95.2539,29.7222,-95.2539,-10043,-3073,752,0.002,-1.407754969944804,3.8677749920483713,68.5194475126811,
2021-02-04 10:00:00,29.7222,-95.2539,29.7222,-95.2539,-10043,-3073,752,0.002,-0.714735929748186,4.0534688842084465,126.68995052051733,
2021-02-04 11:00:00,29.7222,-95.2539,29.7222,-95.2539,-10043,-3073,752,0.002,-1.1340229640403899e-15,4.630000114440918,142.51080184676223,
2021-02-04 12:00:00,29.7222,-95.2539,29.7222,-95.2539,-10043,-3073,752,0.002,1.055816227458604,2.900831244036278,95.01746289038799,
2021-02-04 13:00:00,29.7222,-95.2539,29.7222,-95.2539,-10043,-3073,752,0.002,0.357367964874092,2.0267344421042237,83.47367244002474,
2021-02-04 14:00:00,29.7222,-95.2539,29.7222,-95.2539,-10043,-3073,752,0.002,0.714735929748184,4.053468884208447,126.68995052051733,
2021-02-04 15:00:00,29.7222,-95.2539,29.7222,-95.2539,-10043,-3073,752,0.002,0.9826750235064365,5.573026995404473,12.780900568770653,
2021-02-04 16:00:00,29.7222,-95.2539,29.7222,-95.2539,-10043,-3073,752,0.002,3.5190451033322243,9.668496959447637,23.237795044710822,
2021-02-04 17:00:00,29.7222,-95.2539,29.7222,-95.2539,-10043,-3073,752,0.002,3.5190451033322243,9.668496959447637,23.237795044710822,
2021-02-04 18:00:00,29.7222,-95.2539,29.7222,-95.2539,-10043,-3073,752,0.0012,5.621177573147581,6.699058567408635,19.750658348372465,
2021-02-04 19:00:00,29.7222,-95.2539,29.7222,-95.2539,-10043,-3073,752,0.0012,5.4014997482299805,9.355672001004825,24.398668380151687,
2021-02-04 20:00:00,29.7222,-95.2539,29.7222,-95.2539,-10043,-3073,752,0.0012,3.967928130374539,4.728792604529485,13.941774981152387,
2021-02-04 21:00:00,29.7222,-95.2539,29.7222,-95.2539,-10043,-3073,752,0.0012,4.629356455687941,5.517052187465303,16.265779997041996,
2021-02-04 22:00:00,29.7222,-95.2539,29.7222,-95.2539,-10043,-3073,752,0.0012,5.123305390457788,4.298963663541704,15.104906661601134,
2021-02-04 23:00:00,29.7222,-95.2539,29.7222,-95.2539,-10043,-3073,752,0.0012,2.572000026702881,4.454834723317899,11.617768888321907,
2021-02-05 00:00:00,29.7222,-95.2539,29.7222,-95.2539,-10043,-3073,752,0.0012,1.5835533027389463,4.350776941778042,10.456895552881045,
2021-02-05 01:00:00,29.7222,-95.2539,29.7222,-95.2539,-10043,-3073,752,0.0012,0.8796758177665437,2.4168894457538563,2.9044422220804766,
2021-02-05 02:00:00,29.7222,-95.2539,29.7222,-95.2539,-10043,-3073,752,0.0012,1.782280356971744,1.0290000438690179,2.3240055543600455,
2021-02-05 03:00:00,29.7222,-95.2539,29.7222,-95.2539,-10043,-3073,752,0.0012,2.058000087738036,-3.564560713943488,9.296022217440182,
2021-02-05 04:00:00,29.7222,-95.2539,29.7222,-95.2539,-10043,-3073,752,0.0012,2.2679235306727226e-15,-6.173000335693359,13.941774981152387,
2021-02-05 05:00:00,29.7222,-95.2539,29.7222,-95.2539,-10043,-3073,752,0.0012,-1.071930259030502,-6.079218589937783,13.941774981152387,
2021-02-05 06:00:00,29.7222,-95.2539,29.7222,-95.2539,-10043,-3073,752,0.002,-1.071930259030502,-6.079218589937783,13.941774981152387,
2021-02-05 07:00:00,29.7222,-95.2539,29.7222,-95.2539,-10043,-3073,752,0.002,-1.4292981411026915,-8.105952562449076,18.589785012931603,
2021-02-05 08:00:00,29.7222,-95.2539,29.7222,-95.2539,-10043,-3073,752,0.002,-2.463229120505488,-6.767666387531898,16.265779997041996,
2021-02-05 09:00:00,29.7222,-95.2539,29.7222,-95.2539,-10043,-3073,752,0.002,-3.858500003814698,-6.683118047611762,17.428911677490746,
2021-02-05 10:00:00,29.7222,-95.2539,29.7222,-95.2539,-10043,-3073,752,0.002,-6.699058567408633,-5.621177573147584,19.750658348372465,
2021-02-05 11:00:00,29.7222,-95.2539,29.7222,-95.2539,-10043,-3073,752,0.002,-5.290784781001343,-6.305311770401121,18.589785012931603,
2021-02-05 12:00:00,29.7222,-95.2539,29.7222,-95.2539,-10043,-3073,752,0.002,-6.30531177040112,-5.290784781001345,18.589785012931603,
2021-02-05 13:00:00,29.7222,-95.2539,29.7222,-95.2539,-10043,-3073,752,0.002,-4.335045442243516,-3.637535031723284,94.20591143206484,
2021-02-05 14:00:00,29.7222,-95.2539,29.7222,-95.2539,-10043,-3073,752,0.002,-5.3459751082803155,-3.0865001678466824,13.941774981152387,
2021-02-05 15:00:00,29.7222,-95.2539,29.7222,-95.2539,-10043,-3073,752,0.002,-2.3150000572204594,-4.009697718630693,77.0760535228714,
2021-02-05 16:00:00,29.7222,-95.2539,29.7222,-95.2539,-10043,-3073,752,0.002,-2.2874307877113473,-6.284664437802228,15.104906661601134,
2021-02-05 17:00:00,29.7222,-95.2539,29.7222,-95.2539,-10043,-3073,752,0.002,-5.621177573147581,-6.699058567408634,19.750658348372465,
2021-02-05 18:00:00,29.7222,-95.2539,29.7222,-95.2539,-10043,-3073,752,0.0012,-4.728792604529483,-3.96792813037454,13.941774981152387,
2021-02-05 19:00:00,29.7222,-95.2539,29.7222,-95.2539,-10043,-3073,752,0.0012,-2.5720000267028813,-4.454834723317899,11.617768888321907,
2021-02-05 20:00:00,29.7222,-95.2539,29.7222,-95.2539,-10043,-3073,752,0.0012,-5.144000053405762,-9.44937480032577e-16,11.617768888321907,
2021-02-05 21:00:00,29.7222,-95.2539,29.7222,-95.2539,-10043,-3073,752,0.0012,-7.734609911503811,2.815167781447735,18.589785012931603,
2021-02-05 22:00:00,29.7222,-95.2539,29.7222,-95.2539,-10043,-3073,752,0.0012,-4.630000114440918,-8.505172230302923e-16,10.456895552881045,
2021-02-05 23:00:00,29.7222,-95.2539,29.7222,-95.2539,-10043,-3073,752,0.0012,-4.833778891507714,-1.7593516355330854,11.617768888321907,
2021-02-06 00:00:00,29.7222,-95.2539,29.7222,-95.2539,-10043,-3073,752,0.0006,-3.1185575401448205,-1.8005000352859513,8.132889998520998,
2021-02-06 01:00:00,29.7222,-95.2539,29.7222,-95.2539,-10043,-3073,752,0.0006,-1.8005000352859502,-3.118557540144821,8.132889998520998,
2021-02-06 02:00:00,29.7222,-95.2539,29.7222,-95.2539,-10043,-3073,752,0.0006,-1.5435000658035283,-2.6734205354576153,6.972016663080137,
2021-02-06 03:00:00,29.7222,-95.2539,29.7222,-95.2539,-10043,-3073,752,0.0006,-2.758526093732651,-2.314678227843971,8.132889998520998,
2021-02-06 04:00:00,29.7222,-95.2539,29.7222,-95.2539,-10043,-3073,752,0.0006,-4.350776941778042,-1.5835533027389446,10.456895552881045,
2021-02-06 05:00:00,29.7222,-95.2539,29.7222,-95.2539,-10043,-3073,752,0.0006,-3.8677749920483713,-1.4077549699448038,9.296022217440182,
2021-02-06 06:00:00,29.7222,-95.2539,29.7222,-95.2539,-10043,-3073,752,0.0009,-4.350776941778042,-1.5835533027389446,77.0760535228714,
2021-02-06 07:00:00,29.7222,-95.2539,29.7222,-95.2539,-10043,-3073,752,0.0009,-3.1530390623001847,-2.6457139142636428,68.5194475126811,
2021-02-06 08:00:00,29.7222,-95.2539,29.7222,-95.2539,-10043,-3073,752,0.0009,-3.8677749920483713,-1.4077549699448038,68.5194475126811,
2021-02-06 09:00:00,29.7222,-95.2539,29.7222,-95.2539,-10043,-3073,752,0.0009,-4.559660009148827,-0.8039910824703443,77.0760535228714,
2021-02-06 10:00:00,29.7222,-95.2539,29.7222,-95.2539,-10043,-3073,752,0.0009,-4.0534688842084465,-0.7147359297481858,126.68995052051733,
2021-02-06 11:00:00,29.7222,-95.2539,29.7222,-95.2539,-10043,-3073,752,0.0009,-2.673420535457615,-1.5435000658035292,95.01746289038799,
2021-02-06 12:00:00,29.7222,-95.2539,29.7222,-95.2539,-10043,-3073,752,0.0009,-4.116000175476074,-7.560969660280077e-16,126.68995052051733,
2021-02-06 13:00:00,29.7222,-95.2539,29.7222,-95.2539,-10043,-3073,752,0.0009,-2.9008312440362785,-1.055816227458603,95.01746289038799,
2021-02-06 14:00:00,29.7222,-95.2539,29.7222,-95.2539,-10043,-3073,752,0.0009,-3.5645607139434863,-2.058000087738039,126.68995052051733,
2021-02-06 15:00:00,29.7222,-95.2539,29.7222,-95.2539,-10043,-3073,752,0.0009,-2.3146782278439706,-2.7585260937326512,59.94619164470113,
2021-02-06 16:00:00,29.7222,-95.2539,29.7222,-95.2539,-10043,-3073,752,0.0009,-3.040101663156335,-0.5360519473111394,51.38958563451083,
2021-02-06 17:00:00,29.7222,-95.2539,29.7222,-95.2539,-10043,-3073,752,0.0009,-2.416889445753857,-0.8796758177665427,42.816329766530856,
2021-02-06 18:00:00,29.7222,-95.2539,29.7222,-95.2539,-10043,-3073,752,0.0006,-2.0267344421042237,0.3573679648740921,34.25972375634055,
2021-02-06 19:00:00,29.7222,-95.2539,29.7222,-95.2539,-10043,-3073,752,0.0006,-5.040646440186718e-16,2.058000087738037,2.3240055543600455,
2021-02-06 20:00:00,29.7222,-95.2539,29.7222,-95.2539,-10043,-3073,752,0.0006,2.4168894457538572,-0.8796758177665414,2.9044422220804766,
2021-02-06 21:00:00,29.7222,-95.2539,29.7222,-95.2539,-10043,-3073,752,0.0006,1.9842854356977313,2.364779296725139,6.972016663080137,
2021-02-06 22:00:00,29.7222,-95.2539,29.7222,-95.2539,-10043,-3073,752,0.0006,5.144000053405762,1.5748958000542951e-15,11.617768888321907,
2021-02-06 23:00:00,29.7222,-95.2539,29.7222,-95.2539,-10043,-3073,752,0.0006,5.065851134089207,-0.8932462351925003,11.617768888321907,
2021-02-07 00:00:00,29.7222,-95.2539,29.7222,-95.2539,-10043,-3073,752,0.0006,1.933887496024186,-0.7038774849724009,2.3240055543600455,
2021-02-07 01:00:00,29.7222,-95.2539,29.7222,-95.2539,-10043,-3073,752,0.0006,2.5329255670446034,-0.4466231175962502,2.9044422220804766,
2021-02-07 02:00:00,29.7222,-95.2539,29.7222,-95.2539,-10043,-3073,752,0.0006,0.44662311759625184,-2.532925567044603,2.9044422220804766,
2021-02-07 03:00:00,29.7222,-95.2539,29.7222,-95.2539,-10043,-3073,752,0.0006,1.889874960065154e-15,-5.144000053405762,11.617768888321907,
2021-02-07 04:00:00,29.7222,-95.2539,29.7222,-95.2539,-10043,-3073,752,0.0006,0.803991082470345,-4.559660009148827,10.456895552881045,
2021-02-07 05:00:00,29.7222,-95.2539,29.7222,-95.2539,-10043,-3073,752,0.0006,1.5121939320560154e-15,-4.116000175476074,9.296022217440182,
2021-02-07 06:00:00,29.7222,-95.2539,29.7222,-95.2539,-10043,-3073,752,0.0009,2.2679235306727226e-15,-6.173000335693359,13.941774981152387,
2021-02-07 07:00:00,29.7222,-95.2539,29.7222,-95.2539,-10043,-3073,752,0.0009,0.7147359297481864,-4.0534688842084465,68.5194475126811,
2021-02-07 08:00:00,29.7222,-95.2539,29.7222,-95.2539,-10043,-3073,752,0.0009,-1.583553302738945,-4.350776941778042,77.0760535228714,
2021-02-07 09:00:00,29.7222,-95.2539,29.7222,-95.2539,-10043,-3073,752,0.0009,-0.8039910824703449,-4.559660009148827,77.0760535228714,
2021-02-07 10:00:00,29.7222,-95.2539,29.7222,-95.2539,-10043,-3073,752,0.0009,-0.8932462351925036,-5.065851134089206,85.63265953306171,
2021-02-07 11:00:00,29.7222,-95.2539,29.7222,-95.2539,-10043,-3073,752,0.0009,-1.5435000658035283,-2.6734205354576153,95.01746289038799,
2021-02-07 12:00:00,29.7222,-95.2539,29.7222,-95.2539,-10043,-3073,752,0.0009,-3.1185575401448205,-1.8005000352859513,110.8383142166329,
2021-02-07 13:00:00,29.7222,-95.2539,29.7222,-95.2539,-10043,-3073,752,0.0009,-4.0534688842084465,-0.7147359297481858,126.68995052051733,
2021-02-07 14:00:00,29.7222,-95.2539,29.7222,-95.2539,-10043,-3073,752,0.0009,-3.5645607139434863,-2.058000087738039,126.68995052051733,
2021-02-07 15:00:00,29.7222,-95.2539,29.7222,-95.2539,-10043,-3073,752,0.0009,-5.065851134089207,0.893246235192501,11.617768888321907,
2021-02-07 16:00:00,29.7222,-95.2539,29.7222,-95.2539,-10043,-3073,752,0.0009,-3.867774992048371,1.4077549699448055,68.5194475126811,
2021-02-07 17:00:00,29.7222,-95.2539,29.7222,-95.2539,-10043,-3073,752,0.0009,-1.2316145602527437,3.383833193765949,59.94619164470113,
2021-02-07 18:00:00,29.7222,-95.2539,29.7222,-95.2539,-10043,-3073,752,0.0006,-3.867774992048371,1.4077549699448055,68.5194475126811,
2021-02-07 19:00:00,29.7222,-95.2539,29.7222,-95.2539,-10043,-3073,752,0.0006,-1.6532497492780607,1.9702663281576043,2.9044422220804766,
2021-02-07 20:00:00,29.7222,-95.2539,29.7222,-95.2539,-10043,-3073,752,0.0006,-4.900837690640018,2.829499959945679,12.780900568770653,
2021-02-07 21:00:00,29.7222,-95.2539,29.7222,-95.2539,-10043,-3073,752,0.0006,-5.317720465749955,1.9354919636811914,12.780900568770653,
2021-02-07 22:00:00,29.7222,-95.2539,29.7222,-95.2539,-10043,-3073,752,0.0006,-5.345975108280316,3.0865001678466806,13.941774981152387,
2021-02-07 23:00:00,29.7222,-95.2539,29.7222,-95.2539,-10043,-3073,752,0.0006,-2.315000057220461,4.009697718630692,10.456895552881045,
2021-02-08 00:00:00,29.7222,-95.2539,29.7222,-95.2539,-10043,-3073,752,0.0012,-3.6375350317232846,4.335045442243515,12.780900568770653,
2021-02-08 01:00:00,29.7222,-95.2539,29.7222,-95.2539,-10043,-3073,752,0.0012,-2.058000087738039,3.5645607139434863,9.296022217440182,
2021-02-08 02:00:00,29.7222,-95.2539,29.7222,-95.2539,-10043,-3073,752,0.0012,-2.364779296725139,1.9842854356977313,6.972016663080137,
2021-02-08 03:00:00,29.7222,-95.2539,29.7222,-95.2539,-10043,-3073,752,0.0012,-1.9702663281576052,1.65324974927806,2.9044422220804766,
2021-02-08 04:00:00,29.7222,-95.2539,29.7222,-95.2539,-10043,-3073,752,0.0012,-2.0267344421042237,0.3573679648740921,2.3240055543600455,
2021-02-08 05:00:00,29.7222,-95.2539,29.7222,-95.2539,-10043,-3073,752,0.0012,-2.4168894457538563,0.8796758177665438,2.9044422220804766,
2021-02-08 06:00:00,29.7222,-95.2539,29.7222,-95.2539,-10043,-3073,752,0.002,-2.900831244036278,1.0558162274586043,51.38958563451083,
2021-02-08 07:00:00,29.7222,-95.2539,29.7222,-95.2539,-10043,-3073,752,0.002,-3.546292788096715,0.6253071000332966,59.94619164470113,
2021-02-08 08:00:00,29.7222,-95.2539,29.7222,-95.2539,-10043,-3073,752,0.002,-3.383833193765949,1.2316145602527453,59.94619164470113,
2021-02-08 09:00:00,29.7222,-95.2539,29.7222,-95.2539,-10043,-3073,752,0.002,-3.867774992048371,1.4077549699448055,68.5194475126811,
2021-02-08 10:00:00,29.7222,-95.2539,29.7222,-95.2539,-10043,-3073,752,0.002,-3.867774992048371,1.4077549699448055,126.68995052051733,
2021-02-08 11:00:00,29.7222,-95.2539,29.7222,-95.2539,-10043,-3073,752,0.002,-3.546292788096715,0.6253071000332966,110.8383142166329,
2021-02-08 12:00:00,29.7222,-95.2539,29.7222,-95.2539,-10043,-3073,752,0.002,-3.546292788096715,0.6253071000332966,110.8383142166329,
2021-02-08 13:00:00,29.7222,-95.2539,29.7222,-95.2539,-10043,-3073,752,0.002,-3.867774992048371,1.4077549699448055,126.68995052051733,
2021-02-08 14:00:00,29.7222,-95.2539,29.7222,-95.2539,-10043,-3073,752,0.002,-3.867774992048371,1.4077549699448055,126.68995052051733,
2021-02-08 15:00:00,29.7222,-95.2539,29.7222,-95.2539,-10043,-3073,752,0.002,-5.317720465749955,1.9354919636811914,12.780900568770653,
2021-02-08 16:00:00,29.7222,-95.2539,29.7222,-95.2539,-10043,-3073,752,0.002,-5.317720465749955,1.9354919636811914,12.780900568770653,
2021-02-08 17:00:00,29.7222,-95.2539,29.7222,-95.2539,-10043,-3073,752,0.002,-6.683118047611762,3.858500003814698,17.428911677490746,
2021-02-08 18:00:00,29.7222,-95.2539,29.7222,-95.2539,-10043,-3073,752,0.0012,-4.728792604529485,3.967928130374539,13.941774981152387,
2021-02-08 19:00:00,29.7222,-95.2539,29.7222,-95.2539,-10043,-3073,752,0.0012,-3.564560713943487,2.0580000877380376,9.296022217440182,
2021-02-08 20:00:00,29.7222,-95.2539,29.7222,-95.2539,-10043,-3073,752,0.0012,-4.454834723317899,2.5720000267028813,11.617768888321907,
2021-02-08 21:00:00,29.7222,-95.2539,29.7222,-95.2539,-10043,-3073,752,0.0012,-2.572000026702883,4.454834723317897,11.617768888321907,
2021-02-08 22:00:00,29.7222,-95.2539,29.7222,-95.2539,-10043,-3073,752,0.0012,-3.546785859307698,2.976106706409881,10.456895552881045,
2021-02-08 23:00:00,29.7222,-95.2539,29.7222,-95.2539,-10043,-3073,752,0.0012,-3.564560713943487,2.0580000877380376,9.296022217440182,
2021-02-09 00:00:00,29.7222,-95.2539,29.7222,-95.2539,-10043,-3073,752,0.0012,-5.065851134089206,-0.8932462351925028,11.617768888321907,
2021-02-09 01:00:00,29.7222,-95.2539,29.7222,-95.2539,-10043,-3073,752,0.0012,-3.867774992048371,1.4077549699448055,9.296022217440182,
2021-02-09 02:00:00,29.7222,-95.2539,29.7222,-95.2539,-10043,-3073,752,0.0012,-3.867774992048371,1.4077549699448055,9.296022217440182,
2021-02-09 03:00:00,29.7222,-95.2539,29.7222,-95.2539,-10043,-3073,752,0.0012,-2.900831244036278,1.0558162274586043,6.972016663080137,
2021-02-09 04:00:00,29.7222,-95.2539,29.7222,-95.2539,-10043,-3073,752,0.0012,-2.4168894457538563,0.8796758177665438,2.9044422220804766,
2021-02-09 05:00:00,29.7222,-95.2539,29.7222,-95.2539,-10043,-3073,752,0.0012,-2.6734205354576153,1.5435000658035283,6.972016663080137,
2021-02-09 06:00:00,29.7222,-95.2539,29.7222,-95.2539,-10043,-3073,752,0.002,-1.9702663281576052,1.65324974927806,42.816329766530856,
2021-02-09 07:00:00,29.7222,-95.2539,29.7222,-95.2539,-10043,-3073,752,0.002,-1.5765195311500928,1.322856957131821,34.25972375634055,
2021-02-09 08:00:00,29.7222,-95.2539,29.7222,-95.2539,-10043,-3073,752,0.002,-2.0267344421042237,0.3573679648740921,46.311888242467965,
2021-02-09 09:00:00,29.7222,-95.2539,29.7222,-95.2539,-10043,-3073,752,0.002,-1.5429999828338623,-2.8344449850928654e-16,47.49333895637425,
2021-02-09 10:00:00,29.7222,-95.2539,29.7222,-95.2539,-10043,-3073,752,0.002,-1.5765195311500924,-1.3228569571318214,83.47367244002474,
2021-02-09 11:00:00,29.7222,-95.2539,29.7222,-95.2539,-10043,-3073,752,0.002,-1.336277183173077,-0.7714999914169318,86.79460347212152,
2021-02-09 12:00:00,29.7222,-95.2539,29.7222,-95.2539,-10043,-3073,752,0.002,-2.058000087738037,-3.7804848301400385e-16,83.47367244002474,
2021-02-09 13:00:00,29.7222,-95.2539,29.7222,-95.2539,-10043,-3073,752,0.002,0.0,-0.0,5.625055375095677,
2021-02-09 14:00:00,29.7222,-95.2539,29.7222,-95.2539,-10043,-3073,752,0.002,-1.5195583459924917,0.2679391351592044,86.79460347212152,
2021-02-09 15:00:00,29.7222,-95.2539,29.7222,-95.2539,-10043,-3073,752,0.002,0.0,-0.0,3.077987004844183,
2021-02-09 16:00:00,29.7222,-95.2539,29.7222,-95.2539,-10043,-3073,752,0.002,-2.0267344421042237,0.3573679648740921,46.311888242467965,
2021-02-09 17:00:00,29.7222,-95.2539,29.7222,-95.2539,-10043,-3073,752,0.002,-2.0267344421042237,0.3573679648740921,34.25972375634055,
2021-02-09 18:00:00,29.7222,-95.2539,29.7222,-95.2539,-10043,-3073,752,0.0012,-1.5765195311500928,1.322856957131821,34.25972375634055,
2021-02-09 19:00:00,29.7222,-95.2539,29.7222,-95.2539,-10043,-3073,752,0.0012,-1.5429999828338623,-2.8344449850928654e-16,1.0,
2021-02-09 20:00:00,29.7222,-95.2539,29.7222,-95.2539,-10043,-3073,752,0.0012,-1.9702663281576052,1.65324974927806,2.9044422220804766,
2021-02-09 21:00:00,29.7222,-95.2539,29.7222,-95.2539,-10043,-3073,752,0.0012,-3.546785859307698,2.976106706409881,10.456895552881045,
2021-02-09 22:00:00,29.7222,-95.2539,29.7222,-95.2539,-10043,-3073,752,0.0012,-4.833778891507713,1.7593516355330876,11.617768888321907,
2021-02-09 23:00:00,29.7222,-95.2539,29.7222,-95.2539,-10043,-3073,752,0.0012,-3.9405326563152103,3.30649949855612,11.617768888321907,
2021-02-10 00:00:00,29.7222,-95.2539,29.7222,-95.2539,-10043,-3073,752,0.0012,-4.833778891507713,1.7593516355330876,11.617768888321907,
2021-02-10 01:00:00,29.7222,-95.2539,29.7222,-95.2539,-10043,-3073,752,0.0012,-4.053468884208447,0.7147359297481842,9.296022217440182,
2021-02-10 02:00:00,29.7222,-95.2539,29.7222,-95.2539,-10043,-3073,752,0.0012,-5.065851134089207,0.893246235192501,11.617768888321907,
2021-02-10 03:00:00,29.7222,-95.2539,29.7222,-95.2539,-10043,-3073,752,0.0012,-4.116000175476074,-7.560969660280077e-16,9.296022217440182,
2021-02-10 04:00:00,29.7222,-95.2539,29.7222,-95.2539,-10043,-3073,752,0.0012,-2.5329255670446034,0.4466231175962505,2.9044422220804766,
2021-02-10 05:00:00,29.7222,-95.2539,29.7222,-95.2539,-10043,-3073,752,0.0012,-3.0870001316070557,-5.670727245210058e-16,6.972016663080137,
2021-02-10 06:00:00,29.7222,-95.2539,29.7222,-95.2539,-10043,-3073,752,0.002,-3.0870001316070557,-5.670727245210058e-16,51.38958563451083,
2021-02-10 07:00:00,29.7222,-95.2539,29.7222,-95.2539,-10043,-3073,752,0.002,-2.0267344421042233,-0.3573679648740929,34.25972375634055,
2021-02-10 08:00:00,29.7222,-95.2539,29.7222,-95.2539,-10043,-3073,752,0.002,-2.058000087738037,-3.7804848301400385e-16,46.311888242467965,
2021-02-10 09:00:00,29.7222,-95.2539,29.7222,-95.2539,-10043,-3073,752,0.002,-3.383833193765949,-1.2316145602527435,59.94619164470113,
2021-02-10 10:00:00,29.7222,-95.2539,29.7222,-95.2539,-10043,-3073,752,0.002,0.0,-0.0,5.625055375095677,
2021-02-10 11:00:00,29.7222,-95.2539,29.7222,-95.2539,-10043,-3073,752,0.002,-2.416889445753857,-0.8796758177665427,104.32180689588951,
2021-02-10 12:00:00,29.7222,-95.2539,29.7222,-95.2539,-10043,-3073,752,0.002,-1.9702663281576047,-1.6532497492780605,104.32180689588951,
2021-02-10 13:00:00,29.7222,-95.2539,29.7222,-95.2539,-10043,-3073,752,0.002,-2.2274173616589485,-1.2860000133514415,104.32180689588951,
2021-02-10 14:00:00,29.7222,-95.2539,29.7222,-95.2539,-10043,-3073,752,0.002,-1.9702663281576047,-1.6532497492780605,104.32180689588951,
2021-02-10 15:00:00,29.7222,-95.2539,29.7222,-95.2539,-10043,-3073,752,0.002,-1.65324974927806,-1.970266328157605,57.87860676294125,
2021-02-10 16:00:00,29.7222,-95.2539,29.7222,-95.2539,-10043,-3073,752,0.002,-2.673420535457615,-1.5435000658035292,51.38958563451083,
2021-02-10 17:00:00,29.7222,-95.2539,29.7222,-95.2539,-10043,-3073,752,0.002,-1.9702663281576047,-1.6532497492780605,42.816329766530856,
2021-02-10 18:00:00,29.7222,-95.2539,29.7222,-95.2539,-10043,-3073,752,0.0012,-0.4466231175962518,-2.532925567044603,42.816329766530856,
2021-02-10 19:00:00,29.7222,-95.2539,29.7222,-95.2539,-10043,-3073,752,0.0012,0.5360519473111398,-3.040101663156335,6.972016663080137,
2021-02-10 20:00:00,29.7222,-95.2539,29.7222,-95.2539,-10043,-3073,752,0.0012,1.5835533027389452,-4.350776941778042,10.456895552881045,
2021-02-10 21:00:00,29.7222,-95.2539,29.7222,-95.2539,-10043,-3073,752,0.0012,1.1341454490420116e-15,-3.0870001316070557,6.972016663080137,
2021-02-10 22:00:00,29.7222,-95.2539,29.7222,-95.2539,-10043,-3073,752,0.0012,1.4077549699448044,-3.8677749920483713,9.296022217440182,
2021-02-10 23:00:00,29.7222,-95.2539,29.7222,-95.2539,-10043,-3073,752,0.0012,1.2316145602527442,-3.383833193765949,8.132889998520998,
2021-02-11 00:00:00,29.7222,-95.2539,29.7222,-95.2539,-10043,-3073,752,0.0012,1.759351635533086,-4.833778891507714,11.617768888321907,
2021-02-11 01:00:00,29.7222,-95.2539,29.7222,-95.2539,-10043,-3073,752,0.0012,1.759351635533086,-4.833778891507714,11.617768888321907,
2021-02-11 02:00:00,29.7222,-95.2539,29.7222,-95.2539,-10043,-3073,752,0.0012,0.8932462351925037,-5.065851134089206,11.617768888321907,
2021-02-11 03:00:00,29.7222,-95.2539,29.7222,-95.2539,-10043,-3073,752,0.0012,0.8932462351925037,-5.065851134089206,11.617768888321907,
2021-02-11 04:00:00,29.7222,-95.2539,29.7222,-95.2539,-10043,-3073,752,0.0012,0.8932462351925037,-5.065851134089206,11.617768888321907,
2021-02-11 05:00:00,29.7222,-95.2539,29.7222,-95.2539,-10043,-3073,752,0.0012,1.1613590473444382,-6.5863944512530495,15.104906661601134,
2021-02-11 06:00:00,29.7222,-95.2539,29.7222,-95.2539,-10043,-3073,752,0.002,0.9826750235064399,-5.573026995404473,12.780900568770653,
2021-02-11 07:00:00,29.7222,-95.2539,29.7222,-95.2539,-10043,-3073,752,0.002,2.2874307877113473,-6.284664437802228,15.104906661601134,
2021-02-11 08:00:00,29.7222,-95.2539,29.7222,-95.2539,-10043,-3073,752,0.002,1.071930259030502,-6.079218589937783,13.941774981152387,
2021-02-11 09:00:00,29.7222,-95.2539,29.7222,-95.2539,-10043,-3073,752,0.002,3.8585000038146955,-6.683118047611764,17.428911677490746,
2021-02-11 10:00:00,29.7222,-95.2539,29.7222,-95.2539,-10043,-3073,752,0.002,1.9354919636811898,-5.3177204657499555,94.20591143206484,
2021-02-11 11:00:00,29.7222,-95.2539,29.7222,-95.2539,-10043,-3073,752,0.002,2.4571314120885924e-15,-6.688000202178955,15.104906661601134,
2021-02-11 12:00:00,29.7222,-95.2539,29.7222,-95.2539,-10043,-3073,752,0.002,1.250614200066597,-7.0925855761934296,16.265779997041996,
2021-02-11 13:00:00,29.7222,-95.2539,29.7222,-95.2539,-10043,-3073,752,0.002,1.6972373176628488,-9.625511143238032,22.074664441202955,
2021-02-11 14:00:00,29.7222,-95.2539,29.7222,-95.2539,-10043,-3073,752,0.002,1.9354919636811898,-5.3177204657499555,94.20591143206484,
2021-02-11 15:00:00,29.7222,-95.2539,29.7222,-95.2539,-10043,-3073,752,0.002,1.071930259030502,-6.079218589937783,13.941774981152387,
2021-02-11 16:00:00,29.7222,-95.2539,29.7222,-95.2539,-10043,-3073,752,0.002,2.2679235306727226e-15,-6.173000335693359,13.941774981152387,
2021-02-11 17:00:00,29.7222,-95.2539,29.7222,-95.2539,-10043,-3073,752,0.002,1.3400429883805332,-7.599761437508696,17.428911677490746,
2021-02-11 18:00:00,29.7222,-95.2539,29.7222,-95.2539,-10043,-3073,752,0.0012,2.6459719260931616e-15,-7.202000141143799,16.265779997041996,
2021-02-11 19:00:00,29.7222,-95.2539,29.7222,-95.2539,-10043,-3073,752,0.0012,1.071930259030502,-6.079218589937783,13.941774981152387,
2021-02-11 20:00:00,29.7222,-95.2539,29.7222,-95.2539,-10043,-3073,752,0.0012,2.2679235306727226e-15,-6.173000335693359,13.941774981152387,
2021-02-11 21:00:00,29.7222,-95.2539,29.7222,-95.2539,-10043,-3073,752,0.0012,3.402068892121169e-15,-9.260000228881836,20.91379110576209,
2021-02-11 22:00:00,29.7222,-95.2539,29.7222,-95.2539,-10043,-3073,752,0.0012,1.071930259030502,-6.079218589937783,13.941774981152387,
2021-02-11 23:00:00,29.7222,-95.2539,29.7222,-95.2539,-10043,-3073,752,0.0012,-2.463229120505488,-6.767666387531898,16.265779997041996,
2021-02-12 00:00:00,29.7222,-95.2539,29.7222,-95.2539,-10043,-3073,752,0.0012,0.9826750235064399,-5.573026995404473,12.780900568770653,
2021-02-12 01:00:00,29.7222,-95.2539,29.7222,-95.2539,-10043,-3073,752,0.0012,1.2316145602527442,-3.383833193765949,8.132889998520998,
2021-02-12 02:00:00,29.7222,-95.2539,29.7222,-95.2539,-10043,-3073,752,0.0012,2.2679235306727226e-15,-6.173000335693359,13.941774981152387,
2021-02-12 03:00:00,29.7222,-95.2539,29.7222,-95.2539,-10043,-3073,752,0.0012,2.4571314120885924e-15,-6.688000202178955,15.104906661601134,
2021-02-12 04:00:00,29.7222,-95.2539,29.7222,-95.2539,-10043,-3073,752,0.0012,-3.0865001678466806,-5.345975108280316,13.941774981152387,
2021-02-12 05:00:00,29.7222,-95.2539,29.7222,-95.2539,-10043,-3073,752,0.0012,1.9354919636811898,-5.3177204657499555,12.780900568770653,
2021-02-12 06:00:00,29.7222,-95.2539,29.7222,-95.2539,-10043,-3073,752,0.002,2.111290459563244,-5.800722863559986,13.941774981152387,
2021-02-12 07:00:00,29.7222,-95.2539,29.7222,-95.2539,-10043,-3073,752,0.002,1.3400429883805332,-7.599761437508696,17.428911677490746,
2021-02-12 08:00:00,29.7222,-95.2539,29.7222,-95.2539,-10043,-3073,752,0.002,1.9354919636811898,-5.3177204657499555,12.780900568770653,
2021-02-12 09:00:00,29.7222,-95.2539,29.7222,-95.2539,-10043,-3073,752,0.002,3.7801171123544785e-15,-10.288999557495117,23.237795044710822,
2021-02-12 10:00:00,29.7222,-95.2539,29.7222,-95.2539,-10043,-3073,752,0.002,3.590909406125738e-15,-9.77400016784668,22.074664441202955,
2021-02-12 11:00:00,29.7222,-95.2539,29.7222,-95.2539,-10043,-3073,752,0.002,2.2679235306727226e-15,-6.173000335693359,13.941774981152387,
2021-02-12 12:00:00,29.7222,-95.2539,29.7222,-95.2539,-10043,-3073,752,0.002,2.4571314120885924e-15,-6.688000202178955,15.104906661601134,
2021-02-12 13:00:00,29.7222,-95.2539,29.7222,-95.2539,-10043,-3073,752,0.002,2.2679235306727226e-15,-6.173000335693359,13.941774981152387,
2021-02-12 14:00:00,29.7222,-95.2539,29.7222,-95.2539,-10043,-3073,752,0.002,2.2679235306727226e-15,-6.173000335693359,13.941774981152387,
2021-02-12 15:00:00,29.7222,-95.2539,29.7222,-95.2539,-10043,-3073,752,0.002,3.0240203215136006e-15,-8.230999946594238,18.589785012931603,
2021-02-12 16:00:00,29.7222,-95.2539,29.7222,-95.2539,-10043,-3073,752,0.002,3.2128608355181697e-15,-8.744999885559082,19.750658348372465,
2021-02-12 17:00:00,29.7222,-95.2539,29.7222,-95.2539,-10043,-3073,752,0.002,-1.340042988380533,-7.599761437508696,17.428911677490746,
2021-02-12 18:00:00,29.7222,-95.2539,29.7222,-95.2539,-10043,-3073,752,0.0012,3.0240203215136006e-15,-8.230999946594238,18.589785012931603,
2021-02-12 19:00:00,29.7222,-95.2539,29.7222,-95.2539,-10043,-3073,752,0.0012,2.8351798075090314e-15,-7.7170000076293945,17.428911677490746,
2021-02-12 20:00:00,29.7222,-95.2539,29.7222,-95.2539,-10043,-3073,752,0.0012,2.4632291205054884,-6.767666387531898,16.265779997041996,
2021-02-12 21:00:00,29.7222,-95.2539,29.7222,-95.2539,-10043,-3073,752,0.0012,1.3400429883805332,-7.599761437508696,17.428911677490746,
2021-02-12 22:00:00,29.7222,-95.2539,29.7222,-95.2539,-10043,-3073,752,0.0012,2.9909661142418735,-8.217611861233483,19.750658348372465,
2021-02-12 23:00:00,29.7222,-95.2539,29.7222,-95.2539,-10043,-3073,752,0.0012,0.9826750235064399,-5.573026995404473,12.780900568770653,
2021-02-13 00:00:00,29.7222,-95.2539,29.7222,-95.2539,-10043,-3073,752,0.0006,2.0790828414810238e-15,-5.658999919891357,12.780900568770653,
2021-02-13 01:00:00,29.7222,-95.2539,29.7222,-95.2539,-10043,-3073,752,0.0006,1.4292981411026917,-8.105952562449076,18.589785012931603,
2021-02-13 02:00:00,29.7222,-95.2539,29.7222,-95.2539,-10043,-3073,752,0.0006,1.250614200066597,-7.0925855761934296,16.265779997041996,
2021-02-13 03:00:00,29.7222,-95.2539,29.7222,-95.2539,-10043,-3073,752,0.0006,-2.2874307877113473,-6.284664437802228,15.104906661601134,
2021-02-13 04:00:00,29.7222,-95.2539,29.7222,-95.2539,-10043,-3073,752,0.0006,2.8351798075090314e-15,-7.7170000076293945,17.428911677490746,
2021-02-13 05:00:00,29.7222,-95.2539,29.7222,-95.2539,-10043,-3073,752,0.0006,-0.8932462351925036,-5.065851134089206,11.617768888321907,
2021-02-13 06:00:00,29.7222,-95.2539,29.7222,-95.2539,-10043,-3073,752,0.0009,0.9826750235064399,-5.573026995404473,12.780900568770653,
2021-02-13 07:00:00,29.7222,-95.2539,29.7222,-95.2539,-10043,-3073,752,0.0009,2.6459719260931616e-15,-7.202000141143799,16.265779997041996,
2021-02-13 08:00:00,29.7222,-95.2539,29.7222,-95.2539,-10043,-3073,752,0.0009,1.5121939320560154e-15,-4.116000175476074,68.5194475126811,
2021-02-13 09:00:00,29.7222,-95.2539,29.7222,-95.2539,-10043,-3073,752,0.0009,1.071930259030502,-6.079218589937783,13.941774981152387,
2021-02-13 10:00:00,29.7222,-95.2539,29.7222,-95.2539,-10043,-3073,752,0.0009,1.250614200066597,-7.0925855761934296,16.265779997041996,
2021-02-13 11:00:00,29.7222,-95.2539,29.7222,-95.2539,-10043,-3073,752,0.0009,2.6459719260931616e-15,-7.202000141143799,16.265779997041996,
2021-02-13 12:00:00,29.7222,-95.2539,29.7222,-95.2539,-10043,-3073,752,0.0009,2.6459719260931616e-15,-7.202000141143799,16.265779997041996,
2021-02-13 13:00:00,29.7222,-95.2539,29.7222,-95.2539,-10043,-3073,752,0.0009,1.3400429883805332,-7.599761437508696,17.428911677490746,
2021-02-13 14:00:00,29.7222,-95.2539,29.7222,-95.2539,-10043,-3073,752,0.0009,0.8932462351925037,-5.065851134089206,85.63265953306171,
2021-02-13 15:00:00,29.7222,-95.2539,29.7222,-95.2539,-10043,-3073,752,0.0009,2.111290459563244,-5.800722863559986,13.941774981152387,
2021-02-13 16:00:00,29.7222,-95.2539,29.7222,-95.2539,-10043,-3073,752,0.0009,2.111290459563244,-5.800722863559986,13.941774981152387,
2021-02-13 17:00:00,29.7222,-95.2539,29.7222,-95.2539,-10043,-3073,752,0.0009,2.639369448653592,-7.251607961774141,17.428911677490746,
2021-02-13 18:00:00,29.7222,-95.2539,29.7222,-95.2539,-10043,-3073,752,0.0006,1.1613590473444382,-6.5863944512530495,15.104906661601134,
2021-02-13 19:00:00,29.7222,-95.2539,29.7222,-95.2539,-10043,-3073,752,0.0006,2.2679235306727226e-15,-6.173000335693359,13.941774981152387,
2021-02-13 20:00:00,29.7222,-95.2539,29.7222,-95.2539,-10043,-3073,752,0.0006,2.4632291205054884,-6.767666387531898,16.265779997041996,
2021-02-13 21:00:00,29.7222,-95.2539,29.7222,-95.2539,-10043,-3073,752,0.0006,0.8932462351925037,-5.065851134089206,11.617768888321907,
2021-02-13 22:00:00,29.7222,-95.2539,29.7222,-95.2539,-10043,-3073,752,0.0006,2.4571314120885924e-15,-6.688000202178955,15.104906661601134,
2021-02-13 23:00:00,29.7222,-95.2539,29.7222,-95.2539,-10043,-3073,752,0.0006,2.2679235306727226e-15,-6.173000335693359,13.941774981152387,
2021-02-14 00:00:00,29.7222,-95.2539,29.7222,-95.2539,-10043,-3073,752,0.0006,2.315000057220458,-4.009697718630694,10.456895552881045,
2021-02-14 01:00:00,29.7222,-95.2539,29.7222,-95.2539,-10043,-3073,752,0.0006,1.759351635533086,-4.833778891507714,11.617768888321907,
2021-02-14 02:00:00,29.7222,-95.2539,29.7222,-95.2539,-10043,-3073,752,0.0006,2.315000057220458,-4.009697718630694,10.456895552881045,
2021-02-14 03:00:00,29.7222,-95.2539,29.7222,-95.2539,-10043,-3073,752,0.0006,2.8294999599456774,-4.90083769064002,12.780900568770653,
2021-02-14 04:00:00,29.7222,-95.2539,29.7222,-95.2539,-10043,-3073,752,0.0006,1.759351635533086,-4.833778891507714,11.617768888321907,
2021-02-14 05:00:00,29.7222,-95.2539,29.7222,-95.2539,-10043,-3073,752,0.0006,1.071930259030502,-6.079218589937783,13.941774981152387,
2021-02-14 06:00:00,29.7222,-95.2539,29.7222,-95.2539,-10043,-3073,752,0.0009,0.9826750235064399,-5.573026995404473,12.780900568770653,
2021-02-14 07:00:00,29.7222,-95.2539,29.7222,-95.2539,-10043,-3073,752,0.0009,0.8932462351925037,-5.065851134089206,11.617768888321907,
2021-02-14 08:00:00,29.7222,-95.2539,29.7222,-95.2539,-10043,-3073,752,0.0009,1.071930259030502,-6.079218589937783,13.941774981152387,
2021-02-14 09:00:00,29.7222,-95.2539,29.7222,-95.2539,-10043,-3073,752,0.0009,1.889874960065154e-15,-5.144000053405762,11.617768888321907,
2021-02-14 10:00:00,29.7222,-95.2539,29.7222,-95.2539,-10043,-3073,752,0.0009,1.2316145602527442,-3.383833193765949,110.8383142166329,
2021-02-14 11:00:00,29.7222,-95.2539,29.7222,-95.2539,-10043,-3073,752,0.0009,-2.5720000267028813,-4.454834723317899,85.63265953306171,
2021-02-14 12:00:00,29.7222,-95.2539,29.7222,-95.2539,-10043,-3073,752,0.0009,0.7147359297481864,-4.0534688842084465,126.68995052051733,
2021-02-14 13:00:00,29.7222,-95.2539,29.7222,-95.2539,-10043,-3073,752,0.0009,2.2679235306727226e-15,-6.173000335693359,13.941774981152387,
2021-02-14 14:00:00,29.7222,-95.2539,29.7222,-95.2539,-10043,-3073,752,0.0009,-1.9354919636811896,-5.3177204657499555,94.20591143206484,
2021-02-14 15:00:00,29.7222,-95.2539,29.7222,-95.2539,-10043,-3073,752,0.0009,-2.3150000572204594,-4.009697718630693,77.0760535228714,
2021-02-14 16:00:00,29.7222,-95.2539,29.7222,-95.2539,-10043,-3073,752,0.0009,-0.8932462351925036,-5.065851134089206,11.617768888321907,
2021-02-14 17:00:00,29.7222,-95.2539,29.7222,-95.2539,-10043,-3073,752,0.0009,-0.8932462351925036,-5.065851134089206,11.617768888321907,
2021-02-14 18:00:00,29.7222,-95.2539,29.7222,-95.2539,-10043,-3073,752,0.0006,-0.8932462351925036,-5.065851134089206,11.617768888321907,
2021-02-14 19:00:00,29.7222,-95.2539,29.7222,-95.2539,-10043,-3073,752,0.0006,-0.9826750235064398,-5.573026995404473,12.780900568770653,
2021-02-14 20:00:00,29.7222,-95.2539,29.7222,-95.2539,-10043,-3073,752,0.0006,2.2679235306727226e-15,-6.173000335693359,13.941774981152387,
2021-02-14 21:00:00,29.7222,-95.2539,29.7222,-95.2539,-10043,-3073,752,0.0006,-0.8932462351925036,-5.065851134089206,11.617768888321907,
2021-02-14 22:00:00,29.7222,-95.2539,29.7222,-95.2539,-10043,-3073,752,0.0006,-1.071930259030502,-6.079218589937783,13.941774981152387,
2021-02-14 23:00:00,29.7222,-95.2539,29.7222,-95.2539,-10043,-3073,752,0.0006,1.250614200066597,-7.0925855761934296,16.265779997041996,
2021-02-15 00:00:00,29.7222,-95.2539,29.7222,-95.2539,-10043,-3073,752,0.0012,-1.1613590473444382,-6.5863944512530495,15.104906661601134,
2021-02-15 01:00:00,29.7222,-95.2539,29.7222,-95.2539,-10043,-3073,752,0.0012,2.639369448653592,-7.251607961774141,17.428911677490746,
2021-02-15 02:00:00,29.7222,-95.2539,29.7222,-95.2539,-10043,-3073,752,0.0012,1.3400429883805332,-7.599761437508696,17.428911677490746,
2021-02-15 03:00:00,29.7222,-95.2539,29.7222,-95.2539,-10043,-3073,752,0.0012,3.2128608355181697e-15,-8.744999885559082,19.750658348372465,
2021-02-15 04:00:00,29.7222,-95.2539,29.7222,-95.2539,-10043,-3073,752,0.0012,2.8351798075090314e-15,-7.7170000076293945,17.428911677490746,
2021-02-15 05:00:00,29.7222,-95.2539,29.7222,-95.2539,-10043,-3073,752,0.0012,3.2128608355181697e-15,-8.744999885559082,19.750658348372465,
2021-02-15 06:00:00,29.7222,-95.2539,29.7222,-95.2539,-10043,-3073,752,0.002,2.2874307877113473,-6.284664437802228,15.104906661601134,
2021-02-15 07:00:00,29.7222,-95.2539,29.7222,-95.2539,-10043,-3073,752,0.002,3.0865001678466784,-5.345975108280318,13.941774981152387,
2021-02-15 08:00:00,29.7222,-95.2539,29.7222,-95.2539,-10043,-3073,752,0.002,6.613641431628144,-7.881830936272761,23.237795044710822,
2021-02-15 09:00:00,29.7222,-95.2539,29.7222,-95.2539,-10043,-3073,752,0.002,,,,
2021-02-15 10:00:00,29.7222,-95.2539,29.7222,-95.2539,-10043,-3073,752,0.002,4.629356455687939,-5.517052187465305,16.265779997041996,
2021-02-15 11:00:00,29.7222,-95.2539,29.7222,-95.2539,-10043,-3073,752,0.002,5.952213412819759,-7.093571718615398,20.91379110576209,
2021-02-15 12:00:00,29.7222,-95.2539,29.7222,-95.2539,-10043,-3073,752,0.002,5.911564973393605,-4.960391988855108,17.428911677490746,
2021-02-15 13:00:00,29.7222,-95.2539,29.7222,-95.2539,-10043,-3073,752,0.002,6.613641431628144,-7.881830936272761,23.237795044710822,
2021-02-15 14:00:00,29.7222,-95.2539,29.7222,-95.2539,-10043,-3073,752,0.002,4.372499942779539,-7.573392056986175,19.750658348372465,
2021-02-15 15:00:00,29.7222,-95.2539,29.7222,-95.2539,-10043,-3073,752,0.002,5.952213412819759,-7.093571718615398,20.91379110576209,
2021-02-15 16:00:00,29.7222,-95.2539,29.7222,-95.2539,-10043,-3073,752,0.002,7.487318515622903,-6.282606204966006,22.074664441202955,
2021-02-15 17:00:00,29.7222,-95.2539,29.7222,-95.2539,-10043,-3073,752,0.002,7.573392056986179,-4.372499942779534,19.750658348372465,
2021-02-15 18:00:00,29.7222,-95.2539,29.7222,-95.2539,-10043,-3073,752,0.0012,5.952213412819759,-7.093571718615398,20.91379110576209,
2021-02-15 19:00:00,29.7222,-95.2539,29.7222,-95.2539,-10043,-3073,752,0.0012,7.1282550522989725,-4.115499973297113,18.589785012931603,
2021-02-15 20:00:00,29.7222,-95.2539,29.7222,-95.2539,-10043,-3073,752,0.0012,7.573392056986179,-4.372499942779534,19.750658348372465,
2021-02-15 21:00:00,29.7222,-95.2539,29.7222,-95.2539,-10043,-3073,752,0.0012,5.79197807560244,-3.344000101089472,15.104906661601134,
2021-02-15 22:00:00,29.7222,-95.2539,29.7222,-95.2539,-10043,-3073,752,0.0012,3.3429049382720315,-9.184555833285755,22.074664441202955,
2021-02-15 23:00:00,29.7222,-95.2539,29.7222,-95.2539,-10043,-3073,752,0.0012,6.699058567408629,-5.621177573147587,19.750658348372465,
2021-02-16 00:00:00,29.7222,-95.2539,29.7222,-95.2539,-10043,-3073,752,0.0012,,,,
2021-02-16 01:00:00,29.7222,-95.2539,29.7222,-95.2539,-10043,-3073,752,0.0012,,,,
2021-02-16 02:00:00,29.7222,-95.2539,29.7222,-95.2539,-10043,-3073,752,0.0012,,,,
2021-02-16 03:00:00,29.7222,-95.2539,29.7222,-95.2539,-10043,-3073,752,0.0012,,,,
2021-02-16 04:00:00,29.7222,-95.2539,29.7222,-95.2539,-10043,-3073,752,0.0012,,,,
2021-02-16 05:00:00,29.7222,-95.2539,29.7222,-95.2539,-10043,-3073,752,0.0012,,,,
2021-02-16 06:00:00,29.7222,-95.2539,29.7222,-95.2539,-10043,-3073,752,0.002,,,,
2021-02-16 07:00:00,29.7222,-95.2539,29.7222,-95.2539,-10043,-3073,752,0.002,,,,
2021-02-16 08:00:00,29.7222,-95.2539,29.7222,-95.2539,-10043,-3073,752,0.002,,,,
2021-02-16 09:00:00,29.7222,-95.2539,29.7222,-95.2539,-10043,-3073,752,0.002,,,,
2021-02-16 10:00:00,29.7222,-95.2539,29.7222,-95.2539,-10043,-3073,752,0.002,,,,
2021-02-16 11:00:00,29.7222,-95.2539,29.7222,-95.2539,-10043,-3073,752,0.002,,,,
2021-02-16 12:00:00,29.7222,-95.2539,29.7222,-95.2539,-10043,-3073,752,0.002,,,,
2021-02-16 13:00:00,29.7222,-95.2539,29.7222,-95.2539,-10043,-3073,752,0.002,,,,
2021-02-16 14:00:00,29.7222,-95.2539,29.7222,-95.2539,-10043,-3073,752,0.002,,,,
2021-02-16 15:00:00,29.7222,-95.2539,29.7222,-95.2539,-10043,-3073,752,0.002,,,,
2021-02-16 16:00:00,29.7222,-95.2539,29.7222,-95.2539,-10043,-3073,752,0.002,,,,
2021-02-16 17:00:00,29.7222,-95.2539,29.7222,-95.2539,-10043,-3073,752,0.002,,,,
2021-02-16 18:00:00,29.7222,-95.2539,29.7222,-95.2539,-10043,-3073,752,0.0012,0.0,-0.0,1.664709538180616,
2021-02-16 19:00:00,29.7222,-95.2539,29.7222,-95.2539,-10043,-3073,752,0.0012,-2.416889445753857,-0.8796758177665427,2.9044422220804766,
2021-02-16 20:00:00,29.7222,-95.2539,29.7222,-95.2539,-10043,-3073,752,0.0012,-3.1530390623001847,-2.6457139142636428,9.296022217440182,
2021-02-16 21:00:00,29.7222,-95.2539,29.7222,-95.2539,-10043,-3073,752,0.0012,-3.5645607139434863,-2.058000087738039,9.296022217440182,
2021-02-16 22:00:00,29.7222,-95.2539,29.7222,-95.2539,-10043,-3073,752,0.0012,-4.009697718630693,2.3150000572204594,10.456895552881045,
2021-02-16 23:00:00,29.7222,-95.2539,29.7222,-95.2539,-10043,-3073,752,0.0012,-4.350776941778042,1.5835533027389466,10.456895552881045,
2021-02-17 00:00:00,29.7222,-95.2539,29.7222,-95.2539,-10043,-3073,752,0.0012,-4.630000114440918,-8.505172230302923e-16,10.456895552881045,
2021-02-17 01:00:00,29.7222,-95.2539,29.7222,-95.2539,-10043,-3073,752,0.0012,-4.559660009148827,0.8039910824703426,10.456895552881045,
2021-02-17 02:00:00,29.7222,-95.2539,29.7222,-95.2539,-10043,-3073,752,0.0012,-6.688000202178955,-1.2285657060442962e-15,15.104906661601134,
2021-02-17 03:00:00,29.7222,-95.2539,29.7222,-95.2539,-10043,-3073,752,0.0012,-4.0534688842084465,-0.7147359297481858,9.296022217440182,
2021-02-17 04:00:00,29.7222,-95.2539,29.7222,-95.2539,-10043,-3073,752,0.0012,-7.202000141143799,-1.3229859630465808e-15,16.265779997041996,
2021-02-17 05:00:00,29.7222,-95.2539,29.7222,-95.2539,-10043,-3073,752,0.0012,-5.573026995404473,-0.982675023506439,12.780900568770653,
2021-02-17 06:00:00,29.7222,-95.2539,29.7222,-95.2539,-10043,-3073,752,0.002,-3.9405326563152094,-3.306499498556121,11.617768888321907,
2021-02-17 07:00:00,29.7222,-95.2539,29.7222,-95.2539,-10043,-3073,752,0.002,-6.284664437802228,-2.2874307877113464,15.104906661601134,
2021-02-17 08:00:00,29.7222,-95.2539,29.7222,-95.2539,-10043,-3073,752,0.002,-5.123305390457789,-4.298963663541703,15.104906661601134,
2021-02-17 09:00:00,29.7222,-95.2539,29.7222,-95.2539,-10043,-3073,752,0.002,-7.0925855761934296,-1.2506142000665956,16.265779997041996,
2021-02-17 10:00:00,29.7222,-95.2539,29.7222,-95.2539,-10043,-3073,752,0.002,-4.900837690640017,-2.8294999599456814,94.20591143206484,
2021-02-17 11:00:00,29.7222,-95.2539,29.7222,-95.2539,-10043,-3073,752,0.002,-4.009697718630692,-2.315000057220461,142.51080184676223,
2021-02-17 12:00:00,29.7222,-95.2539,29.7222,-95.2539,-10043,-3073,752,0.002,-3.30649949855612,-3.94053265631521,85.63265953306171,
2021-02-17 13:00:00,29.7222,-95.2539,29.7222,-95.2539,-10043,-3073,752,0.002,-1.7593516355330858,-4.833778891507714,85.63265953306171,
2021-02-17 14:00:00,29.7222,-95.2539,29.7222,-95.2539,-10043,-3073,752,0.002,-1.071930259030502,-6.079218589937783,13.941774981152387,
2021-02-17 15:00:00,29.7222,-95.2539,29.7222,-95.2539,-10043,-3073,752,0.002,,,,
2021-02-17 16:00:00,29.7222,-95.2539,29.7222,-95.2539,-10043,-3073,752,0.002,,,,
2021-02-17 17:00:00,29.7222,-95.2539,29.7222,-95.2539,-10043,-3073,752,0.002,,,,
2021-02-17 18:00:00,29.7222,-95.2539,29.7222,-95.2539,-10043,-3073,752,0.0012,,,,
2021-02-17 19:00:00,29.7222,-95.2539,29.7222,-95.2539,-10043,-3073,752,0.0012,,,,
2021-02-17 20:00:00,29.7222,-95.2539,29.7222,-95.2539,-10043,-3073,752,0.0012,,,,
2021-02-17 21:00:00,29.7222,-95.2539,29.7222,-95.2539,-10043,-3073,752,0.0012,,,,
2021-02-17 22:00:00,29.7222,-95.2539,29.7222,-95.2539,-10043,-3073,752,0.0012,,,,
2021-02-17 23:00:00,29.7222,-95.2539,29.7222,-95.2539,-10043,-3073,752,0.0012,,,,
2021-02-18 00:00:00,29.7222,-95.2539,29.7222,-95.2539,-10043,-3073,752,0.0012,,,,
2021-02-18 01:00:00,29.7222,-95.2539,29.7222,-95.2539,-10043,-3073,752,0.0012,,,,
2021-02-18 02:00:00,29.7222,-95.2539,29.7222,-95.2539,-10043,-3073,752,0.0012,,,,
2021-02-18 03:00:00,29.7222,-95.2539,29.7222,-95.2539,-10043,-3073,752,0.0012,,,,
2021-02-18 04:00:00,29.7222,-95.2539,29.7222,-95.2539,-10043,-3073,752,0.0012,,,,
2021-02-18 05:00:00,29.7222,-95.2539,29.7222,-95.2539,-10043,-3073,752,0.0012,,,,
2021-02-18 06:00:00,29.7222,-95.2539,29.7222,-95.2539,-10043,-3073,752,0.002,,,,
2021-02-18 07:00:00,29.7222,-95.2539,29.7222,-95.2539,-10043,-3073,752,0.002,,,,
2021-02-18 08:00:00,29.7222,-95.2539,29.7222,-95.2539,-10043,-3073,752,0.002,,,,
2021-02-18 09:00:00,29.7222,-95.2539,29.7222,-95.2539,-10043,-3073,752,0.002,,,,
2021-02-18 10:00:00,29.7222,-95.2539,29.7222,-95.2539,-10043,-3073,752,0.002,,,,
2021-02-18 11:00:00,29.7222,-95.2539,29.7222,-95.2539,-10043,-3073,752,0.002,,,,
2021-02-18 12:00:00,29.7222,-95.2539,29.7222,-95.2539,-10043,-3073,752,0.002,,,,
2021-02-18 13:00:00,29.7222,-95.2539,29.7222,-95.2539,-10043,-3073,752,0.002,,,,
2021-02-18 14:00:00,29.7222,-95.2539,29.7222,-95.2539,-10043,-3073,752,0.002,,,,
2021-02-18 15:00:00,29.7222,-95.2539,29.7222,-95.2539,-10043,-3073,752,0.002,,,,
2021-02-18 16:00:00,29.7222,-95.2539,29.7222,-95.2539,-10043,-3073,752,0.002,,,,
2021-02-18 17:00:00,29.7222,-95.2539,29.7222,-95.2539,-10043,-3073,752,0.002,,,,
2021-02-18 18:00:00,29.7222,-95.2539,29.7222,-95.2539,-10043,-3073,752,0.0012,,,,
2021-02-18 19:00:00,29.7222,-95.2539,29.7222,-95.2539,-10043,-3073,752,0.0012,,,,
2021-02-18 20:00:00,29.7222,-95.2539,29.7222,-95.2539,-10043,-3073,752,0.0012,,,,
2021-02-18 21:00:00,29.7222,-95.2539,29.7222,-95.2539,-10043,-3073,752,0.0012,,,,
2021-02-18 22:00:00,29.7222,-95.2539,29.7222,-95.2539,-10043,-3073,752,0.0012,,,,
2021-02-18 23:00:00,29.7222,-95.2539,29.7222,-95.2539,-10043,-3073,752,0.0012,,,,
2021-02-19 00:00:00,29.7222,-95.2539,29.7222,-95.2539,-10043,-3073,752,0.0012,,,,
2021-02-19 01:00:00,29.7222,-95.2539,29.7222,-95.2539,-10043,-3073,752,0.0012,,,,
2021-02-19 02:00:00,29.7222,-95.2539,29.7222,-95.2539,-10043,-3073,752,0.0012,,,,
2021-02-19 03:00:00,29.7222,-95.2539,29.7222,-95.2539,-10043,-3073,752,0.0012,,,,
2021-02-19 04:00:00,29.7222,-95.2539,29.7222,-95.2539,-10043,-3073,752,0.0012,,,,
2021-02-19 05:00:00,29.7222,-95.2539,29.7222,-95.2539,-10043,-3073,752,0.0012,,,,
2021-02-19 06:00:00,29.7222,-95.2539,29.7222,-95.2539,-10043,-3073,752,0.002,,,,
2021-02-19 07:00:00,29.7222,-95.2539,29.7222,-95.2539,-10043,-3073,752,0.002,,,,
2021-02-19 08:00:00,29.7222,-95.2539,29.7222,-95.2539,-10043,-3073,752,0.002,,,,
2021-02-19 09:00:00,29.7222,-95.2539,29.7222,-95.2539,-10043,-3073,752,0.002,,,,
2021-02-19 10:00:00,29.7222,-95.2539,29.7222,-95.2539,-10043,-3073,752,0.002,,,,
2021-02-19 11:00:00,29.7222,-95.2539,29.7222,-95.2539,-10043,-3073,752,0.002,,,,
2021-02-19 12:00:00,29.7222,-95.2539,29.7222,-95.2539,-10043,-3073,752,0.002,,,,
2021-02-19 13:00:00,29.7222,-95.2539,29.7222,-95.2539,-10043,-3073,752,0.002,,,,
2021-02-19 14:00:00,29.7222,-95.2539,29.7222,-95.2539,-10043,-3073,752,0.002,,,,
2021-02-19 15:00:00,29.7222,-95.2539,29.7222,-95.2539,-10043,-3073,752,0.002,,,,
2021-02-19 16:00:00,29.7222,-95.2539,29.7222,-95.2539,-10043,-3073,752,0.002,,,,
2021-02-19 17:00:00,29.7222,-95.2539,29.7222,-95.2539,-10043,-3073,752,0.002,,,,
2021-02-19 18:00:00,29.7222,-95.2539,29.7222,-95.2539,-10043,-3073,752,0.0012,,,,
2021-02-19 19:00:00,29.7222,-95.2539,29.7222,-95.2539,-10043,-3073,752,0.0012,,,,
2021-02-19 20:00:00,29.7222,-95.2539,29.7222,-95.2539,-10043,-3073,752,0.0012,,,,
2021-02-19 21:00:00,29.7222,-95.2539,29.7222,-95.2539,-10043,-3073,752,0.0012,,,,
2021-02-19 22:00:00,29.7222,-95.2539,29.7222,-95.2539,-10043,-3073,752,0.0012,,,,
2021-02-19 23:00:00,29.7222,-95.2539,29.7222,-95.2539,-10043,-3073,752,0.0012,,,,
2021-02-20 00:00:00,29.7222,-95.2539,29.7222,-95.2539,-10043,-3073,752,0.0006,,,,
2021-02-20 01:00:00,29.7222,-95.2539,29.7222,-95.2539,-10043,-3073,752,0.0006,,,,
2021-02-20 02:00:00,29.7222,-95.2539,29.7222,-95.2539,-10043,-3073,752,0.0006,,,,
2021-02-20 03:00:00,29.7222,-95.2539,29.7222,-95.2539,-10043,-3073,752,0.0006,,,,
2021-02-20 04:00:00,29.7222,-95.2539,29.7222,-95.2539,-10043,-3073,752,0.0006,,,,
2021-02-20 05:00:00,29.7222,-95.2539,29.7222,-95.2539,-10043,-3073,752,0.0006,,,,
2021-02-20 06:00:00,29.7222,-95.2539,29.7222,-95.2539,-10043,-3073,752,0.0009,,,,
2021-02-20 07:00:00,29.7222,-95.2539,29.7222,-95.2539,-10043,-3073,752,0.0009,,,,
2021-02-20 08:00:00,29.7222,-95.2539,29.7222,-95.2539,-10043,-3073,752,0.0009,,,,
2021-02-20 09:00:00,29.7222,-95.2539,29.7222,-95.2539,-10043,-3073,752,0.0009,,,,
2021-02-20 10:00:00,29.7222,-95.2539,29.7222,-95.2539,-10043,-3073,752,0.0009,,,,
2021-02-20 11:00:00,29.7222,-95.2539,29.7222,-95.2539,-10043,-3073,752,0.0009,,,,
2021-02-20 12:00:00,29.7222,-95.2539,29.7222,-95.2539,-10043,-3073,752,0.0009,,,,
2021-02-20 13:00:00,29.7222,-95.2539,29.7222,-95.2539,-10043,-3073,752,0.0009,,,,
2021-02-20 14:00:00,29.7222,-95.2539,29.7222,-95.2539,-10043,-3073,752,0.0009,,,,
2021-02-20 15:00:00,29.7222,-95.2539,29.7222,-95.2539,-10043,-3073,752,0.0009,,,,
2021-02-20 16:00:00,29.7222,-95.2539,29.7222,-95.2539,-10043,-3073,752,0.0009,,,,
2021-02-20 17:00:00,29.7222,-95.2539,29.7222,-95.2539,-10043,-3073,752,0.0009,,,,
2021-02-20 18:00:00,29.7222,-95.2539,29.7222,-95.2539,-10043,-3073,752,0.0006,,,,
2021-02-20 19:00:00,29.7222,-95.2539,29.7222,-95.2539,-10043,-3073,752,0.0006,,,,
2021-02-20 20:00:00,29.7222,-95.2539,29.7222,-95.2539,-10043,-3073,752,0.0006,,,,
2021-02-20 21:00:00,29.7222,-95.2539,29.7222,-95.2539,-10043,-3073,752,0.0006,,,,
2021-02-20 22:00:00,29.7222,-95.2539,29.7222,-95.2539,-10043,-3073,752,0.0006,,,,
2021-02-20 23:00:00,29.7222,-95.2539,29.7222,-95.2539,-10043,-3073,752,0.0006,,,,
2021-02-21 00:00:00,29.7222,-95.2539,29.7222,-95.2539,-10043,-3073,752,0.0006,,,,
2021-02-21 01:00:00,29.7222,-95.2539,29.7222,-95.2539,-10043,-3073,752,0.0006,,,,
2021-02-21 02:00:00,29.7222,-95.2539,29.7222,-95.2539,-10043,-3073,752,0.0006,,,,
2021-02-21 03:00:00,29.7222,-95.2539,29.7222,-95.2539,-10043,-3073,752,0.0006,,,,
2021-02-21 04:00:00,29.7222,-95.2539,29.7222,-95.2539,-10043,-3073,752,0.0006,,,,
2021-02-21 05:00:00,29.7222,-95.2539,29.7222,-95.2539,-10043,-3073,752,0.0006,,,,
2021-02-21 06:00:00,29.7222,-95.2539,29.7222,-95.2539,-10043,-3073,752,0.0009,,,,
2021-02-21 07:00:00,29.7222,-95.2539,29.7222,-95.2539,-10043,-3073,752,0.0009,,,,
2021-02-21 08:00:00,29.7222,-95.2539,29.7222,-95.2539,-10043,-3073,752,0.0009,,,,
2021-02-21 09:00:00,29.7222,-95.2539,29.7222,-95.2539,-10043,-3073,752,0.0009,,,,
2021-02-21 10:00:00,29.7222,-95.2539,29.7222,-95.2539,-10043,-3073,752,0.0009,,,,
2021-02-21 11:00:00,29.7222,-95.2539,29.7222,-95.2539,-10043,-3073,752,0.0009,,,,
2021-02-21 12:00:00,29.7222,-95.2539,29.7222,-95.2539,-10043,-3073,752,0.0009,,,,
2021-02-21 13:00:00,29.7222,-95.2539,29.7222,-95.2539,-10043,-3073,752,0.0009,,,,
2021-02-21 14:00:00,29.7222,-95.2539,29.7222,-95.2539,-10043,-3073,752,0.0009,,,,
2021-02-21 15:00:00,29.7222,-95.2539,29.7222,-95.2539,-10043,-3073,752,0.0009,,,,
2021-02-21 16:00:00,29.7222,-95.2539,29.7222,-95.2539,-10043,-3073,752,0.0009,,,,
2021-02-21 17:00:00,29.7222,-95.2539,29.7222,-95.2539,-10043,-3073,752,0.0009,,,,
2021-02-21 18:00:00,29.7222,-95.2539,29.7222,-95.2539,-10043,-3073,752,0.0006,,,,
2021-02-21 19:00:00,29.7222,-95.2539,29.7222,-95.2539,-10043,-3073,752,0.0006,,,,
2021-02-21 20:00:00,29.7222,-95.2539,29.7222,-95.2539,-10043,-3073,752,0.0006,,,,
2021-02-21 21:00:00,29.7222,-95.2539,29.7222,-95.2539,-10043,-3073,752,0.0006,,,,
2021-02-21 22:00:00,29.7222,-95.2539,29.7222,-95.2539,-10043,-3073,752,0.0006,,,,
2021-02-21 23:00:00,29.7222,-95.2539,29.7222,-95.2539,-10043,-3073,752,0.0006,,,,
2021-02-22 00:00:00,29.7222,-95.2539,29.7222,-95.2539,-10043,-3073,752,0.0012,,,,
2021-02-22 01:00:00,29.7222,-95.2539,29.7222,-95.2539,-10043,-3073,752,0.0012,,,,
2021-02-22 02:00:00,29.7222,-95.2539,29.7222,-95.2539,-10043,-3073,752,0.0012,,,,
2021-02-22 03:00:00,29.7222,-95.2539,29.7222,-95.2539,-10043,-3073,752,0.0012,,,,
2021-02-22 04:00:00,29.7222,-95.2539,29.7222,-95.2539,-10043,-3073,752,0.0012,,,,
2021-02-22 05:00:00,29.7222,-95.2539,29.7222,-95.2539,-10043,-3073,752,0.0012,,,,
2021-02-22 06:00:00,29.7222,-95.2539,29.7222,-95.2539,-10043,-3073,752,0.002,,,,
2021-02-22 07:00:00,29.7222,-95.2539,29.7222,-95.2539,-10043,-3073,752,0.002,,,,
2021-02-22 08:00:00,29.7222,-95.2539,29.7222,-95.2539,-10043,-3073,752,0.002,,,,
2021-02-22 09:00:00,29.7222,-95.2539,29.7222,-95.2539,-10043,-3073,752,0.002,,,,
2021-02-22 10:00:00,29.7222,-95.2539,29.7222,-95.2539,-10043,-3073,752,0.002,,,,
2021-02-22 11:00:00,29.7222,-95.2539,29.7222,-95.2539,-10043,-3073,752,0.002,,,,
2021-02-22 12:00:00,29.7222,-95.2539,29.7222,-95.2539,-10043,-3073,752,0.002,,,,
2021-02-22 13:00:00,29.7222,-95.2539,29.7222,-95.2539,-10043,-3073,752,0.002,,,,
2021-02-22 14:00:00,29.7222,-95.2539,29.7222,-95.2539,-10043,-3073,752,0.002,,,,
2021-02-22 15:00:00,29.7222,-95.2539,29.7222,-95.2539,-10043,-3073,752,0.002,,,,
2021-02-22 16:00:00,29.7222,-95.2539,29.7222,-95.2539,-10043,-3073,752,0.002,,,,
2021-02-22 17:00:00,29.7222,-95.2539,29.7222,-95.2539,-10043,-3073,752,0.002,,,,
2021-02-22 18:00:00,29.7222,-95.2539,29.7222,-95.2539,-10043,-3073,752,0.0012,,,,
2021-02-22 19:00:00,29.7222,-95.2539,29.7222,-95.2539,-10043,-3073,752,0.0012,,,,
2021-02-22 20:00:00,29.7222,-95.2539,29.7222,-95.2539,-10043,-3073,752,0.0012,,,,
2021-02-22 21:00:00,29.7222,-95.2539,29.7222,-95.2539,-10043,-3073,752,0.0012,,,,
2021-02-22 22:00:00,29.7222,-95.2539,29.7222,-95.2539,-10043,-3073,752,0.0012,,,,
2021-02-22 23:00:00,29.7222,-95.2539,29.7222,-95.2539,-10043,-3073,752,0.0012,,,,
2021-02-23 00:00:00,29.7222,-95.2539,29.7222,-95.2539,-10043,-3073,752,0.0012,,,,
2021-02-23 01:00:00,29.7222,-95.2539,29.7222,-95.2539,-10043,-3073,752,0.0012,,,,
2021-02-23 02:00:00,29.7222,-95.2539,29.7222,-95.2539,-10043,-3073,752,0.0012,,,,
2021-02-23 03:00:00,29.7222,-95.2539,29.7222,-95.2539,-10043,-3073,752,0.0012,,,,
2021-02-23 04:00:00,29.7222,-95.2539,29.7222,-95.2539,-10043,-3073,752,0.0012,,,,
2021-02-23 05:00:00,29.7222,-95.2539,29.7222,-95.2539,-10043,-3073,752,0.0012,,,,
2021-02-23 06:00:00,29.7222,-95.2539,29.7222,-95.2539,-10043,-3073,752,0.002,,,,
2021-02-23 07:00:00,29.7222,-95.2539,29.7222,-95.2539,-10043,-3073,752,0.002,,,,
2021-02-23 08:00:00,29.7222,-95.2539,29.7222,-95.2539,-10043,-3073,752,0.002,,,,
2021-02-23 09:00:00,29.7222,-95.2539,29.7222,-95.2539,-10043,-3073,752,0.002,,,,
2021-02-23 10:00:00,29.7222,-95.2539,29.7222,-95.2539,-10043,-3073,752,0.002,,,,
2021-02-23 11:00:00,29.7222,-95.2539,29.7222,-95.2539,-10043,-3073,752,0.002,,,,
2021-02-23 12:00:00,29.7222,-95.2539,29.7222,-95.2539,-10043,-3073,752,0.002,,,,
2021-02-23 13:00:00,29.7222,-95.2539,29.7222,-95.2539,-10043,-3073,752,0.002,,,,
2021-02-23 14:00:00,29.7222,-95.2539,29.7222,-95.2539,-10043,-3073,752,0.002,,,,
2021-02-23 15:00:00,29.7222,-95.2539,29.7222,-95.2539,-10043,-3073,752,0.002,,,,
2021-02-23 16:00:00,29.7222,-95.2539,29.7222,-95.2539,-10043,-3073,752,0.002,,,,
2021-02-23 17:00:00,29.7222,-95.2539,29.7222,-95.2539,-10043,-3073,752,0.002,,,,
2021-02-23 18:00:00,29.7222,-95.2539,29.7222,-95.2539,-10043,-3073,752,0.0012,,,,
2021-02-23 19:00:00,29.7222,-95.2539,29.7222,-95.2539,-10043,-3073,752,0.0012,,,,
2021-02-23 20:00:00,29.7222,-95.2539,29.7222,-95.2539,-10043,-3073,752,0.0012,,,,
2021-02-23 21:00:00,29.7222,-95.2539,29.7222,-95.2539,-10043,-3073,752,0.0012,,,,
2021-02-23 22:00:00,29.7222,-95.2539,29.7222,-95.2539,-10043,-3073,752,0.0012,,,,
2021-02-23 23:00:00,29.7222,-95.2539,29.7222,-95.2539,-10043,-3073,752,0.0012,,,,
2021-02-24 00:00:00,29.7222,-95.2539,29.7222,-95.2539,-10043,-3073,752,0.0012,,,,
2021-02-24 01:00:00,29.7222,-95.2539,29.7222,-95.2539,-10043,-3073,752,0.0012,,,,
2021-02-24 02:00:00,29.7222,-95.2539,29.7222,-95.2539,-10043,-3073,752,0.0012,,,,
2021-02-24 03:00:00,29.7222,-95.2539,29.7222,-95.2539,-10043,-3073,752,0.0012,,,,
2021-02-24 04:00:00,29.7222,-95.2539,29.7222,-95.2539,-10043,-3073,752,0.0012,,,,
2021-02-24 05:00:00,29.7222,-95.2539,29.7222,-95.2539,-10043,-3073,752,0.0012,,,,
2021-02-24 06:00:00,29.7222,-95.2539,29.7222,-95.2539,-10043,-3073,752,0.002,,,,
2021-02-24 07:00:00,29.7222,-95.2539,29.7222,-95.2539,-10043,-3073,752,0.002,,,,
2021-02-24 08:00:00,29.7222,-95.2539,29.7222,-95.2539,-10043,-3073,752,0.002,,,,
2021-02-24 09:00:00,29.7222,-95.2539,29.7222,-95.2539,-10043,-3073,752,0.002,,,,
2021-02-24 10:00:00,29.7222,-95.2539,29.7222,-95.2539,-10043,-3073,752,0.002,,,,
2021-02-24 11:00:00,29.7222,-95.2539,29.7222,-95.2539,-10043,-3073,752,0.002,,,,
2021-02-24 12:00:00,29.7222,-95.2539,29.7222,-95.2539,-10043,-3073,752,0.002,,,,
2021-02-24 13:00:00,29.7222,-95.2539,29.7222,-95.2539,-10043,-3073,752,0.002,,,,
2021-02-24 14:00:00,29.7222,-95.2539,29.7222,-95.2539,-10043,-3073,752,0.002,,,,
2021-02-24 15:00:00,29.7222,-95.2539,29.7222,-95.2539,-10043,-3073,752,0.002,,,,
2021-02-24 16:00:00,29.7222,-95.2539,29.7222,-95.2539,-10043,-3073,752,0.002,,,,
2021-02-24 17:00:00,29.7222,-95.2539,29.7222,-95.2539,-10043,-3073,752,0.002,,,,
2021-02-24 18:00:00,29.7222,-95.2539,29.7222,-95.2539,-10043,-3073,752,0.0012,,,,
2021-02-24 19:00:00,29.7222,-95.2539,29.7222,-95.2539,-10043,-3073,752,0.0012,,,,
2021-02-24 20:00:00,29.7222,-95.2539,29.7222,-95.2539,-10043,-3073,752,0.0012,,,,
2021-02-24 21:00:00,29.7222,-95.2539,29.7222,-95.2539,-10043,-3073,752,0.0012,,,,
2021-02-24 22:00:00,29.7222,-95.2539,29.7222,-95.2539,-10043,-3073,752,0.0012,,,,
2021-02-24 23:00:00,29.7222,-95.2539,29.7222,-95.2539,-10043,-3073,752,0.0012,,,,
2021-02-25 00:00:00,29.7222,-95.2539,29.7222,-95.2539,-10043,-3073,752,0.0012,,,,
2021-02-25 01:00:00,29.7222,-95.2539,29.7222,-95.2539,-10043,-3073,752,0.0012,,,,
2021-02-25 02:00:00,29.7222,-95.2539,29.7222,-95.2539,-10043,-3073,752,0.0012,,,,
2021-02-25 03:00:00,29.7222,-95.2539,29.7222,-95.2539,-10043,-3073,752,0.0012,,,,
2021-02-25 04:00:00,29.7222,-95.2539,29.7222,-95.2539,-10043,-3073,752,0.0012,,,,
2021-02-25 05:00:00,29.7222,-95.2539,29.7222,-95.2539,-10043,-3073,752,0.0012,,,,
2021-02-25 06:00:00,29.7222,-95.2539,29.7222,-95.2539,-10043,-3073,752,0.002,,,,
2021-02-25 07:00:00,29.7222,-95.2539,29.7222,-95.2539,-10043,-3073,752,0.002,,,,
2021-02-25 08:00:00,29.7222,-95.2539,29.7222,-95.2539,-10043,-3073,752,0.002,,,,
2021-02-25 09:00:00,29.7222,-95.2539,29.7222,-95.2539,-10043,-3073,752,0.002,,,,
2021-02-25 10:00:00,29.7222,-95.2539,29.7222,-95.2539,-10043,-3073,752,0.002,,,,
2021-02-25 11:00:00,29.7222,-95.2539,29.7222,-95.2539,-10043,-3073,752,0.002,,,,
2021-02-25 12:00:00,29.7222,-95.2539,29.7222,-95.2539,-10043,-3073,752,0.002,,,,
2021-02-25 13:00:00,29.7222,-95.2539,29.7222,-95.2539,-10043,-3073,752,0.002,,,,
2021-02-25 14:00:00,29.7222,-95.2539,29.7222,-95.2539,-10043,-3073,752,0.002,,,,
2021-02-25 15:00:00,29.7222,-95.2539,29.7222,-95.2539,-10043,-3073,752,0.002,,,,
2021-02-25 16:00:00,29.7222,-95.2539,29.7222,-95.2539,-10043,-3073,752,0.002,,,,
2021-02-25 17:00:00,29.7222,-95.2539,29.7222,-95.2539,-10043,-3073,752,0.002,,,,
2021-02-25 18:00:00,29.7222,-95.2539,29.7222,-95.2539,-10043,-3073,752,0.0012,,,,
2021-02-25 19:00:00,29.7222,-95.2539,29.7222,-95.2539,-10043,-3073,752,0.0012,,,,
2021-02-25 20:00:00,29.7222,-95.2539,29.7222,-95.2539,-10043,-3073,752,0.0012,,,,
2021-02-25 21:00:00,29.7222,-95.2539,29.7222,-95.2539,-10043,-3073,752,0.0012,,,,
2021-02-25 22:00:00,29.7222,-95.2539,29.7222,-95.2539,-10043,-3073,752,0.0012,,,,
2021-02-25 23:00:00,29.7222,-95.2539,29.7222,-95.2539,-10043,-3073,752,0.0012,,,,
2021-02-26 00:00:00,29.7222,-95.2539,29.7222,-95.2539,-10043,-3073,752,0.0012,,,,
2021-02-26 01:00:00,29.7222,-95.2539,29.7222,-95.2539,-10043,-3073,752,0.0012,,,,
2021-02-26 02:00:00,29.7222,-95.2539,29.7222,-95.2539,-10043,-3073,752,0.0012,,,,
2021-02-26 03:00:00,29.7222,-95.2539,29.7222,-95.2539,-10043,-3073,752,0.0012,,,,
2021-02-26 04:00:00,29.7222,-95.2539,29.7222,-95.2539,-10043,-3073,752,0.0012,,,,
2021-02-26 05:00:00,29.7222,-95.2539,29.7222,-95.2539,-10043,-3073,752,0.0012,,,,
2021-02-26 06:00:00,29.7222,-95.2539,29.7222,-95.2539,-10043,-3073,752,0.002,,,,
2021-02-26 07:00:00,29.7222,-95.2539,29.7222,-95.2539,-10043,-3073,752,0.002,,,,
2021-02-26 08:00:00,29.7222,-95.2539,29.7222,-95.2539,-10043,-3073,752,0.002,,,,
2021-02-26 09:00:00,29.7222,-95.2539,29.7222,-95.2539,-10043,-3073,752,0.002,,,,
2021-02-26 10:00:00,29.7222,-95.2539,29.7222,-95.2539,-10043,-3073,752,0.002,,,,
2021-02-26 11:00:00,29.7222,-95.2539,29.7222,-95.2539,-10043,-3073,752,0.002,,,,
2021-02-26 12:00:00,29.7222,-95.2539,29.7222,-95.2539,-10043,-3073,752,0.002,,,,
2021-02-26 13:00:00,29.7222,-95.2539,29.7222,-95.2539,-10043,-3073,752,0.002,,,,
2021-02-26 14:00:00,29.7222,-95.2539,29.7222,-95.2539,-10043,-3073,752,0.002,,,,
2021-02-26 15:00:00,29.7222,-95.2539,29.7222,-95.2539,-10043,-3073,752,0.002,,,,
2021-02-26 16:00:00,29.7222,-95.2539,29.7222,-95.2539,-10043,-3073,752,0.002,,,,
2021-02-26 17:00:00,29.7222,-95.2539,29.7222,-95.2539,-10043,-3073,752,0.002,,,,
2021-02-26 18:00:00,29.7222,-95.2539,29.7222,-95.2539,-10043,-3073,752,0.0012,,,,
2021-02-26 19:00:00,29.7222,-95.2539,29.7222,-95.2539,-10043,-3073,752,0.0012,,,,
2021-02-26 20:00:00,29.7222,-95.2539,29.7222,-95.2539,-10043,-3073,752,0.0012,,,,
2021-02-26 21:00:00,29.7222,-95.2539,29.7222,-95.2539,-10043,-3073,752,0.0012,,,,
2021-02-26 22:00:00,29.7222,-95.2539,29.7222,-95.2539,-10043,-3073,752,0.0012,,,,
2021-02-26 23:00:00,29.7222,-95.2539,29.7222,-95.2539,-10043,-3073,752,0.0012,,,,
2021-02-27 00:00:00,29.7222,-95.2539,29.7222,-95.2539,-10043,-3073,752,0.0006,,,,
2021-02-27 01:00:00,29.7222,-95.2539,29.7222,-95.2539,-10043,-3073,752,0.0006,,,,
2021-02-27 02:00:00,29.7222,-95.2539,29.7222,-95.2539,-10043,-3073,752,0.0006,,,,
2021-02-27 03:00:00,29.7222,-95.2539,29.7222,-95.2539,-10043,-3073,752,0.0006,,,,
2021-02-27 04:00:00,29.7222,-95.2539,29.7222,-95.2539,-10043,-3073,752,0.0006,,,,
2021-02-27 05:00:00,29.7222,-95.2539,29.7222,-95.2539,-10043,-3073,752,0.0006,,,,
2021-02-27 06:00:00,29.7222,-95.2539,29.7222,-95.2539,-10043,-3073,752,0.0009,,,,
2021-02-27 07:00:00,29.7222,-95.2539,29.7222,-95.2539,-10043,-3073,752,0.0009,,,,
2021-02-27 08:00:00,29.7222,-95.2539,29.7222,-95.2539,-10043,-3073,752,0.0009,,,,
2021-02-27 09:00:00,29.7222,-95.2539,29.7222,-95.2539,-10043,-3073,752,0.0009,,,,
2021-02-27 10:00:00,29.7222,-95.2539,29.7222,-95.2539,-10043,-3073,752,0.0009,,,,
2021-02-27 11:00:00,29.7222,-95.2539,29.7222,-95.2539,-10043,-3073,752,0.0009,,,,
2021-02-27 12:00:00,29.7222,-95.2539,29.7222,-95.2539,-10043,-3073,752,0.0009,,,,
2021-02-27 13:00:00,29.7222,-95.2539,29.7222,-95.2539,-10043,-3073,752,0.0009,,,,
2021-02-27 14:00:00,29.7222,-95.2539,29.7222,-95.2539,-10043,-3073,752,0.0009,,,,
2021-02-27 15:00:00,29.7222,-95.2539,29.7222,-95.2539,-10043,-3073,752,0.0009,,,,
2021-02-27 16:00:00,29.7222,-95.2539,29.7222,-95.2539,-10043,-3073,752,0.0009,,,,
2021-02-27 17:00:00,29.7222,-95.2539,29.7222,-95.2539,-10043,-3073,752,0.0009,,,,
2021-02-27 18:00:00,29.7222,-95.2539,29.7222,-95.2539,-10043,-3073,752,0.0006,,,,
2021-02-27 19:00:00,29.7222,-95.2539,29.7222,-95.2539,-10043,-3073,752,0.0006,,,,
2021-02-27 20:00:00,29.7222,-95.2539,29.7222,-95.2539,-10043,-3073,752,0.0006,,,,
2021-02-27 21:00:00,29.7222,-95.2539,29.7222,-95.2539,-10043,-3073,752,0.0006,,,,
2021-02-27 22:00:00,29.7222,-95.2539,29.7222,-95.2539,-10043,-3073,752,0.0006,,,,
2021-02-27 23:00:00,29.7222,-95.2539,29.7222,-95.2539,-10043,-3073,752,0.0006,,,,
2021-02-28 00:00:00,29.7222,-95.2539,29.7222,-95.2539,-10043,-3073,752,0.0006,,,,
2021-02-28 01:00:00,29.7222,-95.2539,29.7222,-95.2539,-10043,-3073,752,0.0006,,,,
2021-02-28 02:00:00,29.7222,-95.2539,29.7222,-95.2539,-10043,-3073,752,0.0006,,,,
2021-02-28 03:00:00,29.7222,-95.2539,29.7222,-95.2539,-10043,-3073,752,0.0006,,,,
2021-02-28 04:00:00,29.7222,-95.2539,29.7222,-95.2539,-10043,-3073,752,0.0006,,,,
2021-02-28 05:00:00,29.7222,-95.2539,29.7222,-95.2539,-10043,-3073,752,0.0006,,,,
2021-02-28 06:00:00,29.7222,-95.2539,29.7222,-95.2539,-10043,-3073,752,0.0009,,,,
2021-02-28 07:00:00,29.7222,-95.2539,29.7222,-95.2539,-10043,-3073,752,0.0009,,,,
2021-02-28 08:00:00,29.7222,-95.2539,29.7222,-95.2539,-10043,-3073,752,0.0009,,,,
2021-02-28 09:00:00,29.7222,-95.2539,29.7222,-95.2539,-10043,-3073,752,0.0009,,,,
2021-02-28 10:00:00,29.7222,-95.2539,29.7222,-95.2539,-10043,-3073,752,0.0009,,,,
2021-02-28 11:00:00,29.7222,-95.2539,29.7222,-95.2539,-10043,-3073,752,0.0009,,,,
2021-02-28 12:00:00,29.7222,-95.2539,29.7222,-95.2539,-10043,-3073,752,0.0009,,,,
2021-02-28 13:00:00,29.7222,-95.2539,29.7222,-95.2539,-10043,-3073,752,0.0009,,,,
2021-02-28 14:00:00,29.7222,-95.2539,29.7222,-95.2539,-10043,-3073,752,0.0009,,,,
2021-02-28 15:00:00,29.7222,-95.2539,29.7222,-95.2539,-10043,-3073,752,0.0009,,,,
2021-02-28 16:00:00,29.7222,-95.2539,29.7222,-95.2539,-10043,-3073,752,0.0009,,,,
2021-02-28 17:00:00,29.7222,-95.2539,29.7222,-95.2539,-10043,-3073,752,0.0009,,,,
2021-02-28 18:00:00,29.7222,-95.2539,29.7222,-95.2539,-10043,-3073,752,0.0006,,,,
2021-02-28 19:00:00,29.7222,-95.2539,29.7222,-95.2539,-10043,-3073,752,0.0006,,,,
2021-02-28 20:00:00,29.7222,-95.2539,29.7222,-95.2539,-10043,-3073,752,0.0006,,,,
2021-02-28 21:00:00,29.7222,-95.2539,29.7222,-95.2539,-10043,-3073,752,0.0006,,,,
2021-02-28 22:00:00,29.7222,-95.2539,29.7222,-95.2539,-10043,-3073,752,0.0006,,,,
2021-02-28 23:00:00,29.7222,-95.2539,29.7222,-95.2539,-10043,-3073,752,0.0006,,,,
