timestamp,sensor_id,pipeline_phi,benchmark_phi,pipeline_ppb,benchmark_ppb,phi_diff,ppb_diff,phi_ratio,ppb_ratio
2019-01-01 00:00:00,sensor_482010026,0.0,2.6129329463975127e-09,0.0,0.8183968325757913,-2.6129329463975127e-09,-0.8183968325757913,0.0,0.0
2019-01-01 00:00:00,sensor_482010057,0.0,-1.5720765744519283e-20,0.0,-4.923901667174e-12,1.5720765744519283e-20,4.923901667174e-12,-0.0,-0.0
2019-01-01 00:00:00,sensor_482010069,0.0,3.536455380304038e-25,0.0,1.1076533310113247e-16,-3.536455380304038e-25,-1.1076533310113247e-16,0.0,0.0
2019-01-01 00:00:00,sensor_482010617,0.0,1.4805543216840906e-15,0.0,4.637244782699918e-07,-1.4805543216840906e-15,-4.637244782699918e-07,0.0,0.0
2019-01-01 00:00:00,sensor_482010803,0.0,5.745031468790953e-08,0.0,17.994015359594602,-5.745031468790953e-08,-17.994015359594602,0.0,0.0
2019-01-01 00:00:00,sensor_482011015,0.0,-1.5582542026401792e-10,0.0,-0.0488060861089784,1.5582542026401792e-10,0.0488060861089784,-0.0,-0.0
2019-01-01 00:00:00,sensor_482011035,0.0,-1.807870649425789e-23,0.0,-5.662432383642635e-15,1.807870649425789e-23,5.662432383642635e-15,-0.0,-0.0
2019-01-01 00:00:00,sensor_482011039,0.0,1.2018698203117362e-07,0.0,37.643769445659615,-1.2018698203117362e-07,-37.643769445659615,0.0,0.0
2019-01-01 00:00:00,sensor_482016000,0.0,5.9802391428897325e-25,0.0,1.8730709409648022e-16,-5.9802391428897325e-25,-1.8730709409648022e-16,0.0,0.0
2019-01-01 01:00:00,sensor_482010026,0.0,-4.580387236796247e-09,0.0,-1.4346232695074868,4.580387236796247e-09,1.4346232695074868,-0.0,-0.0
2019-01-01 01:00:00,sensor_482010057,0.0,-1.8760212332879093e-08,0.0,-5.87588685459585,1.8760212332879093e-08,5.87588685459585,-0.0,-0.0
2019-01-01 01:00:00,sensor_482010069,0.0,2.162444148098021e-07,0.0,67.72992180551122,-2.162444148098021e-07,-67.72992180551122,0.0,0.0
2019-01-01 01:00:00,sensor_482010617,0.0,7.59608493647712e-16,0.0,2.379170066557003e-07,-7.59608493647712e-16,-2.379170066557003e-07,0.0,0.0
2019-01-01 01:00:00,sensor_482010803,0.0,-5.9353582511735674e-12,0.0,-0.0018590137950765,5.9353582511735674e-12,0.0018590137950765,-0.0,-0.0
2019-01-01 01:00:00,sensor_482011015,0.0,9.723342400232216e-08,0.0,30.454484618027134,-9.723342400232216e-08,-30.454484618027134,0.0,0.0
2019-01-01 01:00:00,sensor_482011035,0.0,1.425103528418047e-07,0.0,44.63567330948574,-1.425103528418047e-07,-44.63567330948574,0.0,0.0
2019-01-01 01:00:00,sensor_482011039,0.0,5.991460787778657e-07,0.0,187.6585672808973,-5.991460787778657e-07,-187.6585672808973,0.0,0.0
2019-01-01 01:00:00,sensor_482016000,0.0,7.528136187426186e-07,0.0,235.78878361509604,-7.528136187426186e-07,-235.78878361509604,0.0,0.0
2019-01-01 02:00:00,sensor_482010026,0.0,5.732103275327852e-23,0.0,1.795352295968163e-14,-5.732103275327852e-23,-1.795352295968163e-14,0.0,0.0
2019-01-01 02:00:00,sensor_482010057,0.0,-2.1529711756321424e-26,0.0,-6.743321879704553e-18,2.1529711756321424e-26,6.743321879704553e-18,-0.0,-0.0
2019-01-01 02:00:00,sensor_482010069,0.0,-5.773936157401072e-28,0.0,-1.8084547746343086e-19,5.773936157401072e-28,1.8084547746343086e-19,-0.0,-0.0
2019-01-01 02:00:00,sensor_482010617,0.0,1.2351773214797748e-14,0.0,3.8686993822868346e-06,-1.2351773214797748e-14,-3.8686993822868346e-06,0.0,0.0
2019-01-01 02:00:00,sensor_482010803,0.0,7.411582928212907e-24,0.0,2.321382185174328e-15,-7.411582928212907e-24,-2.321382185174328e-15,0.0,0.0
2019-01-01 02:00:00,sensor_482011015,0.0,-2.6456699288727523e-15,0.0,-8.286503841653044e-07,2.6456699288727523e-15,8.286503841653044e-07,-0.0,-0.0
2019-01-01 02:00:00,sensor_482011035,0.0,-3.360917905303558e-28,0.0,-1.0526732314504808e-19,3.360917905303558e-28,1.0526732314504808e-19,-0.0,-0.0
2019-01-01 02:00:00,sensor_482011039,0.0,-3.6229170253870156e-11,0.0,-0.0113473398632349,3.6229170253870156e-11,0.0113473398632349,-0.0,-0.0
2019-01-01 02:00:00,sensor_482016000,0.0,7.049432558749597e-26,0.0,2.2079530534801707e-17,-7.049432558749597e-26,-2.2079530534801707e-17,0.0,0.0
2019-01-01 03:00:00,sensor_482010026,0.0,2.0939106991755672e-14,0.0,6.558338537789414e-06,-2.0939106991755672e-14,-6.558338537789414e-06,0.0,0.0
2019-01-01 03:00:00,sensor_482010057,0.0,3.387238480689834e-09,0.0,1.0609170999192064,-3.387238480689834e-09,-1.0609170999192064,0.0,0.0
2019-01-01 03:00:00,sensor_482010069,0.0,-4.425667889699987e-16,0.0,-1.3861636166195896e-07,4.425667889699987e-16,1.3861636166195896e-07,-0.0,-0.0
2019-01-01 03:00:00,sensor_482010617,0.0,-1.344256504967108e-23,0.0,-4.210346336484665e-15,1.344256504967108e-23,4.210346336484665e-15,-0.0,-0.0
2019-01-01 03:00:00,sensor_482010803,0.0,7.107095795806252e-10,0.0,0.222601375826339,-7.107095795806252e-10,-0.222601375826339,0.0,0.0
2019-01-01 03:00:00,sensor_482011015,0.0,-6.307163613378479e-16,0.0,-1.9754669674332154e-07,6.307163613378479e-16,1.9754669674332154e-07,-0.0,-0.0
2019-01-01 03:00:00,sensor_482011035,0.0,3.868272124625047e-12,0.0,0.0012115816667622,-3.868272124625047e-12,-0.0012115816667622,0.0,0.0
2019-01-01 03:00:00,sensor_482011039,0.0,2.837409486880062e-10,0.0,0.0888705138792288,-2.837409486880062e-10,-0.0888705138792288,0.0,0.0
2019-01-01 03:00:00,sensor_482016000,0.0,-2.1752402033586515e-16,0.0,-6.813070710347316e-08,2.1752402033586515e-16,6.813070710347316e-08,-0.0,-0.0
2019-01-01 04:00:00,sensor_482010026,0.0,0.0,0.0,0.0,0.0,0.0,,
2019-01-01 04:00:00,sensor_482010057,0.0,0.0,0.0,0.0,0.0,0.0,,
2019-01-01 04:00:00,sensor_482010069,0.0,0.0,0.0,0.0,0.0,0.0,,
2019-01-01 04:00:00,sensor_482010617,0.0,0.0,0.0,0.0,0.0,0.0,,
2019-01-01 04:00:00,sensor_482010803,0.0,0.0,0.0,0.0,0.0,0.0,,
2019-01-01 04:00:00,sensor_482011015,0.0,0.0,0.0,0.0,0.0,0.0,,
2019-01-01 04:00:00,sensor_482011035,0.0,0.0,0.0,0.0,0.0,0.0,,
2019-01-01 04:00:00,sensor_482011039,0.0,0.0,0.0,0.0,0.0,0.0,,
2019-01-01 04:00:00,sensor_482016000,0.0,0.0,0.0,0.0,0.0,0.0,,
2019-01-01 05:00:00,sensor_482010026,0.0,-3.5063449671529706e-39,0.0,-1.0982224473048151e-30,3.5063449671529706e-39,1.0982224473048151e-30,-0.0,-0.0
2019-01-01 05:00:00,sensor_482010057,0.0,8.658888297382892e-41,0.0,2.7120507497048e-32,-8.658888297382892e-41,-2.7120507497048e-32,0.0,0.0
2019-01-01 05:00:00,sensor_482010069,0.0,-1.8507908738642558e-40,0.0,-5.796862835760865e-32,1.8507908738642558e-40,5.796862835760865e-32,-0.0,-0.0
2019-01-01 05:00:00,sensor_482010617,0.0,-7.017402860229002e-32,0.0,-2.1979210303263604e-23,7.017402860229002e-32,2.1979210303263604e-23,-0.0,-0.0
2019-01-01 05:00:00,sensor_482010803,0.0,3.1650752978632115e-37,0.0,9.913333605465831e-29,-3.1650752978632115e-37,-9.913333605465831e-29,0.0,0.0
2019-01-01 05:00:00,sensor_482011015,0.0,-1.247469623802707e-26,0.0,-3.907200107305521e-18,1.247469623802707e-26,3.907200107305521e-18,-0.0,-0.0
2019-01-01 05:00:00,sensor_482011035,0.0,3.5383118766806286e-41,0.0,1.1082348043156378e-32,-3.5383118766806286e-41,-1.1082348043156378e-32,0.0,0.0
2019-01-01 05:00:00,sensor_482011039,0.0,3.721759136647123e-15,0.0,1.1656923279418284e-06,-3.721759136647123e-15,-1.1656923279418284e-06,0.0,0.0
2019-01-01 05:00:00,sensor_482016000,0.0,-1.1367068326060648e-35,0.0,-3.560279924728455e-27,1.1367068326060648e-35,3.560279924728455e-27,-0.0,-0.0
2019-01-01 06:00:00,sensor_482010026,0.0,-1.0734788797280128e-59,0.0,-3.3622436282479375e-51,1.0734788797280128e-59,3.3622436282479375e-51,-0.0,-0.0
2019-01-01 06:00:00,sensor_482010057,0.0,4.434510573835521e-43,0.0,1.3889332340711074e-34,-4.434510573835521e-43,-1.3889332340711074e-34,0.0,0.0
2019-01-01 06:00:00,sensor_482010069,0.0,-3.3620245613029766e-41,0.0,-1.0530198472202898e-32,3.3620245613029766e-41,1.0530198472202898e-32,-0.0,-0.0
2019-01-01 06:00:00,sensor_482010617,0.0,4.384489892745599e-89,0.0,1.3732662545476887e-80,-4.384489892745599e-89,-1.3732662545476887e-80,0.0,0.0
2019-01-01 06:00:00,sensor_482010803,0.0,-1.145508753745651e-46,0.0,-3.587848425447736e-38,1.145508753745651e-46,3.587848425447736e-38,-0.0,-0.0
2019-01-01 06:00:00,sensor_482011015,0.0,-9.769591050396614e-54,0.0,-3.0599340033691877e-45,9.769591050396614e-54,3.0599340033691877e-45,-0.0,-0.0
2019-01-01 06:00:00,sensor_482011035,0.0,-4.326373876814944e-46,0.0,-1.3550637348752471e-37,4.326373876814944e-46,1.3550637348752471e-37,-0.0,-0.0
2019-01-01 06:00:00,sensor_482011039,0.0,4.4311661902630626e-18,0.0,1.3878857395587083e-09,-4.4311661902630626e-18,-1.3878857395587083e-09,0.0,0.0
2019-01-01 06:00:00,sensor_482016000,0.0,-2.3286441981713053e-36,0.0,-7.293547423813078e-28,2.3286441981713053e-36,7.293547423813078e-28,-0.0,-0.0
2019-01-01 07:00:00,sensor_482010026,0.0,0.0,0.0,0.0,0.0,0.0,,
2019-01-01 07:00:00,sensor_482010057,0.0,0.0,0.0,0.0,0.0,0.0,,
2019-01-01 07:00:00,sensor_482010069,0.0,0.0,0.0,0.0,0.0,0.0,,
2019-01-01 07:00:00,sensor_482010617,0.0,0.0,0.0,0.0,0.0,0.0,,
2019-01-01 07:00:00,sensor_482010803,0.0,0.0,0.0,0.0,0.0,0.0,,
2019-01-01 07:00:00,sensor_482011015,0.0,0.0,0.0,0.0,0.0,0.0,,
2019-01-01 07:00:00,sensor_482011035,0.0,0.0,0.0,0.0,0.0,0.0,,
2019-01-01 07:00:00,sensor_482011039,0.0,0.0,0.0,0.0,0.0,0.0,,
2019-01-01 07:00:00,sensor_482016000,0.0,0.0,0.0,0.0,0.0,0.0,,
2019-01-01 08:00:00,sensor_482010026,0.0,0.0,0.0,0.0,0.0,0.0,,
2019-01-01 08:00:00,sensor_482010057,0.0,0.0,0.0,0.0,0.0,0.0,,
2019-01-01 08:00:00,sensor_482010069,0.0,0.0,0.0,0.0,0.0,0.0,,
2019-01-01 08:00:00,sensor_482010617,0.0,0.0,0.0,0.0,0.0,0.0,,
2019-01-01 08:00:00,sensor_482010803,0.0,0.0,0.0,0.0,0.0,0.0,,
2019-01-01 08:00:00,sensor_482011015,0.0,0.0,0.0,0.0,0.0,0.0,,
2019-01-01 08:00:00,sensor_482011035,0.0,0.0,0.0,0.0,0.0,0.0,,
2019-01-01 08:00:00,sensor_482011039,0.0,0.0,0.0,0.0,0.0,0.0,,
2019-01-01 08:00:00,sensor_482016000,0.0,0.0,0.0,0.0,0.0,0.0,,
2019-01-01 09:00:00,sensor_482010026,0.0,-1.1907204450154236e-61,0.0,-3.7294559817441583e-53,1.1907204450154236e-61,3.7294559817441583e-53,-0.0,-0.0
2019-01-01 09:00:00,sensor_482010057,0.0,-4.893405804010282e-62,0.0,-1.5326638274554311e-53,4.893405804010282e-62,1.5326638274554311e-53,-0.0,-0.0
2019-01-01 09:00:00,sensor_482010069,0.0,-9.370157042737225e-59,0.0,-2.934827261865471e-50,9.370157042737225e-59,2.934827261865471e-50,-0.0,-0.0
2019-01-01 09:00:00,sensor_482010617,0.0,-3.896118484542249e-62,0.0,-1.2203034262649166e-53,3.896118484542249e-62,1.2203034262649166e-53,-0.0,-0.0
2019-01-01 09:00:00,sensor_482010803,0.0,3.784577440310918e-55,0.0,1.1853676513431095e-46,-3.784577440310918e-55,-1.1853676513431095e-46,0.0,0.0
2019-01-01 09:00:00,sensor_482011015,0.0,1.5539307206195979e-46,0.0,4.867067031133158e-38,-1.5539307206195979e-46,-4.867067031133158e-38,0.0,0.0
2019-01-01 09:00:00,sensor_482011035,0.0,-3.009264082948058e-65,0.0,-9.425317236954904e-57,3.009264082948058e-65,9.425317236954904e-57,-0.0,-0.0
2019-01-01 09:00:00,sensor_482011039,0.0,6.10192090164629e-18,0.0,1.911182889488363e-09,-6.10192090164629e-18,-1.911182889488363e-09,0.0,0.0
2019-01-01 09:00:00,sensor_482016000,0.0,-2.909808097570564e-51,0.0,-9.113811105403136e-43,2.909808097570564e-51,9.113811105403136e-43,-0.0,-0.0
2019-01-01 10:00:00,sensor_482010026,0.0,-9.638450988020408e-63,0.0,-3.018859619190883e-54,9.638450988020408e-63,3.018859619190883e-54,-0.0,-0.0
2019-01-01 10:00:00,sensor_482010057,0.0,1.0533013193700536e-58,0.0,3.299045483386134e-50,-1.0533013193700536e-58,-3.299045483386134e-50,0.0,0.0
2019-01-01 10:00:00,sensor_482010069,0.0,2.2043024449145667e-56,0.0,6.904096568740296e-48,-2.2043024449145667e-56,-6.904096568740296e-48,0.0,0.0
2019-01-01 10:00:00,sensor_482010617,0.0,3.4488377027047387e-69,0.0,1.0802105947085139e-60,-3.4488377027047387e-69,-1.0802105947085139e-60,0.0,0.0
2019-01-01 10:00:00,sensor_482010803,0.0,-6.009407300977567e-59,0.0,-1.8822067009252962e-50,6.009407300977567e-59,1.8822067009252962e-50,-0.0,-0.0
2019-01-01 10:00:00,sensor_482011015,0.0,1.1129369776763359e-47,0.0,3.4858303526026316e-39,-1.1129369776763359e-47,-3.4858303526026316e-39,0.0,0.0
2019-01-01 10:00:00,sensor_482011035,0.0,8.308202712802677e-63,0.0,2.6022125037421054e-54,-8.308202712802677e-63,-2.6022125037421054e-54,0.0,0.0
2019-01-01 10:00:00,sensor_482011039,0.0,1.3539232269124477e-18,0.0,4.240623480153292e-10,-1.3539232269124477e-18,-4.240623480153292e-10,0.0,0.0
2019-01-01 10:00:00,sensor_482016000,0.0,-1.4173234743968814e-49,0.0,-4.4391994206393216e-41,1.4173234743968814e-49,4.4391994206393216e-41,-0.0,-0.0
2019-01-01 11:00:00,sensor_482010026,0.0,-2.30778217789562e-63,0.0,-7.228205481769401e-55,2.30778217789562e-63,7.228205481769401e-55,-0.0,-0.0
2019-01-01 11:00:00,sensor_482010057,0.0,1.7676694645683517e-57,0.0,5.536518236482906e-49,-1.7676694645683517e-57,-5.536518236482906e-49,0.0,0.0
2019-01-01 11:00:00,sensor_482010069,0.0,2.8879589855650236e-54,0.0,9.045377492957854e-46,-2.8879589855650236e-54,-9.045377492957854e-46,0.0,0.0
2019-01-01 11:00:00,sensor_482010617,0.0,-4.419649681053954e-69,0.0,-1.3842786532490274e-60,4.419649681053954e-69,1.3842786532490274e-60,-0.0,-0.0
2019-01-01 11:00:00,sensor_482010803,0.0,1.2482479884446946e-56,0.0,3.90963802351179e-48,-1.2482479884446946e-56,-3.90963802351179e-48,0.0,0.0
2019-01-01 11:00:00,sensor_482011015,0.0,2.9043814554048465e-48,0.0,9.096814317306953e-40,-2.9043814554048465e-48,-9.096814317306953e-40,0.0,0.0
2019-01-01 11:00:00,sensor_482011035,0.0,7.959827973604353e-62,0.0,2.4930980377538335e-53,-7.959827973604353e-62,-2.4930980377538335e-53,0.0,0.0
2019-01-01 11:00:00,sensor_482011039,0.0,3.7999443192323394e-18,0.0,1.190180712104277e-09,-3.7999443192323394e-18,-1.190180712104277e-09,0.0,0.0
2019-01-01 11:00:00,sensor_482016000,0.0,2.5510554631960826e-45,0.0,7.990161835891302e-37,-2.5510554631960826e-45,-7.990161835891302e-37,0.0,0.0
2019-01-01 12:00:00,sensor_482010026,0.0,-1.274438434976908e-62,0.0,-3.9916691315632264e-54,1.274438434976908e-62,3.9916691315632264e-54,-0.0,-0.0
2019-01-01 12:00:00,sensor_482010057,0.0,2.1746104038740684e-47,0.0,6.811098115129931e-39,-2.1746104038740684e-47,-6.811098115129931e-39,0.0,0.0
2019-01-01 12:00:00,sensor_482010069,0.0,2.476227237694049e-45,0.0,7.755792320888775e-37,-2.476227237694049e-45,-7.755792320888775e-37,0.0,0.0
2019-01-01 12:00:00,sensor_482010617,0.0,2.5974788334616256e-81,0.0,8.135564492454668e-73,-2.5974788334616256e-81,-8.135564492454668e-73,0.0,0.0
2019-01-01 12:00:00,sensor_482010803,0.0,1.5608241141823146e-50,0.0,4.888657831866119e-42,-1.5608241141823146e-50,-4.888657831866119e-42,0.0,0.0
2019-01-01 12:00:00,sensor_482011015,0.0,-1.613532482548817e-52,0.0,-5.053745733493508e-44,1.613532482548817e-52,5.053745733493508e-44,-0.0,-0.0
2019-01-01 12:00:00,sensor_482011035,0.0,-1.4434064743367237e-50,0.0,-4.5208939951758474e-42,1.4434064743367237e-50,4.5208939951758474e-42,-0.0,-0.0
2019-01-01 12:00:00,sensor_482011039,0.0,1.5525973627256658e-18,0.0,4.862890820340653e-10,-1.5525973627256658e-18,-4.862890820340653e-10,0.0,0.0
2019-01-01 12:00:00,sensor_482016000,0.0,-4.693226931659695e-40,0.0,-1.4699657948456839e-31,4.693226931659695e-40,1.4699657948456839e-31,-0.0,-0.0
2019-01-01 13:00:00,sensor_482010026,6.986704579908991e-09,-6.699023560780806e-71,2.1883060202428077,-2.0982014372210948e-62,6.986704579908991e-09,2.1883060202428077,-1.0429437240394858e+62,-1.0429437238118802e+62
2019-01-01 13:00:00,sensor_482010057,1.3935630011910654e-11,1.2655041436567489e-42,0.004364779232062173,3.963686034148467e-34,1.3935630011910654e-11,0.004364779232062173,1.1011919701537152e+31,1.1011919699133977e+31
2019-01-01 13:00:00,sensor_482010069,1.0830569812623956e-07,-1.1505766127510758e-36,33.92243203151685,-3.603721468664167e-28,1.0830569812623956e-07,33.92243203151685,-9.413167009129118e+28,-9.413167007074847e+28
2019-01-01 13:00:00,sensor_482010617,1.5600510373756416e-15,-3.930084718852248e-94,4.886236476624611e-07,-1.230941991870726e-85,1.5600510373756416e-15,4.886236476624611e-07,-3.969509944384209e+78,-3.9695099435179275e+78
2019-01-01 13:00:00,sensor_482010803,4.4154806113499564e-14,4.8419861173268995e-50,1.382972858458596e-05,1.5165586653341688e-41,4.4154806113499564e-14,1.382972858458596e-05,9.11915173723711e+35,9.119151735247e+35
2019-01-01 13:00:00,sensor_482011015,1.0174704752244966e-09,7.568184224312717e-70,0.3186819681421365,2.370431283384845e-61,1.0174704752244966e-09,0.3186819681421365,1.3444050053061377e+60,1.344405005012743e+60
2019-01-01 13:00:00,sensor_482011035,3.514716682380417e-11,-1.3634641611693024e-45,0.01100844552325566,-4.270506644152542e-37,3.514716682380417e-11,0.01100844552325566,-2.5777844276935065e+34,-2.5777844271309463e+34
2019-01-01 13:00:00,sensor_482011039,4.461344217658578e-09,1.1933025794239392e-18,1.3973378004204775,3.737543485957107e-10,4.461344216465276e-09,1.3973378000467231,3738652957.41862,3738652956.6027203
2019-01-01 13:00:00,sensor_482016000,3.146957974831132e-07,-1.2583471737917045e-30,98.5658832860482,-3.941269685973638e-22,3.146957974831132e-07,98.5658832860482,-2.500866247705382e+23,-2.5008662471596085e+23
2019-01-01 14:00:00,sensor_482010026,0.0,5.848599015232605e-65,0.0,1.8318399313198746e-56,-5.848599015232605e-65,-1.8318399313198746e-56,0.0,0.0
2019-01-01 14:00:00,sensor_482010057,0.0,1.2261171484193512e-44,0.0,3.84032201062308e-36,-1.2261171484193512e-44,-3.84032201062308e-36,0.0,0.0
2019-01-01 14:00:00,sensor_482010069,0.0,4.262626643883334e-43,0.0,1.3350974615008656e-34,-4.262626643883334e-43,-1.3350974615008656e-34,0.0,0.0
2019-01-01 14:00:00,sensor_482010617,0.0,-3.3338408144050554e-91,0.0,-1.0441924147279339e-82,3.3338408144050554e-91,1.0441924147279339e-82,-0.0,-0.0
2019-01-01 14:00:00,sensor_482010803,0.0,-3.741272166578976e-50,0.0,-1.1718040048266875e-41,3.741272166578976e-50,1.1718040048266875e-41,-0.0,-0.0
2019-01-01 14:00:00,sensor_482011015,0.0,-2.4688952197863786e-57,0.0,-7.732827704669673e-49,2.4688952197863786e-57,7.732827704669673e-49,-0.0,-0.0
2019-01-01 14:00:00,sensor_482011035,0.0,-9.707705737689201e-48,0.0,-3.0405509021026435e-39,9.707705737689201e-48,3.0405509021026435e-39,-0.0,-0.0
2019-01-01 14:00:00,sensor_482011039,0.0,1.2465686219350973e-18,0.0,3.9043780789958655e-10,-1.2465686219350973e-18,-3.9043780789958655e-10,0.0,0.0
2019-01-01 14:00:00,sensor_482016000,0.0,-3.956760138694247e-38,0.0,-1.2392970011856109e-29,3.956760138694247e-38,1.2392970011856109e-29,-0.0,-0.0
2019-01-01 15:00:00,sensor_482010026,2.6191255529208756e-06,1.6946673881994344e-55,820.3364189334569,5.307868403910093e-47,2.6191255529208756e-06,820.3364189334569,1.545510093106629e+49,1.545510092769346e+49
2019-01-01 15:00:00,sensor_482010057,3.971780559770472e-12,-3.469269229169665e-41,0.0012440015475997537,-1.086609953929208e-32,3.971780559770472e-12,0.0012440015475997537,-1.1448464496141391e+29,-1.144846449364295e+29
2019-01-01 15:00:00,sensor_482010069,1.4580812648324558e-06,2.206128455259405e-33,456.6856911356159,6.909815816471191e-25,1.4580812648324558e-06,456.6856911356159,6.609231032564734e+26,6.609231031122376e+26
2019-01-01 15:00:00,sensor_482010617,1.1774130161921272e-16,-1.3115295357592222e-64,3.6877757778031545e-08,-4.1078421831482135e-56,1.1774130161921272e-16,3.6877757778031545e-08,-8.977403741887847e+47,-8.977403739928675e+47
2019-01-01 15:00:00,sensor_482010803,1.0676015807174774e-12,-1.0897373487047954e-46,0.0003343835336938241,-3.41316678542836e-38,1.0676015807174774e-12,0.0003343835336938241,-9.796870612779975e+33,-9.796870610641966e+33
2019-01-01 15:00:00,sensor_482011015,2.9491909582101166e-12,2.3206734500351565e-45,0.0009237162176937097,7.268582240390071e-37,2.9491909582101166e-12,0.0009237162176937097,1.2708341012672155e+33,1.2708341009898763e+33
2019-01-01 15:00:00,sensor_482011035,5.5079054468370616e-12,-1.2611806323497212e-40,0.0017251312847692633,-3.9501443626556886e-32,5.5079054468370616e-12,0.0017251312847692633,-4.367261362533941e+28,-4.367261361580858e+28
2019-01-01 15:00:00,sensor_482011039,1.8196790914415063e-08,5.8746082503274425e-19,5.699417608355899,1.8399862848834747e-10,1.8196790913827603e-08,5.699417608171901,30975326590.331875,30975326583.57201
2019-01-01 15:00:00,sensor_482016000,1.6161044265888478e-06,2.0787844013572926e-26,506.1801319344596,6.5109614543470646e-18,1.6161044265888478e-06,506.1801319344596,7.774276281530933e+19,7.774276279834321e+19
2019-01-01 16:00:00,sensor_482010026,6.954335845314389e-07,-1.1672596797963305e-50,217.81678075889198,-3.655974509624557e-42,6.954335845314389e-07,217.81678075889198,-5.957830948575057e+43,-5.957830947274855e+43
2019-01-01 16:00:00,sensor_482010057,2.787551034995568e-12,1.8571188130830223e-35,0.0008730889708942481,5.816682576717137e-27,2.787551034995568e-12,0.0008730889708942481,1.5010084521021709e+23,1.5010084517746e+23
2019-01-01 16:00:00,sensor_482010069,2.378844479756812e-07,2.4963890008332378e-29,74.50779744205258,7.818940987275352e-21,2.378844479756812e-07,74.50779744205258,9.52914180827911e+21,9.529141806199529e+21
2019-01-01 16:00:00,sensor_482010617,4.159344536729218e-17,5.161613401306816e-56,1.3027484683068053e-08,1.6166691397244942e-47,4.159344536729218e-17,1.3027484683068053e-08,8.058225623166889e+38,8.058225621408312e+38
2019-01-01 16:00:00,sensor_482010803,4.676542248432108e-09,-2.159478546412123e-42,1.4647399842254563,-6.763703618325418e-34,4.676542248432108e-09,1.4647399842254563,-2.1655886585222037e+33,-2.1655886580495993e+33
2019-01-01 16:00:00,sensor_482011015,3.921465141908453e-14,5.538941583898849e-40,1.2282422535636058e-05,1.7348521148753312e-31,3.921465141908453e-14,1.2282422535636058e-05,7.079809531315083e+25,7.0798095297700285e+25
2019-01-01 16:00:00,sensor_482011035,4.7296667431330334e-12,9.151102846281384e-36,0.0014813791093304003,2.8662172882383013e-27,4.7296667431330334e-12,0.0014813791093304003,5.168411745099081e+23,5.168411743971158e+23
2019-01-01 16:00:00,sensor_482011039,1.0130447838074018e-07,2.748554533592377e-18,31.729579715680316,8.608748753216662e-10,1.0130447837799162e-07,31.72957971481944,36857365259.67146,36857365251.627945
2019-01-01 16:00:00,sensor_482016000,4.003306402719371e-07,3.7696480987135014e-24,125.38757581276596,1.1806916316646817e-15,4.003306402719371e-07,125.38757581276596,1.0619841157283653e+17,1.0619841154966045e+17
2019-01-01 17:00:00,sensor_482010026,3.1122843329127737e-07,-7.73611135840296e-45,97.47987000917547,-2.4230277477650212e-36,3.1122843329127737e-07,97.47987000917547,-4.023060409455213e+37,-4.0230604085772446e+37
2019-01-01 17:00:00,sensor_482010057,4.676031803398362e-12,-3.1169922324959587e-33,0.0014645801077160698,-9.76273261721105e-25,4.676031803398362e-12,0.0014645801077160698,-1.5001743522645832e+21,-1.5001743519371947e+21
2019-01-01 17:00:00,sensor_482010069,1.826432334833776e-07,-4.5954395801199355e-30,57.20569444679371,-1.4393378145615165e-21,1.826432334833776e-07,57.20569444679371,-3.974445323435431e+22,-3.974445322568072e+22
2019-01-01 17:00:00,sensor_482010617,4.802340425011091e-17,9.33352572348657e-50,1.5041412361311067e-08,2.9233539648988796e-41,4.802340425011091e-17,1.5041412361311067e-08,5.145258680679096e+32,5.145258679556226e+32
2019-01-01 17:00:00,sensor_482010803,2.2774905294012716e-08,-5.6141480556095024e-37,7.133328995856443,-1.7584075368857032e-28,2.2774905294012716e-08,7.133328995856443,-4.056698374966556e+28,-4.056698374081248e+28
2019-01-01 17:00:00,sensor_482011015,1.3719630932829605e-14,-3.883121566831286e-36,4.297126151884835e-06,-1.2162326611492003e-27,1.3719630932829605e-14,4.297126151884835e-06,-3.533144841516031e+21,-3.53314484074498e+21
2019-01-01 17:00:00,sensor_482011035,2.2860330340622154e-12,2.4615472798855805e-35,0.0007160084978113445,7.709813219169533e-27,2.2860330340622154e-12,0.0007160084978113445,9.286975930718164e+22,9.286975928691433e+22
2019-01-01 17:00:00,sensor_482011039,1.3338893050561082e-07,7.523480732348816e-17,41.77875224588069,2.3564297008801063e-08,1.33388930430376e-07,41.77875222231639,1772968327.4402041,1772968327.0532825
2019-01-01 17:00:00,sensor_482016000,3.339204752969605e-07,8.135647918668721e-25,104.58724539118795,2.548166609774678e-16,3.339204752969605e-07,104.58724539118795,4.104411580185511e+17,4.1044115792897894e+17
2019-01-01 18:00:00,sensor_482010026,1.8760399994727156e-10,-1.0892824195840655e-38,0.058759456308884524,-3.4117419017474944e-30,1.8760399994727156e-10,0.058759456308884524,-1.7222714382823398e+28,-1.7222714379064818e+28
2019-01-01 18:00:00,sensor_482010057,3.554264617753819e-12,6.505398158157454e-27,0.001113231362741832,2.0375560171265463e-18,3.5542646177538127e-12,0.00111323136274183,546356200088528.56,546356199969295.1
2019-01-01 18:00:00,sensor_482010069,6.661795973763527e-07,-1.0735043720163804e-26,208.65413827481333,-3.3623234726545222e-18,6.661795973763527e-07,208.65413827481333,-6.2056533232841605e+19,-6.205653321929876e+19
2019-01-01 18:00:00,sensor_482010617,3.979051722055544e-16,-3.1896543541473633e-44,1.2462789486291805e-07,-9.990317677477268e-36,3.979051722055544e-16,1.2462789486291805e-07,-1.2474868058608803e+28,-1.2474868055886367e+28
2019-01-01 18:00:00,sensor_482010803,1.8786435331023655e-12,-3.337437257499207e-31,0.0005884100159608688,-1.0453188568131972e-22,1.8786435331023655e-12,0.0005884100159608688,-5.629000302196129e+18,-5.629000300967689e+18
2019-01-01 18:00:00,sensor_482011015,6.20549840726889e-11,-6.72320257075024e-32,0.019436244037400754,-2.1057745459000165e-23,6.20549840726889e-11,0.019436244037400754,-9.22997387326442e+20,-9.229973871250127e+20
2019-01-01 18:00:00,sensor_482011035,8.400767633795377e-13,1.7778960200729162e-28,0.00026312047657716785,5.568548835066139e-20,8.400767633795375e-13,0.0002631204765771678,4725117520343422.0,4725117519312241.0
2019-01-01 18:00:00,sensor_482011039,1.3952699760040205e-09,9.175384893943789e-16,0.4370125648554913,2.8738226693571564e-07,1.3952690584655312e-09,0.43701227747322435,1520666.4266748833,1520666.4263430226
2019-01-01 18:00:00,sensor_482016000,6.563277558861643e-09,3.038811664438222e-23,2.0556844260858296,9.517863228749928e-15,6.563277558861612e-09,2.0556844260858202,215981715341841.72,215981715294707.2
2019-01-01 19:00:00,sensor_482010026,1.879088969394565e-07,3.070607616099924e-42,58.85495310797216,9.617451341657864e-34,1.879088969394565e-07,58.85495310797216,6.119599780649458e+34,6.1195997793139545e+34
2019-01-01 19:00:00,sensor_482010057,6.786965391099636e-14,-3.442192232561509e-28,2.125745700946236e-05,-1.0781291667393444e-19,6.78696539109967e-14,2.125745700946247e-05,-197169853760581.88,-197169853717552.78
2019-01-01 19:00:00,sensor_482010069,3.9713428818355903e-07,5.832166390502778e-23,124.38644624763062,1.82669306827146e-14,3.97134288183559e-07,124.3864462476306,6809378566946595.0,6809378565460559.0
2019-01-01 19:00:00,sensor_482010617,2.475896690060469e-16,2.175349014807749e-51,7.754757010821174e-08,6.813411518730525e-43,2.475896690060469e-16,7.754757010821174e-08,1.138160669026842e+35,1.1381606687784567e+35
2019-01-01 19:00:00,sensor_482010803,6.057382202495798e-11,-2.70388248053964e-35,0.018972329213332587,-8.468831397995502e-27,6.057382202495798e-11,0.018972329213332587,-2.2402535043930116e+24,-2.2402535039041128e+24
2019-01-01 19:00:00,sensor_482011015,3.578704411536291e-15,-1.3378074637278964e-38,1.1208861515275878e-06,-4.190147291841754e-30,3.578704411536291e-15,1.1208861515275878e-06,-2.6750519103578437e+23,-2.675051909774057e+23
2019-01-01 19:00:00,sensor_482011035,1.8475349107747455e-14,1.4901358135669826e-27,5.78666483120401e-06,4.667254977255889e-19,1.8475349107745966e-14,5.786664831203543e-06,12398433041832.918,12398433039127.16
2019-01-01 19:00:00,sensor_482011039,1.9655478914231343e-10,-8.792825655863248e-19,0.06156293334980007,-2.7540012751076875e-10,1.96554790021596e-10,0.0615629336252002,-223539959.54786888,-223539959.49908492
2019-01-01 19:00:00,sensor_482016000,3.3975955964950254e-07,1.3851062848008568e-19,106.41610523422712,4.3382919482289325e-11,3.3975955964936405e-07,106.41610523418373,2452949375638.3564,2452949375103.0405
2019-01-01 20:00:00,sensor_482010026,4.160103812485429e-07,-1.8673412454705023e-38,130.29862810967032,-5.8487002612837024e-30,4.160103812485429e-07,130.29862810967032,-2.2278219487607546e+31,-2.2278219482745676e+31
2019-01-01 20:00:00,sensor_482010057,1.1978577047533358e-13,1.1152110848940975e-26,3.751810595003147e-05,3.492953084728306e-18,1.1978577047532243e-13,3.751810595002798e-05,10741084992596.596,10741084990252.527
2019-01-01 20:00:00,sensor_482010069,6.822007109782949e-07,-1.8352013214072807e-26,213.6721119053201,-5.7480347922794865e-18,6.822007109782949e-07,213.6721119053201,-3.71730721322261e+19,-3.7173072124113674e+19
2019-01-01 20:00:00,sensor_482010617,2.2117366511390573e-16,-5.467978756270376e-44,6.927381247515565e-08,-1.7126258447975495e-35,2.2117366511390573e-16,6.927381247515565e-08,-4.0448888880608026e+27,-4.044888887178071e+27
2019-01-01 20:00:00,sensor_482010803,7.83051134170387e-12,-5.721320864545679e-31,0.0024525947697724712,-1.7919751366561241e-22,7.83051134170387e-12,0.0024525947697724712,-1.3686544640816396e+19,-1.3686544637829528e+19
2019-01-01 20:00:00,sensor_482011015,1.6923049370201763e-14,-1.152548983138247e-31,5.300468968470564e-06,-3.6098991307421503e-23,1.6923049370201763e-14,5.300468968470564e-06,-1.4683149799084816e+17,-1.4683149795880454e+17
2019-01-01 20:00:00,sensor_482011035,1.9896236322045325e-14,3.047821654808227e-28,6.231700972287645e-06,9.546083423188966e-20,1.989623632204502e-14,6.23170097228755e-06,65280185573381.99,65280185559135.65
2019-01-01 20:00:00,sensor_482011039,4.314188312298056e-10,1.5729230847012737e-15,0.13512470934309878,4.92655302226431e-07,4.314172583067209e-10,0.13512421668779656,274278.4026923604,274278.4026325036
2019-01-01 20:00:00,sensor_482016000,3.464680035315343e-07,5.0794433439290905e-23,108.51725721018519,1.5909326527690147e-14,3.4646800353153426e-07,108.51725721018518,6820983719517810.0,6820983718029242.0
2019-01-01 21:00:00,sensor_482010026,2.0956947666390906e-08,-1.8141061533275284e-44,6.563926414772507,-5.6819626079055034e-36,2.0956947666390906e-08,6.563926414772507,-1.1552216846820444e+36,-1.1552216844299359e+36
2019-01-01 21:00:00,sensor_482010057,2.892254113011533e-14,-4.103795179899205e-30,9.058830261372813e-06,-1.2853498523181642e-21,2.892254113011534e-14,9.058830261372815e-06,-7047754544812763.0,-7047754543274705.0
2019-01-01 21:00:00,sensor_482010069,8.611628339910769e-08,7.468955041186304e-24,26.972484559474225,2.339351706971794e-15,8.611628339910768e-08,26.97248455947422,1.1529897144143168e+16,1.1529897141626956e+16
2019-01-01 21:00:00,sensor_482010617,4.0114570049020034e-16,-1.4090240966531273e-52,1.256428608562491e-07,-4.413204936290985e-44,4.0114570049020034e-16,1.256428608562491e-07,-2.846975445225151e+36,-2.8469754446038445e+36
2019-01-01 21:00:00,sensor_482010803,5.013057238236733e-10,-1.8873950073671523e-36,0.15701398576091108,-5.9115106569353555e-28,5.013057238236733e-10,0.15701398576091108,-2.6560721092664996e+26,-2.6560721086868556e+26
2019-01-01 21:00:00,sensor_482011015,3.424177774081356e-14,9.76309239334727e-38,1.0724868572447147e-05,3.057898558735022e-29,3.424177774081356e-14,1.0724868572447147e-05,3.507267611658214e+23,3.50726761089281e+23
2019-01-01 21:00:00,sensor_482011035,1.6132518528125656e-14,-3.1994040806766624e-29,5.052866771881726e-06,-1.0020854799836492e-20,1.6132518528125688e-14,5.052866771881736e-06,-504235105079746.2,-504235104969705.06
2019-01-01 21:00:00,sensor_482011039,2.3500588175279597e-11,-5.1562488179910625e-18,0.0073606201600527905,-1.6149888983697535e-09,2.3500593331528415e-11,0.007360621775041689,-4557690.8727293955,-4557690.871734753
2019-01-01 21:00:00,sensor_482016000,1.639267001935262e-07,-2.8502508968193913e-21,51.34348830828968,-8.927271973126356e-13,1.6392670019352906e-07,51.343488308290574,-57513077314159.54,-57513077301608.234
2019-01-01 22:00:00,sensor_482010026,5.16512217015526e-07,-2.67891106112579e-43,161.77681210027035,-8.390618405268717e-35,5.16512217015526e-07,161.77681210027035,-1.9280678052763203e+36,-1.9280678048555506e+36
2019-01-01 22:00:00,sensor_482010057,3.8465229766789684e-13,4.079388727944217e-35,0.00012047696150018863,1.277705506525857e-26,3.8465229766789684e-13,0.00012047696150018863,9.42916508625399e+21,9.429165084196225e+21
2019-01-01 22:00:00,sensor_482010069,5.256665538069977e-07,2.2324310248840415e-30,164.64404229198524,6.992198105305219e-22,5.256665538069977e-07,164.64404229198524,2.3546821735928093e+23,2.3546821730789376e+23
2019-01-01 22:00:00,sensor_482010617,1.7523561886020492e-16,-4.9973130351223704e-49,5.488555517510597e-08,-1.565208615465049e-40,1.7523561886020492e-16,5.488555517510597e-08,-3.506596797691179e+32,-3.5065967969259215e+32
2019-01-01 22:00:00,sensor_482010803,1.177560527708038e-11,9.332782658624682e-36,0.003688237798680996,2.9231212295237886e-27,1.177560527708038e-11,0.003688237798680996,1.2617464380999184e+24,1.2617464378245627e+24
2019-01-01 22:00:00,sensor_482011015,9.754924525634264e-14,-1.6746118795145579e-35,3.055340299895396e-05,-5.245052537142335e-27,9.754924525634264e-14,3.055340299895396e-05,-5.825185313066126e+21,-5.825185311794872e+21
2019-01-01 22:00:00,sensor_482011035,5.2891884528227703e-14,-2.969873134809204e-37,1.656626926347239e-05,-9.301940832545286e-29,5.2891884528227703e-14,1.656626926347239e-05,-1.7809476070978933e+23,-1.78094760670923e+23
2019-01-01 22:00:00,sensor_482011039,2.749699399189367e-09,4.807951684945425e-17,0.8612334585331076,1.5058987394076667e-08,2.74969935110985e-09,0.8612334434741202,57190662.04011946,57190662.02763852
2019-01-01 22:00:00,sensor_482016000,2.0825489114259467e-07,-2.7970450411289524e-25,65.22752276414222,-8.760625891252829e-17,2.0825489114259467e-07,65.22752276414222,-7.445532269960806e+17,-7.445532268335937e+17
2019-01-01 23:00:00,sensor_482010026,7.547074583835779e-07,2.0749003172518787e-43,236.381953153148,6.498796112968093e-35,7.547074583835779e-07,236.381953153148,3.6373191141209003e+36,3.637319113327114e+36
2019-01-01 23:00:00,sensor_482010057,2.625564031904841e-13,2.943489247435818e-29,8.2235301519292e-05,9.219303848357896e-21,2.6255640319048403e-13,8.223530151929198e-05,8919903594660882.0,8919903592714260.0
2019-01-01 23:00:00,sensor_482010069,6.844009395228997e-07,1.034817660091876e-24,214.36124557556488,3.24115280677334e-16,6.844009395228997e-07,214.36124557556488,6.613734630912032e+17,6.613734629468692e+17
2019-01-01 23:00:00,sensor_482010617,3.6664039681114803e-16,-2.1682903216797178e-51,1.1483545331417149e-07,-6.791302983162975e-43,3.6664039681114803e-16,1.1483545331417149e-07,-1.6909193070009245e+35,-1.6909193066319085e+35
2019-01-01 23:00:00,sensor_482010803,5.332508598670672e-15,1.3375134447016667e-35,1.6701952309567343e-06,4.189226394732186e-27,5.332508598670672e-15,1.6701952309567343e-06,3.986882240170746e+20,3.986882239300673e+20
2019-01-01 23:00:00,sensor_482011015,2.28369323624066e-13,2.765960231113308e-38,7.152756496422972e-05,8.663265145378742e-30,2.28369323624066e-13,7.152756496422972e-05,8.25642108137421e+24,8.256421079572379e+24
2019-01-01 23:00:00,sensor_482011035,1.0227787003923856e-14,-6.327397888295387e-30,3.203445575587692e-06,-1.9818045454886704e-21,1.0227787003923862e-14,3.2034455755876943e-06,-1616428614809182.0,-1616428614456422.8
2019-01-01 23:00:00,sensor_482011039,8.005259131100813e-09,4.071084403036385e-18,2.507327531861925,1.2751045085895647e-09,8.005259127029727e-09,2.5073275305868203,1966370219.4752228,1966370219.0460942
2019-01-01 23:00:00,sensor_482016000,7.099770810674613e-07,2.988082921307822e-20,222.37194988922505,9.35897571211576e-12,7.099770810674314e-07,222.3719498892157,23760287105978.938,23760287100793.637
2019-01-02 00:00:00,sensor_482010026,4.568365747509295e-07,7.950457385151432e-44,143.08580180551795,2.4901630753699675e-35,4.568365747509295e-07,143.08580180551795,5.74604142403347e+36,5.746041422779488e+36
2019-01-02 00:00:00,sensor_482010057,4.039078052969096e-13,1.3611317753004447e-29,0.00012650797981296648,4.263201377440477e-21,4.039078052969096e-13,0.00012650797981296648,2.9674408652149376e+16,2.967440864567341e+16
2019-01-02 00:00:00,sensor_482010069,4.879113622438607e-07,5.4092633526881175e-25,152.81873723606296,1.6942355908947924e-16,4.879113622438607e-07,152.81873723606296,9.019922500193943e+17,9.01992249822549e+17
2019-01-02 00:00:00,sensor_482010617,1.6623153398511315e-16,-8.629748921450711e-52,5.206538539211549e-08,-2.702924004604428e-43,1.6623153398511315e-16,5.206538539211549e-08,-1.926261534352597e+35,-1.9262615339322215e+35
2019-01-02 00:00:00,sensor_482010803,2.516200568500634e-11,6.007514142768199e-36,0.007880992804564863,1.8816137447668735e-27,2.516200568500634e-11,0.007880992804564863,4.1884222137531175e+24,4.188422212839062e+24
2019-01-02 00:00:00,sensor_482011015,6.124409484097973e-14,1.232861299894021e-38,1.9182265388782643e-05,3.8614453701524195e-30,6.124409484097973e-14,1.9182265388782643e-05,4.967638682976292e+24,4.967638681892184e+24
2019-01-02 00:00:00,sensor_482011035,5.82558153491172e-14,-2.525315689057378e-30,1.824630624990403e-05,-7.909542279023703e-22,5.82558153491172e-14,1.824630624990403e-05,-2.306872586328495e+16,-2.3068725858250576e+16
2019-01-02 00:00:00,sensor_482011039,2.2188880889039658e-09,3.6586790701975412e-19,0.6949780268592458,1.1459350178079483e-10,2.218888088538098e-09,0.6949780267446523,6064724580.459478,6064724579.135951
2019-01-02 00:00:00,sensor_482016000,2.0567586190400536e-07,1.5397913477878167e-20,64.4197449134204,4.822781095835462e-12,2.0567586190398995e-07,64.41974491341558,13357385219724.426,13357385216809.393
2019-01-02 01:00:00,sensor_482010026,7.979284654497202e-07,-3.0616124979221112e-43,249.91920650085262,-9.589277728417935e-35,7.979284654497202e-07,249.91920650085262,-2.6062359818274425e+36,-2.6062359812586736e+36
2019-01-02 01:00:00,sensor_482010057,6.908945942519146e-13,4.6341206011956363e-35,0.00021639512343233646,1.4514530987186532e-26,6.908945942519146e-13,0.00021639512343233646,1.4908860897441012e+22,1.4908860894187396e+22
2019-01-02 01:00:00,sensor_482010069,4.771546757088904e-07,-4.6241243918366806e-32,149.44963501725312,-1.4483221855858031e-23,4.771546757088904e-07,149.44963501725312,-1.0318811417600443e+25,-1.0318811415348525e+25
2019-01-02 01:00:00,sensor_482010617,2.473950420416108e-16,-5.711214630457762e-49,7.74866109889151e-08,-1.788809762673518e-40,2.473950420416108e-16,7.74866109889151e-08,-4.3317412853346356e+32,-4.3317412843893034e+32
2019-01-02 01:00:00,sensor_482010803,1.740733096927798e-13,1.0666036818840658e-35,5.452150827440062e-05,3.340709818333007e-27,1.740733096927798e-13,5.452150827440062e-05,1.6320336470739903e+22,1.6320336467178253e+22
2019-01-02 01:00:00,sensor_482011015,1.4779211331349906e-12,-1.9138420554623257e-35,0.00046289973707826356,-5.9943454668446994e-27,1.4779211331349906e-12,0.00046289973707826356,-7.72227326135317e+22,-7.722273259667906e+22
2019-01-02 01:00:00,sensor_482011035,7.058127619532104e-14,-2.4118315786786183e-37,2.210676433332942e-05,-7.55409865154866e-29,7.058127619532104e-14,2.210676433332942e-05,-2.9264595761695243e+23,-2.9264595755308717e+23
2019-01-02 01:00:00,sensor_482011039,2.580496897581947e-08,5.4948016634414585e-17,8.082375362534679,1.7210270486246718e-08,2.5804968920871454e-08,8.082375345324408,469625121.2761248,469625121.17363673
2019-01-02 01:00:00,sensor_482016000,3.0755102547765324e-07,7.299374694688814e-26,96.32806896114168,2.286237439867468e-17,3.0755102547765324e-07,96.32806896114168,4.2133886578179656e+18,4.213388656898461e+18
2019-01-02 02:00:00,sensor_482010026,4.570517216491903e-08,-2.2442544144102096e-42,14.315318797410658,-7.0292301483657445e-34,4.570517216491903e-08,14.315318797410658,-2.036541484398967e+34,-2.0365414839545247e+34
2019-01-02 02:00:00,sensor_482010057,1.27813494318405e-13,-2.684390223268641e-28,4.0032469655226045e-05,-8.407779691206271e-20,1.2781349431840527e-13,4.0032469655226126e-05,-476136044642470.9,-476136044538561.8
2019-01-02 02:00:00,sensor_482010069,1.0738900541234162e-07,3.040056311548559e-23,33.63531467002083,9.52176158846168e-15,1.073890054123416e-07,33.635314670020826,3532467638983939.5,3532467638213035.5
2019-01-02 02:00:00,sensor_482010617,2.0381751603547133e-16,-3.0991117046256297e-49,6.383769232978886e-08,-9.70672900872184e-41,2.0381751603547133e-16,6.383769232978886e-08,-6.576643098448507e+32,-6.576643097013261e+32
2019-01-02 02:00:00,sensor_482010803,4.9626212379765e-09,4.4408222233809823e-35,1.5543427959552067,1.3909101060775074e-26,4.9626212379765e-09,1.5543427959552067,1.11750054119443e+26,1.1175005409505539e+26
2019-01-02 02:00:00,sensor_482011015,1.855786461604539e-14,4.56466295319182e-36,5.8125095168503745e-06,1.42969826601127e-27,1.855786461604539e-14,5.8125095168503745e-06,4.065549813063172e+21,4.065549812175932e+21
2019-01-02 02:00:00,sensor_482011035,2.153015315596212e-14,7.272558423349335e-28,6.7434601290320056e-06,2.2778383144494276e-19,2.1530153155961393e-14,6.743460129031778e-06,29604647914325.77,29604647907865.03
2019-01-02 02:00:00,sensor_482011039,3.021832081591109e-10,3.092369395321135e-17,0.09464681468462513,9.685611419054445e-09,3.0218317723541695e-10,0.0946468049990137,9771898.810547177,9771898.808414616
2019-01-02 02:00:00,sensor_482016000,1.866533353905682e-07,7.773075894144958e-20,58.461698625147946,2.4346054114821835e-11,1.8665333539049047e-07,58.4616986251236,2401280238768.3384,2401280238244.298
2019-01-02 03:00:00,sensor_482010026,3.3727320760385523e-07,-1.044577350870294e-38,105.63735481080447,-3.2717211381612114e-30,3.3727320760385523e-07,105.63735481080447,-3.228800694585754e+31,-3.22880069388112e+31
2019-01-02 03:00:00,sensor_482010057,2.5414999329234443e-13,2.4663078713254077e-27,7.960232953967993e-05,7.724723869520947e-19,2.5414999329234196e-13,7.960232953967916e-05,103048770288262.03,103048770265773.28
2019-01-02 03:00:00,sensor_482010069,4.509271146181453e-07,3.406990324803947e-26,141.23489956154114,1.0671035758036362e-17,4.509271146181453e-07,141.23489956154114,1.3235350606523769e+19,1.3235350603635366e+19
2019-01-02 03:00:00,sensor_482010617,1.5387013499455e-16,-2.407908684270607e-44,4.819367112106139e-08,-7.541811752405411e-36,1.5387013499455e-16,4.819367112106139e-08,-6.390198100106094e+27,-6.390198098711538e+27
2019-01-02 03:00:00,sensor_482010803,9.355057293275295e-11,-1.2801708253132376e-31,0.029300978680935407,-4.009623553626786e-23,9.355057293275295e-11,0.029300978680935407,-7.307663249540357e+20,-7.307663247945577e+20
2019-01-02 03:00:00,sensor_482011015,1.9861153090562586e-14,-6.262420211679168e-32,6.220712551955115e-06,-1.9614528847986536e-23,1.9861153090562586e-14,6.220712551955115e-06,-3.1714820180099565e+17,-3.171482017317832e+17
2019-01-02 03:00:00,sensor_482011035,4.014073335991084e-14,1.0805805074912e-28,1.2572480697272934e-05,3.384486639403419e-20,4.014073335991073e-14,1.25724806972729e-05,371473787298886.1,371473787217817.94
2019-01-02 03:00:00,sensor_482011039,1.0145685515956363e-09,9.278200314440116e-16,0.3177730565265544,2.9060254913201745e-07,1.0145676237756048e-09,0.3177727659240053,1093497.1408373385,1093497.1405987004
2019-01-02 03:00:00,sensor_482016000,2.5204390934186887e-07,4.246937193518424e-23,78.94268290151872,1.3301833681249906e-14,2.520439093418688e-07,78.94268290151871,5934721844404301.0,5934721843109143.0
2019-01-02 04:00:00,sensor_482010026,2.4302124842931446e-07,5.405804478567647e-44,76.11669491709338,1.6931522367932744e-35,2.4302124842931446e-07,76.11669491709338,4.4955611952452037e+36,4.4955611942641197e+36
2019-01-02 04:00:00,sensor_482010057,3.306671095499304e-13,1.6011187084478133e-29,0.00010356825857575137,5.014864546670174e-21,3.306671095499304e-13,0.00010356825857575137,2.0652254439678116e+16,2.0652254435171092e+16
2019-01-02 04:00:00,sensor_482010069,3.343912777753854e-07,-1.942101127956262e-25,104.73470545424043,-6.082855719097643e-17,3.343912777753854e-07,104.73470545424043,-1.7218015733674824e+18,-1.7218015729917266e+18
2019-01-02 04:00:00,sensor_482010617,1.4139717480100669e-16,-4.633287577390955e-51,4.4287014761170577e-08,-1.4511921872994945e-42,1.4139717480100669e-16,4.4287014761170577e-08,-3.0517677230090835e+34,-3.0517677223430846e+34
2019-01-02 04:00:00,sensor_482010803,4.780157277515408e-10,4.298235188057248e-36,0.1497193251618876,1.3462504150447922e-27,4.780157277515408e-10,0.1497193251618876,1.1121209213486484e+26,1.1121209211059458e+26
2019-01-02 04:00:00,sensor_482011015,6.3610152238404915e-15,1.102260462686678e-36,1.9923338320635875e-06,3.452390435736296e-28,6.3610152238404915e-15,1.9923338320635875e-06,5.770882145528462e+21,5.770882144269061e+21
2019-01-02 04:00:00,sensor_482011035,5.1750980555102064e-14,-8.513531795636466e-30,1.620892668452764e-05,-2.6665236339831417e-21,5.175098055510207e-14,1.6208926684527645e-05,-6078673551395739.0,-6078673550069167.0
2019-01-02 04:00:00,sensor_482011039,1.6754927050378145e-09,-1.1468741008283525e-18,0.5247811369970528,-3.5921248295911723e-10,1.6754927061846886e-09,0.5247811373562652,-1460921215.177548,-1460921214.8587255
2019-01-02 04:00:00,sensor_482016000,2.257950705168175e-07,1.2286329355676436e-20,70.72128304579572,3.848201708555766e-12,2.2579507051680522e-07,70.72128304579186,18377748469887.582,18377748465876.934
2019-01-02 05:00:00,sensor_482010026,4.7973672187412536e-08,-1.1761873213088849e-39,15.025835779969,-3.683936779174259e-31,4.7973672187412536e-08,15.025835779969,-4.078744203264023e+31,-4.078744202373904e+31
2019-01-02 05:00:00,sensor_482010057,2.504746751722952e-13,1.4752300643348257e-29,7.845118300465411e-05,4.6205686741282674e-21,2.504746751722952e-13,7.845118300465411e-05,1.6978685645566278e+16,1.6978685641860952e+16
2019-01-02 05:00:00,sensor_482010069,1.0031046333901743e-07,3.678406422238294e-24,31.418244224801136,1.1521138225291029e-15,1.0031046333901743e-07,31.418244224801136,2.7270087049809724e+16,2.7270087043858464e+16
2019-01-02 05:00:00,sensor_482010617,1.791783303236919e-16,5.296568930212834e-46,5.6120451989898914e-08,1.6589385663270984e-37,1.791783303236919e-16,5.6120451989898914e-08,3.382913215791792e+29,3.382913215053526e+29
2019-01-02 05:00:00,sensor_482010803,7.116684268903597e-09,2.0205860600821366e-32,2.2290169638189976,6.3286784063782294e-24,7.116684268903597e-09,2.2290169638189976,3.5220891648704655e+23,3.522089164101826e+23
2019-01-02 05:00:00,sensor_482011015,1.676326952050712e-14,-1.4468346265072658e-32,5.250424315372488e-06,-4.5316313119593785e-24,1.676326952050712e-14,5.250424315372488e-06,-1.1586168324554496e+18,-1.1586168322026002e+18
2019-01-02 05:00:00,sensor_482011035,2.5946549480388336e-14,3.0313033993953497e-29,8.126719798019755e-06,9.494346588808219e-21,2.5946549480388305e-14,8.126719798019745e-06,855953563921178.6,855953563734380.6
2019-01-02 05:00:00,sensor_482011039,4.52800736728325e-10,4.956802220345424e-16,0.14182173681742807,1.5525202215496112e-07,4.52800241048103e-10,0.14182158156540592,913493.6529639682,913493.652764613
2019-01-02 05:00:00,sensor_482016000,1.7795655523303505e-07,3.986104728429698e-20,55.737779765005456,1.2484880213095069e-11,1.779565552329952e-07,55.73777976499297,4464422471487.345,4464422470513.056
2019-01-02 06:00:00,sensor_482010026,3.705626387120771e-08,1.8822233303998458e-52,11.606393885645895,5.895312445439022e-44,3.705626387120771e-08,11.606393885645895,1.968749577837596e+44,1.9687495774079486e+44
2019-01-02 06:00:00,sensor_482010057,1.1469480264263136e-12,-6.392235398840386e-39,0.0003592356371202119,-2.0021123047579183e-30,1.1469480264263136e-12,0.0003592356371202119,-1.7942831495760954e+26,-1.794283149184522e+26
2019-01-02 06:00:00,sensor_482010069,3.808211304455183e-07,-8.44634131974522e-29,119.27700146160387,-2.645478902343752e-20,3.808211304455183e-07,119.27700146160387,-4.5087111215274163e+21,-4.5087111205434625e+21
2019-01-02 06:00:00,sensor_482010617,1.6787485617475196e-16,5.0323112535335785e-57,5.2580090400700815e-08,1.5761704088524448e-48,1.6787485617475196e-16,5.2580090400700815e-08,3.3359394464496592e+40,3.3359394457216436e+40
2019-01-02 06:00:00,sensor_482010803,5.926771746365243e-09,1.519693221364791e-45,1.8563244151572502,4.759831746033013e-37,5.926771746365243e-09,1.8563244151572502,3.8999790635655965e+36,3.8999790627144897e+36
2019-01-02 06:00:00,sensor_482011015,8.227274213193082e-13,-5.953415180359005e-42,0.00025768648845824464,-1.8646694065884436e-33,8.227274213193082e-13,0.00025768648845824464,-1.381941954986744e+29,-1.3819419546851574e+29
2019-01-02 06:00:00,sensor_482011035,2.3959551127728777e-12,-2.9981425155136345e-36,0.0007504371964702019,-9.39048337114844e-28,2.3959551127728777e-12,0.0007504371964702019,-7.991465050027512e+23,-7.991465048283502e+23
2019-01-02 06:00:00,sensor_482011039,2.3561332010896537e-09,1.0829775103967888e-18,0.7379645739230051,3.3919942931620564e-10,2.356133200006676e-09,0.7379645735838056,2175606767.8879104,2175606767.4131193
2019-01-02 06:00:00,sensor_482016000,1.6697275912791698e-07,4.293892794045078e-24,52.297544548667965,1.344890333642682e-15,1.6697275912791698e-07,52.297544548667965,3.888610338839402e+16,3.888610337990775e+16
2019-01-02 07:00:00,sensor_482010026,5.341315672930162e-08,-2.2461407795173787e-39,16.729536950369514,-7.035138433271857e-31,5.341315672930162e-08,16.729536950369514,-2.3779968386833858e+31,-2.3779968381644265e+31
2019-01-02 07:00:00,sensor_482010057,8.371594320832203e-10,-1.4355555018475256e-29,0.2622067391254468,-4.496303961104526e-21,8.371594320832203e-10,0.2622067391254468,-5.8316061692203205e+19,-5.831606167947667e+19
2019-01-02 07:00:00,sensor_482010069,1.026048871411655e-07,2.268309085566103e-27,32.136880795419444,7.104571793507373e-19,1.026048871411655e-07,32.136880795419444,4.523408551068707e+19,4.5234085500815475e+19
2019-01-02 07:00:00,sensor_482010617,9.007117184800537e-17,2.202097668311639e-46,2.8211195328353516e-08,6.897190987061055e-38,9.007117184800537e-17,2.8211195328353516e-08,4.090244185993051e+29,4.090244185100421e+29
2019-01-02 07:00:00,sensor_482010803,9.989573765011075e-08,3.835039667233078e-32,31.28834797523112,1.2011729274542917e-23,9.989573765011075e-08,31.28834797523112,2.6048162813967446e+24,2.6048162808282853e+24
2019-01-02 07:00:00,sensor_482011015,5.59112688369263e-15,-2.0104632097868767e-32,1.751197074327331e-06,-6.296972622922509e-24,5.59112688369263e-15,1.751197074327331e-06,-2.7810142739619338e+17,-2.7810142733550224e+17
2019-01-02 07:00:00,sensor_482011035,1.003776700583463e-11,-2.065958098126692e-31,0.003143929404404368,-6.470788184872037e-23,1.003776700583463e-11,0.003143929404404368,-4.858649851096388e+19,-4.858649850036067e+19
2019-01-02 07:00:00,sensor_482011039,9.532982036153328e-09,5.779460969189055e-16,2.985825683909567,1.81018520115524e-07,9.532981458207231e-09,2.9858255028910468,16494586.756402904,16494586.752803227
2019-01-02 07:00:00,sensor_482016000,2.0630511130512853e-07,7.854349692881534e-23,64.61683214345324,2.460061181232846e-14,2.0630511130512845e-07,64.61683214345321,2626635168690091.0,2626635168116870.5
2019-01-02 08:00:00,sensor_482010026,2.546848918463852e-06,1.7744375678816628e-48,797.6986513713348,5.557716615575627e-40,2.546848918463852e-06,797.6986513713348,1.4352992545712947e+42,1.435299254258064e+42
2019-01-02 08:00:00,sensor_482010057,3.2850111831528495e-12,6.059824483185546e-40,0.00102889848374725,1.8979978685797487e-31,3.2850111831528495e-12,0.00102889848374725,5.420967541663806e+27,5.420967540480769e+27
2019-01-02 08:00:00,sensor_482010069,1.2148185332712515e-06,1.211927342758571e-36,380.49336127714815,3.795878114641519e-28,1.2148185332712515e-06,380.49336127714815,1.002385613733328e+30,1.0023856135145735e+30
2019-01-02 08:00:00,sensor_482010617,8.91240731818399e-17,-3.9569930468926883e-53,2.7914554517334596e-08,-1.239369950371754e-44,8.91240731818399e-17,2.7914554517334596e-08,-2.252318164971921e+36,-2.2523181644803885e+36
2019-01-02 08:00:00,sensor_482010803,9.475663837191398e-12,-5.515392139418693e-41,0.0029678730485257045,-1.7274761924284692e-32,9.475663837191398e-12,0.0029678730485257045,-1.7180399140558855e+29,-1.7180399136809506e+29
2019-01-02 08:00:00,sensor_482011015,1.1726683016230058e-12,5.7227279093948154e-39,0.00036729148554080684,1.7924158372295594e-30,1.1726683016230058e-12,0.00036729148554080684,2.0491421577074713e+26,2.049142157260279e+26
2019-01-02 08:00:00,sensor_482011035,5.232794043212938e-12,1.5267500381544718e-42,0.0016389636310632065,4.781934404720466e-34,5.232794043212938e-12,0.0016389636310632065,3.4274071802469474e+30,3.4274071794989715e+30
2019-01-02 08:00:00,sensor_482011039,1.1157354786157008e-08,1.3385670731154368e-17,3.494595537750692,4.192526464708073e-09,1.1157354772771338e-08,3.4945955335581655,833529750.6003128,833529750.4184083
2019-01-02 08:00:00,sensor_482016000,1.3152318739876252e-06,-6.480691660846383e-29,411.94382772941583,-2.0298176941162674e-20,1.3152318739876252e-06,411.94382772941583,-2.029462197582557e+22,-2.0294621971396598e+22
2019-01-02 09:00:00,sensor_482010026,5.52445378603056e-08,3.714861369909673e-49,17.303143907483378,1.1635318781462994e-40,5.52445378603056e-08,17.303143907483378,1.4871224618981914e+41,1.4871224615736507e+41
2019-01-02 09:00:00,sensor_482010057,8.834282233521656e-12,-7.413304689107576e-35,0.0027669858908491787,-2.3219214579729632e-26,8.834282233521656e-12,0.0027669858908491787,-1.191679366221374e+23,-1.1916793659613088e+23
2019-01-02 09:00:00,sensor_482010069,7.827479508814222e-08,-3.6274046636609673e-34,24.516451692721347,-1.1361395596866415e-25,7.827479508814222e-08,24.516451692721347,-2.157873255010462e+26,-2.1578732545395416e+26
2019-01-02 09:00:00,sensor_482010617,2.636994184083785e-16,4.311567769924319e-60,8.259330536129502e-08,1.3504263135442588e-51,2.636994184083785e-16,8.259330536129502e-08,6.116091233630481e+43,6.116091232295742e+43
2019-01-02 09:00:00,sensor_482010803,1.8894478708017528e-14,6.037541892667916e-40,5.91794043002787e-06,1.8910187375131236e-31,1.8894478708017528e-14,5.91794043002787e-06,3.129498568111515e+25,3.1294985674285525e+25
2019-01-02 09:00:00,sensor_482011015,2.7738996728778084e-10,6.453665571370448e-40,0.08688132272206553,2.0213528515513215e-31,2.7738996728778084e-10,0.08688132272206553,4.298176969664026e+29,4.298176968726019e+29
2019-01-02 09:00:00,sensor_482011035,4.999279537921898e-12,1.1200426562977334e-36,0.0015658245435437711,3.508086051452733e-28,4.999279537921898e-12,0.0015658245435437711,4.463472448850174e+24,4.463472447876094e+24
2019-01-02 09:00:00,sensor_482011039,4.123381848201862e-08,-9.264047849336022e-18,12.91484593198241,-2.90159279715927e-09,4.123381849128267e-08,12.914845934884003,-4450950508.095007,-4450950507.123659
2019-01-02 09:00:00,sensor_482016000,5.221893964049094e-07,5.224604689058581e-28,163.55496168333858,1.6363986434788827e-19,5.221893964049094e-07,163.55496168333858,9.994811617010635e+20,9.994811614829428e+20
2019-01-02 10:00:00,sensor_482010026,4.0127920898638516e-07,1.880741773309428e-64,125.68467705766612,5.89067205988397e-56,4.0127920898638516e-07,125.68467705766612,2.133622035098834e+57,2.1336220346332055e+57
2019-01-02 10:00:00,sensor_482010057,2.4502084880825893e-11,1.9465618269192968e-44,0.007674298983156664,6.096827076102633e-36,2.4502084880825893e-11,0.007674298983156664,1.2587365344364032e+33,1.2587365341617042e+33
2019-01-02 10:00:00,sensor_482010069,4.0997599762955576e-07,5.358491695921296e-38,128.40859857559545,1.6783333982495969e-29,4.0997599762955576e-07,128.40859857559545,7.650958905873004e+30,7.650958904203305e+30
2019-01-02 10:00:00,sensor_482010617,1.0272233793278664e-16,4.85695224564501e-81,3.2173667562549385e-08,1.5212462069828553e-72,1.0272233793278664e-16,3.2173667562549385e-08,2.1149546616377114e+64,2.114954661176157e+64
2019-01-02 10:00:00,sensor_482010803,1.9625113642239808e-13,-3.515941178074961e-50,6.146782626927964e-05,-1.1012280769112368e-41,1.9625113642239808e-13,6.146782626927964e-05,-5.581752551669507e+36,-5.58175255045138e+36
2019-01-02 10:00:00,sensor_482011015,3.077155271256037e-10,1.7230192820960355e-58,0.09637959252885986,5.396669382115422e-50,3.077155271256037e-10,0.09637959252885986,1.78590878420856e+48,1.7859087838188146e+48
2019-01-02 10:00:00,sensor_482011035,1.6527761891646556e-10,1.7470551007106244e-46,0.05176660961540317,5.471951979204897e-38,1.6527761891646556e-10,0.05176660961540317,9.460355248625987e+35,9.460355246561417e+35
2019-01-02 10:00:00,sensor_482011039,2.5260216467686666e-07,6.461983198219181e-19,79.11753407726778,2.0239580157890547e-10,2.526021646762205e-07,79.11753407706539,390905016197.6277,390905016112.3191
2019-01-02 10:00:00,sensor_482016000,1.7951434198171077e-06,-4.749112504307876e-30,562.2569421471387,-1.487469717288475e-21,1.7951434198171077e-06,562.2569421471387,-3.7799555563039407e+23,-3.779955555479026e+23
2019-01-02 11:00:00,sensor_482010026,1.7853415101994012e-06,-4.848016818386555e-60,559.1868856446806,-1.5184475414541005e-51,1.7853415101994012e-06,559.1868856446806,-3.6826223527697497e+53,-3.6826223519660764e+53
2019-01-02 11:00:00,sensor_482010057,1.724484831373507e-11,1.6969191379573314e-43,0.0054012596284144085,5.314921110226788e-35,1.724484831373507e-11,0.0054012596284144085,1.0162445533199406e+32,1.0162445530981619e+32
2019-01-02 11:00:00,sensor_482010069,8.834169407864042e-07,7.532886107799542e-37,276.6950552720456,2.3593755589009452e-28,8.834169407864042e-07,276.6950552720456,1.1727469765827407e+30,1.1727469763268079e+30
2019-01-02 11:00:00,sensor_482010617,4.0934462652369314e-17,-4.0905619385739256e-61,1.2821084680633652e-08,-1.2812050682737626e-52,4.0934462652369314e-17,1.2821084680633652e-08,-1.0007051174646218e+44,-1.0007051172462343e+44
2019-01-02 11:00:00,sensor_482010803,5.5951715985825775e-12,-1.0917844510726387e-54,0.0017524639196393958,-3.419578515572875e-46,5.5951715985825775e-12,0.0017524639196393958,-5.1247950940183515e+42,-5.1247950928999476e+42
2019-01-02 11:00:00,sensor_482011015,6.515075743762698e-11,-3.091876521184334e-45,0.020405871336554367,-9.684067687773574e-37,6.515075743762698e-11,0.020405871336554367,-2.1071590987298284e+34,-2.107159098269975e+34
2019-01-02 11:00:00,sensor_482011035,1.3322439825585205e-10,3.7851081760949433e-45,0.04172721909336891,1.185533883119237e-36,1.3322439825585205e-10,0.04172721909336891,3.51969856759281e+34,3.519698566824693e+34
2019-01-02 11:00:00,sensor_482011039,4.2648712523247227e-07,7.152344520612516e-19,133.58004951089893,2.2401861131684763e-10,4.2648712523175706e-07,133.5800495106749,596289963386.647,596289963256.5165
2019-01-02 11:00:00,sensor_482016000,2.3063568128240852e-06,-2.7377050536786326e-29,722.3741093682685,-8.574767092842467e-21,2.3063568128240852e-06,722.3741093682685,-8.424416683327708e+22,-8.424416681489214e+22
2019-01-02 12:00:00,sensor_482010026,1.314437668057681e-06,-5.886449923200944e-58,411.6950744584092,-1.843695215717476e-49,1.314437668057681e-06,411.6950744584092,-2.232988788160647e+51,-2.2329887876733336e+51
2019-01-02 12:00:00,sensor_482010057,2.568226807036086e-11,-6.155106390187558e-48,0.00804394420704022,-1.9278411184801095e-39,2.568226807036086e-11,0.00804394420704022,-4.172514078928581e+36,-4.1725140780179986e+36
2019-01-02 12:00:00,sensor_482010069,7.664081980157612e-07,-1.2185140452319044e-36,240.04674228020366,-3.816508328090842e-28,7.664081980157612e-07,240.04674228020366,-6.28969523178455e+29,-6.2896952304119266e+29
2019-01-02 12:00:00,sensor_482010617,6.522698940298635e-17,5.423690968441612e-60,2.0429747953466227e-08,1.6987544650015928e-51,6.522698940298635e-17,2.0429747953466227e-08,1.2026310087082265e+43,1.2026310084457716e+43
2019-01-02 12:00:00,sensor_482010803,9.226171526285105e-13,-4.250523940582742e-50,0.00028897295518720014,-1.331306773316362e-41,9.226171526285105e-13,0.00028897295518720014,-2.1705962971285388e+37,-2.1705962966548415e+37
2019-01-02 12:00:00,sensor_482011015,1.1656617497607916e-10,9.313656391961318e-45,0.036509696315248134,2.917130690777711e-36,1.1656617497607916e-10,0.036509696315248134,1.251561900830787e+34,1.2515619005576537e+34
2019-01-02 12:00:00,sensor_482011035,2.1124786999364208e-10,-2.4334908339372227e-46,0.06616495378949865,-7.621937613600982e-38,2.1124786999364208e-10,0.06616495378949865,-8.680857435236663e+35,-8.680857433342206e+35
2019-01-02 12:00:00,sensor_482011039,3.141447197090795e-07,8.313015317766977e-19,98.3932801944551,2.6037198599353253e-10,3.141447197082482e-07,98.39328019419473,377895032910.2297,377895032827.76025
2019-01-02 12:00:00,sensor_482016000,2.60021689215273e-06,1.7106858311912628e-30,814.4140365398106,5.358039775607106e-22,2.60021689215273e-06,814.4140365398106,1.5199850520431497e+24,1.5199850517114375e+24
2019-01-02 13:00:00,sensor_482010026,1.950643536505329e-06,1.68085826481787e-54,610.9611398995111,5.2646168430474165e-46,1.950643536505329e-06,610.9611398995111,1.1605044740144651e+48,1.1605044737612035e+48
2019-01-02 13:00:00,sensor_482010057,1.0923066597099652e-11,-1.0889845749793152e-45,0.003421214124707939,-3.410809022541912e-37,1.0923066597099652e-11,0.003421214124707939,-1.0030506260666851e+34,-1.0030506258477856e+34
2019-01-02 13:00:00,sensor_482010069,1.2482788536393845e-06,-4.158892758652392e-40,390.97346955471784,-1.3026069671616096e-31,1.2482788536393845e-06,390.97346955471784,-3.0014692036537746e+33,-3.0014692029987526e+33
2019-01-02 13:00:00,sensor_482010617,2.9747980121281555e-17,1.4497374322828364e-56,9.317366040731003e-09,4.540723191089247e-48,2.9747980121281555e-17,9.317366040731003e-09,2.0519564066465986e+39,2.0519564061987923e+39
2019-01-02 13:00:00,sensor_482010803,1.9730558134360338e-09,7.092965808194707e-47,0.617980890051227,2.2215881042788254e-38,1.9730558134360338e-09,0.617980890051227,2.781707774703363e+37,2.7817077740963e+37
2019-01-02 13:00:00,sensor_482011015,4.528460821195805e-13,1.1896956469088107e-41,0.00014183593944923248,3.726246211184842e-33,4.528460821195805e-13,0.00014183593944923248,3.8064027828983965e+28,3.8064027820677106e+28
2019-01-02 13:00:00,sensor_482011035,1.357517438758117e-10,-1.616792894873482e-48,0.04251880911583756,-5.063957672238724e-40,1.357517438758117e-10,0.04251880911583756,-8.396359503202456e+37,-8.396359501370087e+37
2019-01-02 13:00:00,sensor_482011039,6.46289580337082e-08,1.1910857248251368e-18,20.24243852443317,3.7306000747821577e-10,6.462895803251711e-08,20.24243852406011,54260542869.99063,54260542858.14915
2019-01-02 13:00:00,sensor_482016000,9.463999013433561e-07,2.955779903133274e-32,296.4219508611086,9.257799415980273e-24,9.463999013433561e-07,296.4219508611086,3.2018618853864088e+25,3.201861884687654e+25
2019-01-02 14:00:00,sensor_482010026,1.0051826393655559e-06,4.347596119356768e-52,314.83329458247306,1.36171075430999e-43,1.0051826393655559e-06,314.83329458247306,2.3120423603521702e+45,2.3120423598476044e+45
2019-01-02 14:00:00,sensor_482010057,4.663378898308179e-12,1.665687344882704e-42,0.0014606170908079226,5.217099998654915e-34,4.663378898308179e-12,0.0014606170908079226,2.799672407090641e+30,2.7996724064796577e+30
2019-01-02 14:00:00,sensor_482010069,3.185236597339319e-07,2.4284538139372407e-35,99.76480817435882,7.606161161245824e-27,3.185236597339319e-07,99.76480817435882,1.3116315324009024e+28,1.3116315321146602e+28
2019-01-02 14:00:00,sensor_482010617,3.2084218171768655e-17,1.2794355022987754e-56,1.0049099253739965e-08,4.0073204481192916e-48,3.2084218171768655e-17,1.0049099253739965e-08,2.5076854686400835e+39,2.5076854680928227e+39
2019-01-02 14:00:00,sensor_482010803,1.8716565135620412e-09,4.0398000665092075e-44,0.5862216112918618,1.2653059402955038e-35,1.8716565135620412e-09,0.5862216112918618,4.633042434645386e+34,4.6330424336343e+34
2019-01-02 14:00:00,sensor_482011015,2.103286828670127e-13,3.5401741778552747e-41,6.58770551528915e-05,1.1088180957409818e-32,2.103286828670127e-13,6.58770551528915e-05,5.941195893204188e+27,5.941195891907619e+27
2019-01-02 14:00:00,sensor_482011035,2.2570321465666784e-11,8.929019883214068e-44,0.007069251286817319,2.796658674499697e-35,2.2570321465666784e-11,0.007069251286817319,2.5277490431057733e+32,2.527749042554133e+32
2019-01-02 14:00:00,sensor_482011039,6.538619228756179e-08,1.264156828826474e-18,20.479611895296298,3.9594661088300626e-10,6.538619228629763e-08,20.47961189490035,51723165035.037834,51723165023.75009
2019-01-02 14:00:00,sensor_482016000,3.881702593030032e-07,2.821898960117842e-28,121.57882240428698,8.838470860851631e-20,3.881702593030032e-07,121.57882240428698,1.37556399002604e+21,1.3755639897258457e+21
2019-01-02 15:00:00,sensor_482010026,1.3408165387182344e-06,1.5221026001103494e-47,419.9572015905181,4.7673781621649655e-39,1.3408165387182344e-06,419.9572015905181,8.808976074418557e+40,8.80897607249614e+40
2019-01-02 15:00:00,sensor_482010057,7.81367844714229e-12,-5.609367982990175e-38,0.0024473225381952068,-1.7569103701495525e-29,7.81367844714229e-12,0.0024473225381952068,-1.3929694879773367e+26,-1.3929694876733436e+26
2019-01-02 15:00:00,sensor_482010069,5.083037433792814e-07,3.730199150522514e-33,159.2058357451441,1.168335825025073e-24,5.083037433792814e-07,159.2058357451441,1.3626718651417847e+26,1.3626718648444035e+26
2019-01-02 15:00:00,sensor_482010617,9.60970399734973e-17,-6.687256333577814e-52,3.009855772437098e-08,-2.0945158235185292e-43,9.60970399734973e-17,3.009855772437098e-08,-1.4370174430278415e+35,-1.4370174427142356e+35
2019-01-02 15:00:00,sensor_482010803,3.8432383565921124e-13,1.1685249014957062e-39,0.00012037408390134259,3.659937311014859e-31,3.8432383565921124e-13,0.00012037408390134259,3.288965730788267e+26,3.288965730070503e+26
2019-01-02 15:00:00,sensor_482011015,4.482554725912243e-11,-7.391674216969229e-38,0.01403981144556907,-2.3151465769299765e-29,4.482554725912243e-11,0.01403981144556907,-6.0643293986381914e+26,-6.06432939731475e+26
2019-01-02 15:00:00,sensor_482011035,9.756075803286612e-12,-1.6833665016658375e-40,0.003055700891614824,-5.272472892681436e-32,9.756075803286612e-12,0.003055700891614824,-5.7955744002462485e+28,-5.795574398981457e+28
2019-01-02 15:00:00,sensor_482011039,1.1880074582880977e-07,2.43810175528383e-17,37.20958634119126,7.6363794821936e-09,1.1880074580442875e-07,37.20958633355488,4872673815.657856,4872673814.594474
2019-01-02 15:00:00,sensor_482016000,1.2510543083604011e-06,-9.05532810096848e-27,391.8427698386281,-2.836219676430888e-18,1.2510543083604011e-06,391.8427698386281,-1.3815670668262138e+20,-1.3815670665247089e+20
2019-01-02 16:00:00,sensor_482010026,8.411680599620707e-08,-7.180866463753837e-49,26.346228162332576,-2.249119472119745e-40,8.411680599620707e-08,26.346228162332576,-1.1714018972612192e+41,-1.1714018970055797e+41
2019-01-02 16:00:00,sensor_482010057,1.1983385145357893e-11,-1.773981887161569e-36,0.0037533165395146127,-5.556289377810092e-28,1.1983385145357893e-11,0.0037533165395146127,-6.75507750788353e+24,-6.755077506409344e+24
2019-01-02 16:00:00,sensor_482010069,1.8378326300423924e-07,-1.5715063164299696e-30,57.562763138509965,-4.9221155617955e-22,1.8378326300423924e-07,57.562763138509965,-1.1694719969165907e+23,-1.1694719966613725e+23
2019-01-02 16:00:00,sensor_482010617,7.930630314588891e-17,-2.5461676728146167e-56,2.483953037264536e-08,-7.974852785683946e-48,7.930630314588891e-17,2.483953037264536e-08,-3.114732151878322e+39,-3.114732151198582e+39
2019-01-02 16:00:00,sensor_482010803,3.5661282974370985e-08,-8.120276971219797e-40,11.169471863287926,-2.543352274709849e-31,3.5661282974370985e-08,11.169471863287926,-4.391633819974749e+31,-4.391633819016346e+31
2019-01-02 16:00:00,sensor_482011015,5.029663693252524e-13,1.3715338411294718e-39,0.00015753411660472043,4.2957816919811065e-31,5.029663693252524e-13,0.00015753411660472043,3.667181619893932e+26,3.667181619093629e+26
2019-01-02 16:00:00,sensor_482011035,3.340392366231972e-12,-2.7669944982889378e-37,0.0010462444263091713,-8.666504574012911e-29,3.340392366231972e-12,0.0010462444263091713,-1.2072276863208849e+25,-1.207227686057427e+25
2019-01-02 16:00:00,sensor_482011039,3.34225737698758e-08,4.011076700231405e-18,10.46828566402349,1.2563094935956081e-09,3.342257376586472e-08,10.468285662767181,8332569099.949546,8332569098.131096
2019-01-02 16:00:00,sensor_482016000,2.0226879987916287e-07,-2.5314750843194663e-24,63.35261888067772,-7.928834123385898e-16,2.0226879987916287e-07,63.35261888067772,-7.990155665843283e+16,-7.990155664099562e+16
2019-01-02 17:00:00,sensor_482010026,5.9465993301469666e-08,-6.454654605313171e-39,18.625346134646446,-2.0216626269120523e-30,5.9465993301469666e-08,18.625346134646446,-9.212885419542052e+30,-9.212885417531486e+30
2019-01-02 17:00:00,sensor_482010057,1.7383654059140103e-12,-1.5510840218231695e-28,0.0005444734981471069,-4.8581508846950864e-20,1.7383654059140106e-12,0.0005444734981471069,-1.1207422560324664e+16,-1.1207422557878826e+16
2019-01-02 17:00:00,sensor_482010069,2.2833339274551425e-07,7.031334383869211e-27,71.51631105232488,2.2022845234025307e-18,2.2833339274551425e-07,71.51631105232488,3.247369279853061e+19,3.2473692791443743e+19
2019-01-02 17:00:00,sensor_482010617,1.5988619311986857e-16,-4.0547438808826756e-45,5.007796092653314e-08,-1.2699864929926976e-36,1.5988619311986857e-16,5.007796092653314e-08,-3.9431884680485173e+28,-3.94318846718798e+28
2019-01-02 17:00:00,sensor_482010803,2.8326910810761515e-08,8.615585454504343e-32,8.872272865282355,2.698487864556066e-23,2.8326910810761515e-08,8.872272865282355,3.287868359073826e+23,3.2878683583563015e+23
2019-01-02 17:00:00,sensor_482011015,6.949990899713205e-15,-4.1154409439836136e-32,2.1768069270038094e-06,-1.288997422552504e-23,6.949990899713205e-15,2.1768069270038094e-06,-1.688759720844357e+17,-1.6887597204758125e+17
2019-01-02 17:00:00,sensor_482011035,2.173260058370981e-13,-3.5749993529555e-30,6.806868695954512e-05,-1.1197256902260282e-21,2.173260058370981e-13,6.806868695954512e-05,-6.079050214580648e+16,-6.079050213253994e+16
2019-01-02 17:00:00,sensor_482011039,1.0133914747349488e-09,8.70233101965083e-16,0.3174043842360531,2.725657446482674e-07,1.0133906045018469e-09,0.31740411167030846,1164505.7771838354,1164505.776929701
2019-01-02 17:00:00,sensor_482016000,3.908008437106512e-07,2.4705534607234924e-22,122.40274785156672,7.73802148177158e-14,3.908008437106509e-07,122.40274785156664,1581835203825974.2,1581835203480764.0
2019-01-02 18:00:00,sensor_482010026,5.4254705664309075e-08,-5.098378196875225e-46,16.993118525881,-1.5968632388170686e-37,5.4254705664309075e-08,16.993118525881,-1.0641561604347351e+38,-1.0641561602025003e+38
2019-01-02 18:00:00,sensor_482010057,3.429690803976513e-12,9.087952929657204e-33,0.0010742135935581467,2.8464381003284436e-24,3.429690803976513e-12,0.0010742135935581467,3.773887068433441e+20,3.7738870676098515e+20
2019-01-02 18:00:00,sensor_482010069,1.1752230212390585e-07,4.159580533747091e-27,36.80916493736841,1.3028223852265096e-18,1.1752230212390585e-07,36.80916493736841,2.8253402277089174e+19,2.825340227092332e+19
2019-01-02 18:00:00,sensor_482010617,1.0851341201755282e-16,-1.3173323196910146e-50,3.3987490107702856e-08,-4.126017085020258e-42,1.0851341201755282e-16,3.3987490107702856e-08,-8.237360489493271e+33,-8.237360487695601e+33
2019-01-02 18:00:00,sensor_482010803,3.511690940379303e-08,-2.6159764740572685e-39,10.9989685955267,-8.193500959957481e-31,3.511690940379303e-08,10.9989685955267,-1.3424015755511821e+31,-1.3424015752582248e+31
2019-01-02 18:00:00,sensor_482011015,6.875246135031279e-13,-1.0081457051582156e-36,0.00021533961162754675,-3.1576135660652813e-28,6.875246135031279e-13,0.00021533961162754675,-6.81969491101715e+23,-6.819694909528862e+23
2019-01-02 18:00:00,sensor_482011035,3.196834243550375e-13,1.1339205304938563e-32,0.00010012805809760992,3.551552946769168e-24,3.196834243550375e-13,0.00010012805809760992,2.8192753879833694e+19,2.819275387368108e+19
2019-01-02 18:00:00,sensor_482011039,2.1215788361182957e-08,3.568412854543488e-17,6.644997919116069,1.1176627327951505e-08,2.1215788325498828e-08,6.644997907939441,594544107.5902951,594544107.4605454
2019-01-02 18:00:00,sensor_482016000,1.9438370246545033e-07,1.330304303453469e-22,60.88292720511342,4.16664664054733e-14,1.943837024654502e-07,60.882927205113376,1461197276148249.5,1461197275829367.0
2019-01-02 19:00:00,sensor_482010026,6.028644186749839e-07,6.491216013073598e-54,188.823188627482,2.0331140268979952e-45,6.028644186749839e-07,188.823188627482,9.287388024998523e+46,9.2873880229717e+46
2019-01-02 19:00:00,sensor_482010057,7.779678698226961e-13,-8.0345382892391e-39,0.00024366734754808464,-2.516498058699841e-30,7.779678698226961e-13,0.00024366734754808464,-9.6827949760928e+25,-9.682794973979689e+25
2019-01-02 19:00:00,sensor_482010069,1.8380590805993352e-07,-5.44606862576162e-31,57.569855797307504,-1.7057633719451905e-22,1.8380590805993352e-07,57.569855797307504,-3.375020050068295e+23,-3.375020049331751e+23
2019-01-02 19:00:00,sensor_482010617,3.12635474758063e-16,2.912615043931783e-63,9.792056952312835e-08,9.122602743222999e-55,3.12635474758063e-16,9.792056952312835e-08,1.0733841240345709e+47,1.0733841238003222e+47
2019-01-02 19:00:00,sensor_482010803,1.684353807812915e-14,-1.250615074395828e-47,5.275565233508001e-06,-3.91705197436542e-39,1.684353807812915e-14,5.275565233508001e-06,-1.3468203304894804e+33,-1.346820330195559e+33
2019-01-02 19:00:00,sensor_482011015,4.176020072760185e-12,2.5864942427846065e-43,0.0013079714136124184,8.101159651604814e-35,4.176020072760185e-12,0.0013079714136124184,1.6145483735020044e+31,1.6145483731496556e+31
2019-01-02 19:00:00,sensor_482011035,6.666258238041836e-14,-9.94565030905187e-41,2.0879390087207867e-05,-3.1150775308093987e-32,6.666258238041836e-14,2.0879390087207867e-05,-6.702687135475345e+26,-6.702687134012592e+26
2019-01-02 19:00:00,sensor_482011039,4.626699138310944e-08,5.08249784506836e-19,14.491286217156663,1.5918893531929286e-10,4.626699138260119e-08,14.491286216997475,91031994097.16061,91031994077.29436
2019-01-02 19:00:00,sensor_482016000,7.019136862852804e-07,3.046753816496815e-25,219.84641368776875,9.542738846386995e-17,7.019136862852804e-07,219.84641368776875,2.3038083434399276e+18,2.3038083429371584e+18
2019-01-02 20:00:00,sensor_482010026,5.001144821621511e-07,-7.675318061684301e-50,156.64087691257518,-2.4039866768699616e-41,5.001144821621511e-07,156.64087691257518,-6.515879578447126e+42,-6.51587957702514e+42
2019-01-02 20:00:00,sensor_482010057,7.459302020343024e-13,9.23378821708836e-34,0.0002336328283417789,2.892115176533552e-25,7.459302020343024e-13,0.0002336328283417789,8.078268468989345e+20,8.078268467226395e+20
2019-01-02 20:00:00,sensor_482010069,4.6015823081548234e-07,6.083730383474532e-28,144.1261778340306,1.9054854365647416e-19,4.6015823081548234e-07,144.1261778340306,7.563751215297568e+20,7.563751213646901e+20
2019-01-02 20:00:00,sensor_482010617,2.2092163186665725e-16,-2.12424112342299e-56,6.919487313172882e-08,-6.653336471697336e-48,2.2092163186665725e-16,6.919487313172882e-08,-1.0400026128421119e+40,-1.0400026126151483e+40
2019-01-02 20:00:00,sensor_482010803,9.127761774381925e-12,-3.473278769023384e-41,0.0028589066295518573,-1.0878657820670459e-32,9.127761774381925e-12,0.0028589066295518573,-2.6279957300831536e+29,-2.6279957295096363e+29
2019-01-02 20:00:00,sensor_482011015,1.0221329782181344e-13,2.488278382265529e-40,3.201423108908077e-05,7.79353771561775e-32,1.0221329782181344e-13,3.201423108908077e-05,4.107791899423658e+26,4.107791898527199e+26
2019-01-02 20:00:00,sensor_482011035,1.6807590235842307e-13,-4.2130921542136215e-34,5.264306008391019e-05,-1.3195827620116028e-25,1.6807590235842307e-13,5.264306008391019e-05,-3.98937161130753e+20,-3.989371610436914e+20
2019-01-02 20:00:00,sensor_482011039,9.778640153681724e-09,-1.284573661256952e-18,3.0627682727023946,-4.0234136778458345e-10,9.778640154966298e-09,3.062768273104736,-7612362333.59584,-7612362331.9345665
2019-01-02 20:00:00,sensor_482016000,1.311835523906126e-07,-4.175524732010521e-23,41.088005678487505,-1.3078162682018615e-14,1.3118355239061264e-07,41.08800567848752,-3141726149648442.5,-3141726148962812.0
2019-01-02 21:00:00,sensor_482010026,2.856671138265235e-07,-3.1025616778961257e-43,89.47380811972327,-9.717534671381261e-35,2.856671138265235e-07,89.47380811972327,-9.207459624790985e+35,-9.207459622781605e+35
2019-01-02 21:00:00,sensor_482010057,6.789180495167894e-13,-1.1928815365003963e-28,0.00021264394937798377,-3.7362247372479954e-20,6.789180495167895e-13,0.0002126439493779838,-5691412170805813.0,-5691412169563753.0
2019-01-02 21:00:00,sensor_482010069,3.7529218575703756e-07,1.2511819129111486e-23,117.54528047511994,3.918827369505812e-15,3.7529218575703756e-07,117.54528047511994,2.999501366542601e+16,2.9995013658880084e+16
2019-01-02 21:00:00,sensor_482010617,1.5147348455765753e-16,-2.3890411068787381e-51,4.7443016142095946e-08,-7.482716605715279e-43,1.5147348455765753e-16,4.7443016142095946e-08,-6.340346514822273e+34,-6.340346513438595e+34
2019-01-02 21:00:00,sensor_482010803,4.93098945819535e-10,6.439163209006024e-35,0.15444354049478448,2.0168105660555255e-26,4.93098945819535e-10,0.15444354049478448,7.657810957949795e+24,7.6578109562786e+24
2019-01-02 21:00:00,sensor_482011015,5.937678229484509e-15,1.32941283293562e-37,1.8597404351702043e-06,4.1638544653820687e-29,5.937678229484509e-15,1.8597404351702043e-06,4.466391539468504e+22,4.466391538493787e+22
2019-01-02 21:00:00,sensor_482011035,9.854499373018922e-14,2.354250963138211e-28,3.0865281418177813e-05,7.373750382600526e-20,9.854499373018898e-14,3.086528141817774e-05,418583215099672.25,418583215008323.2
2019-01-02 21:00:00,sensor_482011039,3.6184571363875157e-09,-8.427203227834087e-19,1.1333371040643734,-2.639484659811348e-10,3.618457137230236e-09,1.1333371043283218,-4293781742.958525,-4293781742.0214767
2019-01-02 21:00:00,sensor_482016000,1.9355454498644975e-07,5.1177091971760363e-20,60.62322675803227,1.602917902193914e-11,1.935545449863986e-07,60.62322675801624,3782054382715.876,3782054381890.504
2019-01-02 22:00:00,sensor_482010026,5.317409098260768e-07,2.1849169500433552e-44,166.5465915830878,6.843379252506112e-36,5.317409098260768e-07,166.5465915830878,2.4336893437323807e+37,2.4336893432012674e+37
2019-01-02 22:00:00,sensor_482010057,6.511234812655722e-13,8.617222383018719e-30,0.00020393841154701676,2.699000567001479e-21,6.511234812655722e-13,0.00020393841154701676,7.556071461596371e+16,7.556071459947381e+16
2019-01-02 22:00:00,sensor_482010069,4.670694217185604e-07,-8.391301929138783e-26,146.29083221254024,-2.6282400126120756e-17,4.670694217185604e-07,146.29083221254024,-5.566113883909511e+18,-5.566113882694797e+18
2019-01-02 22:00:00,sensor_482010617,1.96061309008237e-16,-2.445129603059529e-52,6.140837041731613e-08,-7.658391407020783e-44,1.96061309008237e-16,6.140837041731613e-08,-8.018442407425375e+35,-8.018442405675478e+35
2019-01-02 22:00:00,sensor_482010803,8.08737379680129e-12,2.237615759153971e-36,0.0025330466695823463,7.008437213584318e-28,8.08737379680129e-12,0.0025330466695823463,3.614281747755958e+24,3.6142817469672e+24
2019-01-02 22:00:00,sensor_482011015,1.439685017946707e-13,2.7527689713145916e-39,4.509238019145203e-05,8.621948795290853e-31,1.439685017946707e-13,4.509238019145203e-05,5.22995221520236e+25,5.229952214061008e+25
2019-01-02 22:00:00,sensor_482011035,1.07819128642639e-13,-4.3546212919523124e-30,3.377003358414419e-05,-1.3639111088994248e-21,1.07819128642639e-13,3.377003358414419e-05,-2.4759702719016544e+16,-2.4759702713613136e+16
2019-01-02 22:00:00,sensor_482011039,6.978572634095311e-09,3.2343169395604803e-19,2.1857590131700406,1.0130205379100591e-10,6.97857263377188e-09,2.1857590130687385,21576650540.140472,21576650535.43172
2019-01-02 22:00:00,sensor_482016000,1.5269135271467837e-07,7.952445566582282e-21,47.82446467614938,2.490785793755388e-12,1.5269135271467042e-07,47.82446467614689,19200553016837.617,19200553012647.41
2019-01-02 23:00:00,sensor_482010026,5.5337801405590465e-11,-5.181131220068272e-44,0.017332354986223264,-1.6227823165188652e-35,5.5337801405590465e-11,0.017332354986223264,-1.0680640781929718e+33,-1.068064077959884e+33
2019-01-02 23:00:00,sensor_482010057,1.9932440166641185e-12,7.280996732665569e-26,0.0006243040379898048,2.2804812776476304e-17,1.9932440166640458e-12,0.000624304037989782,27375977353781.793,27375977347807.43
2019-01-02 23:00:00,sensor_482010069,9.829585242626713e-07,-2.050230248862371e-20,307.8724786043564,-6.421526981905096e-12,9.829585242626919e-07,307.8724786043628,-47943811423526.41,-47943811413063.445
2019-01-02 23:00:00,sensor_482010617,5.825130929348366e-16,-9.995525122773375e-50,1.8244894908039258e-07,-3.130698823208526e-41,5.825130929348366e-16,1.8244894908039258e-07,-5.827738770899228e+33,-5.827738769627417e+33
2019-01-02 23:00:00,sensor_482010803,9.882516278549195e-14,4.3277553076850774e-36,3.095303317916792e-05,1.3554964128932948e-27,9.882516278549195e-14,3.095303317916792e-05,2.283520110529393e+22,2.2835201100310517e+22
2019-01-02 23:00:00,sensor_482011015,1.1785708669107635e-10,5.5006007850368163e-36,0.03691402282500978,1.722843391731335e-27,1.1785708669107635e-10,0.03691402282500978,2.1426220752409596e+25,2.142622074773367e+25
2019-01-02 23:00:00,sensor_482011035,1.9339326447871146e-13,-1.2966267497413194e-24,6.0572712083768465e-05,-4.061165161105143e-16,1.933932644800081e-13,6.057271208417458e-05,-149151067967.16476,-149151067934.61493
2019-01-02 23:00:00,sensor_482011039,1.622840716732796e-11,1.2080981177332153e-17,0.005082900056392236,3.783884597409124e-09,1.6228395086346782e-11,0.005082896272507639,1343302.0819350109,1343302.081641857
2019-01-02 23:00:00,sensor_482016000,4.5690961284814854e-10,-1.9087116605411613e-18,0.14310867807086214,-5.978276554861585e-10,4.569096147568602e-10,0.1431086786686898,-239381160.75562966,-239381160.70338857
2019-01-03 00:00:00,sensor_482010026,8.32934802942578e-07,-5.95990847894691e-48,260.88354286374346,-1.8667031728986875e-39,8.32934802942578e-07,260.88354286374346,-1.3975630764883053e+41,-1.3975630761833097e+41
2019-01-03 00:00:00,sensor_482010057,5.185930391911169e-13,-2.874026698304082e-32,0.00016242854649691198,-9.001740170459352e-24,5.185930391911169e-13,0.00016242854649691198,-1.804412740831985e+19,-1.804412740438201e+19
2019-01-03 00:00:00,sensor_482010069,5.32312562505477e-07,2.5596003409177516e-27,166.72563894161166,8.01692525081859e-19,5.32312562505477e-07,166.72563894161166,2.0796706188694087e+20,2.079670618415554e+20
2019-01-03 00:00:00,sensor_482010617,2.5939194888418554e-16,1.8697904565533278e-56,8.124416265975451e-08,5.856371436295129e-48,2.5939194888418554e-16,8.124416265975451e-08,1.3872781732041507e+40,1.3872781729013994e+40
2019-01-03 00:00:00,sensor_482010803,7.994588709607204e-14,-1.7992582254133854e-39,2.5039854487201616e-05,-5.635457406951143e-31,7.994588709607204e-14,2.5039854487201616e-05,-4.443269229890791e+25,-4.443269228921119e+25
2019-01-03 00:00:00,sensor_482011015,1.169580935162008e-12,-1.33947318409055e-41,0.00036632449136837184,-4.195364495255382e-33,1.169580935162008e-12,0.00036632449136837184,-8.731648748579524e+28,-8.731648746673982e+28
2019-01-03 00:00:00,sensor_482011035,4.5728703786027176e-14,1.1429614036383867e-32,1.4322689137396851e-05,3.579869869158639e-24,4.5728703786027176e-14,1.4322689137396851e-05,4.0008965867490437e+18,4.000896585875913e+18
2019-01-03 00:00:00,sensor_482011039,2.1259005244698048e-08,-2.30754695971899e-19,6.658533880926185,-7.227468754824364e-11,2.1259005244928802e-08,6.658533880998459,-92128158671.5225,-92128158651.41702
2019-01-03 00:00:00,sensor_482016000,3.7942815194622677e-07,-2.8879210557205857e-22,118.84070661026094,-9.045258692876928e-14,3.7942815194622704e-07,118.84070661026102,-1313845304720606.2,-1313845304433880.8
2019-01-03 01:00:00,sensor_482010026,6.161640733777939e-07,-3.8872026694409603e-50,192.98877400760534,-1.2175109034606915e-41,6.161640733777939e-07,192.98877400760534,-1.5851092051920404e+43,-1.5851092048461164e+43
2019-01-03 01:00:00,sensor_482010057,9.611347377046515e-13,-8.034602147842906e-39,0.0003010370495457499,-2.5165180598556913e-30,9.611347377046515e-13,0.0003010370495457499,-1.1962443441741453e+26,-1.1962443439130843e+26
2019-01-03 01:00:00,sensor_482010069,3.459720015331294e-07,-5.446068625797823e-31,108.36190440447432,-1.7057633719565294e-22,3.459720015331294e-07,108.36190440447432,-6.352692654188619e+23,-6.352692652802248e+23
2019-01-03 01:00:00,sensor_482010617,2.857571284471966e-16,-2.140365794938168e-56,8.950200160265586e-08,-6.703840561794792e-48,2.857571284471966e-16,8.950200160265586e-08,-1.3350854752164068e+40,-1.335085474925046e+40
2019-01-03 01:00:00,sensor_482010803,5.168521220767952e-13,-7.553211307072092e-42,0.00016188327377807268,-2.365741615377466e-33,5.168521220767952e-13,0.00016188327377807268,-6.8428129581502e+28,-6.842812956656866e+28
2019-01-03 01:00:00,sensor_482011015,9.544767068441408e-13,2.492111680570794e-40,0.0002989516874342739,7.805543990771777e-32,9.544767068441408e-13,0.0002989516874342739,3.829991706573628e+27,3.8299917057377944e+27
2019-01-03 01:00:00,sensor_482011035,2.2568933548180738e-13,-9.945656074079259e-41,7.068816577126137e-05,-3.1150793364738576e-32,2.2568933548180738e-13,7.068816577126137e-05,-2.2692252155190382e+27,-2.2692252150238163e+27
2019-01-03 01:00:00,sensor_482011039,3.7011420829608104e-08,-1.2845736612555798e-18,11.592348594797244,-4.0234136778415367e-10,3.7011420830892676e-08,11.592348595199585,-28812221475.436497,-28812221469.148697
2019-01-03 01:00:00,sensor_482016000,1.7204068828278675e-07,3.046753816498011e-25,53.88487084147509,9.54273884639074e-17,1.7204068828278675e-07,53.88487084147509,5.6466882014291904e+17,5.646688200196892e+17
