t,sensor_482010026,sensor_482010057,sensor_482010069,sensor_482010617,sensor_482010803,sensor_482011015,sensor_482011035,sensor_482011039,sensor_482016000
2021-02-01 03:00:00,,,,,,,,,
2021-02-01 04:00:00,,,,,,,,,
2021-02-01 05:00:00,,,,,,,,,
2021-02-01 06:00:00,,,,,,,,,
2021-02-01 07:00:00,,,,,,,,,
2021-02-01 08:00:00,,,,,,,,,
2021-02-01 09:00:00,,,,,,,,,
2021-02-01 10:00:00,,,,,,,,,
2021-02-01 11:00:00,,,,,,,,,
2021-02-01 12:00:00,,,,,,,,,
2021-02-01 13:00:00,,,,,,,,,
2021-02-01 14:00:00,,,,,,,,,
2021-02-01 15:00:00,,,,,,,,,
2021-02-01 16:00:00,,,,,,,,,
2021-02-01 17:00:00,,,,,,,,,
2021-02-01 18:00:00,,,,,,,,,
2021-02-01 19:00:00,,,,,,,,,
2021-02-01 20:00:00,,,,,,,,,
2021-02-01 21:00:00,,,,,,,,,
2021-02-01 22:00:00,,,,,,,,,
2021-02-01 23:00:00,,,,,,,,,
2021-02-02 00:00:00,,,,,,,,,
2021-02-02 01:00:00,,,,,,,,,
2021-02-02 02:00:00,,,,,,,,,
2021-02-02 03:00:00,,,,,,,,,
2021-02-02 04:00:00,,,,,,,,,
2021-02-02 05:00:00,,,,,,,,,
2021-02-02 06:00:00,,,,,,,,,
2021-02-02 07:00:00,,,,,,,,,
2021-02-02 08:00:00,,,,,,,,,
2021-02-02 09:00:00,,,,,,,,,
2021-02-02 10:00:00,,,,,,,,,
2021-02-02 11:00:00,,,,,,,,,
2021-02-02 12:00:00,,,,,,,,,
2021-02-02 13:00:00,,,,,,,,,
2021-02-02 14:00:00,,,,,,,,,
2021-02-02 15:00:00,,,,,,,,,
2021-02-02 16:00:00,,,,,,,,,
2021-02-02 17:00:00,,,,,,,,,
2021-02-02 18:00:00,,,,,,,,,
2021-02-02 19:00:00,,,,,,,,,
2021-02-02 20:00:00,,,,,,,,,
2021-02-02 21:00:00,,,,,,,,,
2021-02-02 22:00:00,,,,,,,,,
2021-02-02 23:00:00,,,,,,,,,
2021-02-03 00:00:00,,,,,,,,,
2021-02-03 01:00:00,,,,,,,,,
2021-02-03 02:00:00,,,,,,,,,
2021-02-03 03:00:00,,,,,,,,,
2021-02-03 04:00:00,,,,,,,,,
2021-02-03 05:00:00,,,,,,,,,
2021-02-03 06:00:00,,,,,,,,,
2021-02-03 07:00:00,,,,,,,,,
2021-02-03 08:00:00,,,,,,,,,
2021-02-03 09:00:00,,,,,,,,,
2021-02-03 10:00:00,,,,,,,,,
2021-02-03 11:00:00,,,,,,,,,
2021-02-03 12:00:00,,,,,,,,,
2021-02-03 13:00:00,,,,,,,,,
2021-02-03 14:00:00,,,,,,,,,
2021-02-03 15:00:00,,,,,,,,,
2021-02-03 16:00:00,,,,,,,,,
2021-02-03 17:00:00,13.467234631636659,4.850860106555581,15.72209536400415,11.457936737967774,7.570735062931783,11.18973949219808,5.387650486925713,4.524393478634517,25.896554384466363
2021-02-03 18:00:00,19.05455518165358,6.205997012426969,9.410360761422533,17.14993301953104,10.49413753143256,15.972937094206712,5.904085890784337,6.33262510712166,22.78485993315038
2021-02-03 19:00:00,25.079516175039323,7.881275977746936,18.329821842942362,25.76655494723521,13.386789898059375,22.553825840128233,7.633999558912547,8.887921710054853,45.71021897970852
2021-02-03 20:00:00,20.150136321554392,19.23912605729801,48.05152893971095,16.68956186891587,12.079867418415978,15.605345532891064,26.55800482227957,6.726346002182145,58.08753347997381
2021-02-03 21:00:00,32.08435594342776,24.021784248131436,28.009614938196457,25.87171234172034,19.530682559142956,26.268913963484025,22.278971011822108,11.247750252552432,29.64532047847017
2021-02-03 22:00:00,26.51835668385665,19.523499356356194,18.79940809594062,22.293785124681932,15.82976622545313,21.44952779630234,14.831230250379065,9.378249057230898,21.460438124593082
2021-02-03 23:00:00,19.33375919853537,19.52231893266265,19.753759321116007,15.245419135775531,12.175857325923916,15.154434714016158,14.566415575221416,7.142419830550618,22.466759692769262
2021-02-04 00:00:00,32.21764012963483,11.484153969720749,44.443828349332875,51.800688335562896,16.272147904618354,37.373279875660444,13.856664476488236,13.729004377293498,52.826810880928875
2021-02-04 01:00:00,19.378566197015772,14.399624555926076,19.497507248692767,19.33107645552582,10.696786163062932,17.03163024478565,12.789507443109096,7.0656344036728385,24.666183180185442
2021-02-04 02:00:00,24.42470517771947,8.341462098387694,39.838170069703594,23.74882347791256,13.045657884794517,21.40909690907603,11.560785608271393,8.306243932813091,44.63199088968958
2021-02-04 03:00:00,23.92257351876049,16.370284305669905,23.43336027891131,21.1808728992968,13.482202146214126,19.73363688687879,14.846421655197561,8.198295681079093,30.173023523281937
2021-02-04 04:00:00,27.208754858486934,11.906109883953503,26.952874187366817,23.371183841889014,15.233264123142678,21.943088307839922,13.071800914678285,8.699692484308061,36.00060879299649
2021-02-04 05:00:00,29.500574504196827,18.133172495934794,26.993400821538508,28.136310820822292,16.46422910081701,25.08580927900904,16.635251725709566,10.11002478940364,34.36975915722951
2021-02-04 06:00:00,29.38529025899494,15.400438607950177,20.777664900742213,28.584784895272293,16.238705992846477,25.152834111333867,13.646606960446867,10.033053774400958,27.79984708143647
2021-02-04 07:00:00,28.151837239068552,15.7410919288883,24.742961934105193,23.775650224937223,16.233913152112695,22.499297768566596,14.9124866505214,9.333905044656944,33.24939192829446
2021-02-04 08:00:00,23.227296903795022,12.09236761311677,15.383394143808626,19.066157568035496,13.426549695662272,17.908748555967893,10.750194736775828,7.398037859900215,24.30256783877288
2021-02-04 09:00:00,28.121283577056122,12.403045285276644,14.207897378414655,25.075952352745805,15.976243929159674,22.692482552486382,11.999866407838644,9.139761036398331,18.640380251573607
2021-02-04 10:00:00,25.72542443416638,27.7448367908088,34.19841535841914,19.35016298156875,16.40356374794816,20.091091613182076,25.850101288431386,9.549894757579864,36.18034541216092
2021-02-04 11:00:00,30.0089411359766,27.402657094032623,35.37877335334716,26.231386303819807,18.014379566028335,25.40524007226206,25.357523256498,11.22450635978871,38.68036660104046
2021-02-04 12:00:00,36.95389139287001,26.523126408211493,29.670723594267532,36.89460418666392,21.56541288248318,33.176110333096965,22.992500345869054,14.672384014660125,33.64346448006539
2021-02-04 13:00:00,26.716145191764877,11.15644594094037,9.925744804007245,24.074257418187965,15.695277049067025,22.982113877890523,9.865773520230034,9.709570163071655,10.57754050037829
2021-02-04 14:00:00,23.062730132777112,8.510164631954511,6.974805793399322,20.62105911739235,13.511225202343471,19.55011587659958,7.53128978459195,8.176636302177238,7.411990976424754
2021-02-04 15:00:00,31.59134067485616,13.89486497110036,10.888192406554795,25.148579562147507,19.597392777601296,25.53401207404768,12.354654520161604,11.41350756009687,11.137604483693607
2021-02-04 16:00:00,29.993793266415643,12.096295402435924,8.945243621866878,28.140331422895073,17.324615723885508,26.881701542517284,10.476316839978972,11.555242015710855,9.296041924414244
2021-02-04 17:00:00,33.4738664469721,14.051080373649668,12.392664513117461,35.91346755942468,19.247582184260033,32.1992964379583,11.7570350037804,13.816860336073807,12.695413151920729
2021-02-04 18:00:00,53.98125782197311,32.266389826407135,23.90656323852182,51.39011902202751,34.10215962075069,49.78441351525313,24.39030062889047,25.968767924104878,24.30419611074413
2021-02-04 19:00:00,51.3070138835271,26.06567212114886,19.38716442703394,54.74813825806709,31.02139690385678,49.33740659384271,21.56206952497104,20.695886236542503,18.26011509966155
2021-02-04 20:00:00,68.78102395005978,29.12037685035007,21.62466000445477,89.42376271988633,38.62636510284373,71.79541272554148,24.325028370751667,28.061371505800764,20.42969764237852
2021-02-04 21:00:00,36.9772698379525,12.806624362250135,10.706401669854092,88.26018878103837,17.496790858648367,50.379060622858205,11.842341310180254,16.991786570767342,9.418484140638945
2021-02-04 22:00:00,39.88194699140881,10.891499326971026,8.974980129451476,62.53050564001513,18.63453490148585,43.67169333313464,9.28904245572241,15.084200369788316,8.682578759294703
2021-02-04 23:00:00,50.699765836252595,25.410269172237793,20.11377776156323,85.82545875655445,25.460660734442097,60.615980111132274,20.754910857201903,23.77110009911628,16.53954428179399
2021-02-05 00:00:00,35.706916962538585,15.796202307490026,14.000416841545675,78.63072658197406,16.11075434397062,47.46674020252194,14.107779966048478,16.43125840766052,11.916347846394753
2021-02-05 01:00:00,24.552933945621657,18.55342556722241,18.901289692207655,82.73746258379596,11.382239867773983,41.89585565313471,15.071690954700879,17.789227852755932,14.213758274165958
2021-02-05 02:00:00,43.220047259860586,22.524956733954543,18.057525409275257,58.28074184661993,22.910560172875847,45.340960639351685,18.232887393586644,18.80750292086894,16.14811272597494
2021-02-05 03:00:00,40.849985133275865,17.361664379006097,11.3616514897663,53.7229415440416,20.686438739686412,42.88382412630696,12.248234987802554,18.61270317390014,11.743598340280357
2021-02-05 04:00:00,32.23364303756977,12.638009369648655,8.335779857888435,44.71192218017147,16.13053889580264,34.29970538498317,8.943963597699163,14.942674455707607,9.486051385668246
2021-02-05 05:00:00,24.962611331426565,8.902674456978742,5.367203500526138,41.95048007739448,11.331478961708413,30.058990787456956,5.603440910258415,14.375938909711369,5.657878681493509
2021-02-05 06:00:00,19.62947254426832,3.0477454527550933,2.208804841480428,42.471998994379355,8.136399704280247,25.33061059069584,2.2356005212122785,8.478415370714163,2.4365881094160673
2021-02-05 07:00:00,5.275036422289115,0.868494880764823,0.7133979006140758,10.109358056467904,2.1577644733754213,7.090802760148294,0.6279716954246223,2.628696203044985,0.8441220392176605
2021-02-05 08:00:00,4.106540392840521,0.8892951544844867,0.7850126979570489,6.642417762464847,1.772470131658311,5.022573096752035,0.6693045838181759,1.9290321825018257,0.8418086999512032
2021-02-05 09:00:00,7.717903303332108,2.1341571389514806,1.890765412831163,10.724164667623526,3.686020042826422,8.350555255517085,1.7255133579487816,3.2977643672037873,2.1042093702376783
2021-02-05 10:00:00,4.68670016147027,1.305276895277788,1.1666417320657003,10.932795474236652,1.9052627486651061,7.29509994103184,1.1404536337451137,2.7336206271019154,1.1065717354240452
2021-02-05 11:00:00,2.694377600308607,0.7510261819803618,0.6628970886902796,6.601222172904711,1.1718069439589613,4.280751412912447,0.6838943770136456,1.645898170327875,0.8431399318703905
2021-02-05 12:00:00,3.6268968274165454,1.0623538574699343,0.9434305033963059,4.998687916866221,1.7293620017414504,4.018216814091194,0.9231080333432473,1.6723248822759667,1.273628304643542
2021-02-05 13:00:00,6.224203112891642,1.2830615756826582,1.1043462107564626,7.8281888493385505,2.8805893864203735,6.651306074624522,1.0213454644811961,2.685639291255959,1.6802332274933052
2021-02-05 14:00:00,4.517795489257361,1.4223698788801586,1.2389346103557726,4.040164507351933,2.475525064462909,3.854578815460399,1.2405237890485274,1.6995135420081855,2.233666643826869
2021-02-05 15:00:00,10.944952304358603,2.2490335157678483,1.8122541352690293,14.939886746447863,5.0052195750930215,12.03567769794353,1.736373676994468,4.7344495486514555,2.544160351259338
2021-02-05 16:00:00,5.443847397548701,1.8249749269103779,1.5141214009758466,4.201536076207467,3.136305115281533,4.26138915932098,1.607861546708394,1.879565337815556,4.2568715815250595
2021-02-05 17:00:00,8.616002215482842,2.2399745580681234,2.0684671005930184,8.821493843250268,4.369732827292818,8.018828987595974,1.8762131330980556,3.382848041321648,3.8080765221264192
2021-02-05 18:00:00,8.242031975811777,1.9800302776799894,1.5798392517220659,8.560129357569872,4.136562316156931,7.597508465897806,1.617325071883659,3.038373268813332,2.351195997342317
2021-02-05 19:00:00,5.084265932567449,1.3582249649264968,1.1539697406408094,6.561157681700487,2.4646106598902695,5.3704274193885935,1.1622383251492467,2.1794740940466397,1.5284259503472488
2021-02-05 20:00:00,1.9127550055644902,0.5452727651366035,0.5113886120344747,2.9559433351897186,0.878540647026576,2.383999975674168,0.4905247677469742,0.9993737017392428,0.8397080496721533
2021-02-05 21:00:00,4.234703391534693,0.7209043624882572,0.5884677154714226,7.098553557629964,1.8114853313280983,5.431568409241245,0.5500257582600223,2.0691735417043096,0.9821275174619337
2021-02-05 22:00:00,5.24206220818892,1.2115711070761146,0.9872787382740622,6.072223678544154,2.5223111883723415,5.150437742191649,0.9771642105076502,2.0787509159833344,1.4215887760328505
2021-02-05 23:00:00,13.993622259280059,4.006404724082436,3.581262279433962,12.875700183411508,7.473447463344475,12.24243932078581,3.471671457461951,4.838160568951194,9.136736561814878
2021-02-06 00:00:00,14.42671368062236,4.541350903027063,4.412300617987613,10.986201508051554,8.11452985906829,11.305945557087291,4.107496012226348,4.585700271464156,6.963805912214155
2021-02-06 01:00:00,9.385607032665474,2.174536746765904,2.0472994091618966,10.807563377470105,4.516191741722607,9.10715277517445,1.8073675632320378,3.5354365071710614,7.249834105341191
2021-02-06 02:00:00,11.591467416567285,2.637425962017749,2.2019859909711355,12.444430724578725,5.661412755047941,10.852495630975065,2.1139603431038783,4.210625306552797,7.174178987974164
2021-02-06 03:00:00,9.606551464336668,1.547646234372336,1.1776577424940848,13.54972350336409,4.14777898625644,10.570856956733694,1.139725299341747,3.8738306834515304,1.718981531030877
2021-02-06 04:00:00,5.23258110239151,0.8547011058091623,0.6627774555396547,8.15461188654611,2.222246992390179,6.142011980903169,0.6333828743082058,2.296277766532685,0.8920973003897006
2021-02-06 05:00:00,8.368743223570162,1.3624051439296365,1.0374294942659719,11.798923732797242,3.599261614868943,9.299410917159946,1.0165278225532053,3.4222092142518368,1.318799237862026
2021-02-06 06:00:00,6.580696534324606,1.1585082299438874,0.9115563469833724,9.332861582504684,2.8768508319473285,7.400535061648782,0.8919182494774063,2.7774810870261217,1.221902089733459
2021-02-06 07:00:00,10.044733106863516,1.8786857006261934,1.488398439175182,12.874579491818626,4.525426212299264,10.559108218993208,1.461743482187097,3.925933298151927,3.047278454362378
2021-02-06 08:00:00,10.279844549126729,1.8750401090530966,1.4584672499537088,13.167455691795825,4.628426797640192,10.622515914520292,1.4458605907840194,3.937518414415595,2.795942608927425
2021-02-06 09:00:00,6.512627373797345,1.5843105392812373,1.2585091515027604,6.392600565955336,3.299923899250062,6.053684998610744,1.3163984293276054,2.396511411362864,2.3955673090041154
2021-02-06 10:00:00,8.887078417365295,1.580307811831943,1.204221550677956,11.184187956980068,4.013270769318904,9.45564675295222,1.2104958949580735,3.5448356746730716,1.5456599738567465
2021-02-06 11:00:00,9.998675585688712,2.3874337559010637,1.843366225750249,9.043628917979012,5.134537637074923,8.73985644863922,1.948017348878952,3.4291203304953255,3.0279020509713095
2021-02-06 12:00:00,8.556091855636964,2.8586638190150477,2.72824493931581,5.454965709819856,5.132776289348087,6.3576191243834,2.565953396974927,2.715987011897997,6.419175788571763
2021-02-06 13:00:00,9.163972076271031,2.025699954541304,1.589910269829671,9.384523039306282,4.528082440649765,8.635139029970778,1.6556946789353528,3.320383926435835,3.238517223873999
2021-02-06 14:00:00,9.318857609129722,1.6784272244627916,1.2742749631699661,11.720457277021483,4.239228518983353,9.915902154728792,1.292437107187221,3.6955770699771344,1.7852513391398463
2021-02-06 15:00:00,9.640930599935313,2.1630017755768374,1.7189874458110037,9.32006804812506,4.836239678301546,8.794249647167044,1.751245001219015,3.405406440747451,3.214255013787512
2021-02-06 16:00:00,9.40193165140833,1.703485952276378,1.2979133097097553,11.984791040499827,4.2609863897710385,10.033731581885968,1.3179103921015407,3.721901705496092,2.263988265190347
2021-02-06 17:00:00,8.042115372843659,2.1392893129094457,1.644111181402382,6.127515414855742,4.395667591939108,6.521623398007798,1.7895319526067053,2.645292752943673,2.2633786084073906
2021-02-06 18:00:00,8.36503107106155,1.6525430773203365,1.2780290141376343,9.541136303611179,3.910046451717137,8.354104995741158,1.2981509830634517,3.1885766248902954,1.5916679773015154
2021-02-06 19:00:00,,,,,,,,,
2021-02-06 20:00:00,11.050619645758763,2.1158846497350607,1.6374826360151764,13.88716591069503,5.062777352968263,11.310407785701617,1.6612241948787736,4.203031402815771,2.7562632427778624
2021-02-06 21:00:00,14.59284123358197,4.064842043212639,3.189218961743281,11.199756931672418,8.072713167505364,11.281011669978032,3.4852804061848857,4.500302573274451,4.888723698928676
2021-02-06 22:00:00,19.59046181663794,4.78510504569983,3.7338081196167425,21.050937652186576,9.933395360385543,17.737088595232372,3.7627629109673046,6.93153512679776,4.590703068112906
2021-02-06 23:00:00,22.799306342325682,3.203852916450604,2.2049112059316345,40.39532027987041,9.331012190643126,27.217974480119622,2.2243794336505247,9.336834673198727,2.6728042461681474
2021-02-07 00:00:00,32.551094453526204,8.121795962653227,5.2998965800266875,44.96424870517536,15.686454909292474,36.16735893416597,5.824975240870229,15.05533283546942,5.7106177083451115
2021-02-07 01:00:00,18.225023066763956,4.343705494457107,3.0392136179725426,34.45570126239943,8.059173738231575,22.920180684616316,3.093488131192653,10.555207852015828,3.152155209094139
2021-02-07 02:00:00,15.374450977494256,3.4972639467875966,2.289105421656911,29.493658729240803,6.6189061786078405,19.12708902645348,2.505413103794248,11.245121767784228,2.309757398557535
2021-02-07 03:00:00,11.059395426474904,1.5596781286870198,1.0881929578761556,27.515972996272627,4.212366101826894,16.522799642166063,1.0438618881016446,5.829376412015596,1.3323551243175868
2021-02-07 04:00:00,9.295319951636237,1.7324048514692418,1.1871860341439826,23.905419082328674,3.7805202105620292,13.660386000604626,1.1720235977878555,5.152880700099968,1.346298631808027
2021-02-07 05:00:00,8.764044091657283,1.2051353695335307,0.8823425504788531,17.920104298116563,3.607224212252776,11.493211028771206,0.8469410063507826,4.023021576692302,1.0905381409020976
2021-02-07 06:00:00,2.5044108772394598,0.3148803639197367,0.24785776868182988,9.572710140436321,0.90465841910062,5.111903312459195,0.2153819001361724,1.7848673170020333,0.31135923322678793
2021-02-07 07:00:00,4.446180717055892,0.6132264317164132,0.5120391187974458,8.653597265026322,1.739877698873542,6.215969558307161,0.4230701137934413,2.2386023707014773,0.5744076867523432
2021-02-07 08:00:00,5.481520767412738,0.5822798265888851,0.4317820071366418,15.081380670189711,1.9484602517778469,9.461205891783964,0.3829375154877538,3.2242100229522705,0.5576193106709851
2021-02-07 09:00:00,4.585620719780238,0.7612448891173587,0.605955018372738,7.063797931351909,1.9559521266954119,5.611032309198075,0.5502099793836932,2.103233241104089,0.6906423286439636
2021-02-07 10:00:00,5.096036118373329,0.6038826771922956,0.44304712871327234,10.810139611388848,1.9666030098703913,7.544907965251146,0.4096853239772862,2.688946988284385,0.5711360287401299
2021-02-07 11:00:00,7.119792740262543,0.9602636824863601,0.7035293529008605,11.511086541011425,2.911069792519156,8.902658747527338,0.6749088173798438,3.221747276877558,0.9396529263266516
2021-02-07 12:00:00,6.35962470927275,1.1273428518672193,0.8523126899304192,8.272125675940488,2.889933510111544,6.941603125462739,0.8495239576916129,2.6251238499631953,1.0444492758812132
2021-02-07 13:00:00,3.9531737973522305,0.7516913311826358,0.5798212311636328,4.900563116808746,1.8170021401216698,4.247606436838113,0.5764880673975153,1.6353640125901785,0.6952696475063559
2021-02-07 14:00:00,8.095871590116316,1.2430948742969057,0.9268092328188879,11.31067278835605,3.481699798866363,9.169730554124659,0.905438955044707,3.364995942656427,1.2034298798213778
2021-02-07 15:00:00,9.296741654637371,1.5892196111451422,1.2044588483044625,12.208626075304474,4.132351913864887,10.113092642724844,1.2038805589100978,3.7335278079546668,1.7217820553207772
2021-02-07 16:00:00,6.094677882077354,1.2858242292861204,1.0434188207947932,7.03687580746691,2.907447347531809,6.273725145114767,1.0506566958105161,2.403128336168663,2.699955667721278
2021-02-07 17:00:00,8.009413005287046,1.7467320527870984,1.3597731908292932,8.74336087690575,3.917213323536633,7.821564303233348,1.4289540134491698,3.0129523650272696,1.7810047162588118
2021-02-07 18:00:00,12.395323102612211,3.5484615602381777,2.9967572333792005,9.476135053764482,6.8749137636169015,9.876682490196961,3.0687325340220477,4.011951836751365,5.0126646849099625
2021-02-07 19:00:00,12.777641321055574,3.0036917944159605,2.6049759721371295,12.369982634815226,6.482844498202004,11.444864594349106,2.511387476532418,4.415496685966447,4.9902166323143735
2021-02-07 20:00:00,14.617765909839486,4.637516745254501,3.855031407641024,11.106353492900043,8.401637737173376,11.879642756548165,3.8647625199197453,5.004680472460391,4.511544778046036
2021-02-07 21:00:00,16.961631693212517,4.623822833753173,3.608137771005321,13.300304597857261,9.387256134239504,13.499087162196588,3.9384336989548574,5.3208230352501,4.811563035934246
2021-02-07 22:00:00,20.691115021130106,5.218345711132511,5.142594298259907,21.81646732826742,10.534506001153966,18.366429426835776,4.481667842277554,6.836515409343898,7.908305110889075
2021-02-07 23:00:00,18.23904662074734,5.090640837643712,6.92338740596694,16.380887267846663,9.80033589670005,14.500491194437641,4.527638811646755,5.507558082544396,12.598163809073027
2021-02-08 00:00:00,17.462409385964563,5.776399526448099,7.382289651039486,12.742450139843255,9.995813104618602,12.859654841926815,5.520228078969466,5.2094952294649355,12.640278175053698
2021-02-08 01:00:00,14.09640967185353,4.721449663193832,6.956257489920681,9.716958198552875,8.191604852715217,10.252998078084575,4.377650748224165,4.272260358566244,14.172189948494228
2021-02-08 02:00:00,16.94094077143103,7.025403932587292,8.269810910874215,16.911889320870024,9.028073933215486,15.023822975339035,5.945993042678522,5.986123048851795,10.185519173859948
2021-02-08 03:00:00,17.764925909619027,11.079199420629811,31.14633493861256,14.994186609952868,9.83719089899064,14.225595496093538,16.7993065640226,5.840949841017533,34.5522087486505
2021-02-08 04:00:00,22.449880419410338,11.824363932557807,17.5040273763707,19.143996164161422,12.526005175727015,18.00132848380173,10.48731025725229,7.473938143322349,25.446041452714674
2021-02-08 05:00:00,20.88223151131346,6.357792604935723,13.087274581214702,20.49849585354969,10.99815222848446,18.086723495041404,6.074409312289735,7.0324767449000145,26.889437399937876
2021-02-08 06:00:00,21.544114011857687,6.608141227681052,8.978386173284113,19.211044233846142,11.635260227399884,17.966740583230102,6.045842515887396,7.127269116825164,19.652070193318384
2021-02-08 07:00:00,24.02227663093154,6.68357113445061,6.591006604976161,23.060376608541496,12.555971980173037,20.406233964071717,5.9486523581167035,7.8125744643128,14.51142227219121
2021-02-08 08:00:00,21.544151929860654,5.583276809351801,6.035380987415848,23.407365295705333,10.907263954188734,19.66276773555711,4.980138549468357,7.413081456863913,17.308624513621105
2021-02-08 09:00:00,18.227741578399023,5.533406401900758,6.101405263473064,16.286159024180265,9.91904947009695,15.287437745203105,5.107150237561424,6.065100219372583,17.801566025293923
2021-02-08 10:00:00,15.317970109293773,3.973340338587521,3.876078698786574,16.21888829777972,7.757861054401017,14.014155216310108,3.5185862429296444,5.4285713061044705,10.398431851372376
2021-02-08 11:00:00,11.059183212017984,2.760975354140621,3.5049151639136387,12.688859116059723,5.43804023489734,10.737347633811181,2.4679313733582666,4.19657092517179,13.157853562244942
2021-02-08 12:00:00,11.999222675442772,3.2582359174819784,3.759378508518327,11.604587137948746,6.227586882046421,10.802191376412054,2.8880346828254826,4.329238657766241,11.919924403452214
2021-02-08 13:00:00,12.309222484445026,3.233463397963664,3.2738475483234284,11.658194824419725,6.418534060562556,11.013547391165734,2.7773709991258033,4.411520623619294,9.9721362799704
2021-02-08 14:00:00,16.74633505632566,4.491866345220636,4.092440621889047,16.980775767788867,8.660908186190827,15.201554262568584,3.891981535310838,5.998482704001171,10.344230344232209
2021-02-08 15:00:00,14.027217601662533,3.244321945797193,3.0368743369567617,17.34803850341129,6.761523839403196,14.208008006991273,2.7529461891239797,5.56012215760156,9.16917597853454
2021-02-08 16:00:00,12.797454229510885,3.358694211473801,3.4155315729053157,13.688883155030496,6.595513952497871,12.248724006539824,2.893720580962174,4.819869254803543,10.193090093372353
2021-02-08 17:00:00,10.34470510872809,2.857267987329153,2.9921007720979294,9.170813952923103,5.522247916758894,8.964314085503318,2.4975215249098768,3.648179294496513,9.817502490842845
2021-02-08 18:00:00,13.680123635241317,3.9334791341430932,4.896029610786363,16.05162794934967,6.90536407451467,13.489328145901702,3.706624067282615,5.42565081405542,10.781026275213414
2021-02-08 19:00:00,12.177904613810284,4.373364387289491,5.319291153868533,9.61924107039978,7.066877841455861,9.658974716744677,4.241355492083815,4.098858621087429,13.234182738561252
2021-02-08 20:00:00,19.492262209233576,5.347388983806542,16.105853332734203,24.321539478667752,9.701555754383268,20.19613487287615,5.124197205055383,8.0348330907807,35.43882407642737
2021-02-08 21:00:00,21.327377601186914,7.97193632384903,39.417554663051526,15.29924965573477,12.502597869911408,16.373228214447327,10.61487713308756,6.814827827969247,45.79998839356059
2021-02-08 22:00:00,16.539302713365817,5.333607193243417,11.952327358483172,12.568343701617762,9.314942271295198,12.715786375930465,5.032907278009755,5.220435241986385,31.473835302331388
2021-02-08 23:00:00,16.923116262282104,5.748090688331236,22.27624902261194,17.13106981159993,8.98062592927405,14.541752400415437,6.714984732923503,5.609293094304841,42.91369542711986
2021-02-09 00:00:00,31.91552443954872,18.73248565886288,22.959966360996617,30.934946249919992,17.594190761218606,27.63857302106181,16.449411524007303,11.31875452916625,27.922835009018197
2021-02-09 01:00:00,18.472161116792925,5.699409437260435,26.769989699530502,17.056159103104868,9.772674991537977,15.245530449944592,6.324121798155356,5.935432903083244,38.72835107058409
2021-02-09 02:00:00,19.88168517012076,5.582630217868304,11.528326266406486,17.556758374483408,10.570312704338006,15.949720594643178,5.057162168423698,6.191060882187124,30.450759879091514
2021-02-09 03:00:00,18.253284333793,4.451046962845979,3.9807127342854627,19.03129026715366,9.138400216076073,16.019868724232914,3.7986326751202735,6.061617234684028,13.619328504625717
2021-02-09 04:00:00,21.06001323750497,5.162890794494311,5.520389617969494,21.84181417684219,10.601906500243661,18.626165377000106,4.442536333936968,7.037076866393199,13.26418522899775
2021-02-09 05:00:00,18.446930262689865,4.7868481891173955,5.688588840252929,18.309089242379375,9.456251790820549,15.645655075702145,4.242233521706011,5.959660382871228,14.196655066432696
2021-02-09 06:00:00,20.891866201436372,4.877282378693734,5.436709835520827,23.342068652940593,10.208804103009978,19.52982440909924,4.1115811753634155,7.363864505512553,16.70524002643156
2021-02-09 07:00:00,19.290843173543404,4.456252739022101,4.857539706706014,21.93759056584085,9.355317686931853,18.111975104473863,3.7356759658201715,6.81865974518599,16.582936370492657
2021-02-09 08:00:00,18.24070494839452,4.177091762724071,7.602269888604683,21.71930284853524,8.712607817847836,17.289007536532928,3.5723134513574832,6.446262880603345,22.62334293735152
2021-02-09 09:00:00,19.52126977418038,5.901980922314271,8.01761180628131,21.50051867065224,9.928754214900586,17.74155300879219,5.5834031709185625,6.842466942596957,18.201319370334673
2021-02-09 10:00:00,20.27677863875193,5.618507133761031,6.2751338293750525,27.372389997876972,9.65134741420561,20.741490819013432,5.10993278625539,7.879413052124542,14.017118426619922
2021-02-09 11:00:00,20.151942267370682,5.34307362875774,4.848875554023385,22.120434417991813,10.134888363968255,18.982019998309767,4.571845120545745,7.379221271951588,13.405927743952162
2021-02-09 12:00:00,15.711245200230502,3.544671103355205,3.174237513155971,20.354547880405978,7.38390396752485,16.19884305655305,2.9576608045180444,6.235146334555256,6.989903434113757
2021-02-09 13:00:00,12.775747708420193,2.742101698150943,2.2486966469161382,14.682256094296493,6.039312936018178,12.986046363621949,2.1440864008089817,5.275618202001003,3.3751805388528706
2021-02-09 14:00:00,13.85933619230732,3.3090202048525272,2.7086329067749237,13.919758810879458,6.9912199316081844,12.655303610487566,2.7228982378117297,4.986506009146723,3.9010334621156217
2021-02-09 15:00:00,19.086367668313773,3.552552779415087,2.975016984140241,28.259017257244874,8.402434219611951,20.86454765981217,2.7514807880831804,7.87269719534143,8.902983684127944
2021-02-09 16:00:00,14.373395674513775,3.238193988324093,2.7001091833494586,18.16297463711588,6.873183330919154,15.163245303708687,2.540390957803051,6.641848653897851,3.6226042068945863
2021-02-09 17:00:00,17.219857898486847,4.32322263673544,3.5970875169277323,18.59988938945012,8.6722934660786,16.548784989523014,3.5522909865994667,6.576544534008933,7.421056816350746
2021-02-09 18:00:00,13.484422174762114,3.089112661670042,2.694481904021467,17.33078173487448,6.414036530210589,14.4048593647281,2.4490808072877033,6.428510637090694,3.6754309757506056
2021-02-09 19:00:00,14.01667296151422,4.035640114420391,3.9709379729714196,13.468963689845088,7.289259055214364,12.337197758066749,3.5866954566216256,4.971237963994894,12.656826432942692
2021-02-09 20:00:00,16.47085076680365,4.374086817251541,4.561975678414613,20.645628257109056,7.966030322319576,16.491079944486764,3.902682379339774,6.432985016226645,14.291474293993446
2021-02-09 21:00:00,15.561092239073822,3.7358723705445334,3.71413724523943,15.987864235927102,7.80087999330442,14.374566463797828,3.15214706371918,5.578971336364592,8.445604976349552
2021-02-09 22:00:00,17.287450886668726,4.161982860366742,4.855425289623424,20.118704057523896,8.354507444903785,16.396578916908158,3.659248608233798,6.242133639545391,9.221078565681967
2021-02-09 23:00:00,24.565964029687937,5.829347400846706,8.403543673734651,29.60781852240041,11.994351930218924,22.81150877764841,5.026139735750296,8.314422788571505,19.56625050950761
2021-02-10 00:00:00,16.10513344087642,4.576971110647201,27.184590903965507,18.706431197962775,7.926700502119977,14.838384691805079,5.383131511710814,5.596967019780354,38.69349481904275
2021-02-10 01:00:00,20.424189489248704,5.1148681367155975,5.143567096374428,21.3256881754258,10.321940950071244,18.064154532494207,4.489465516467998,6.804973664268489,9.92433645010532
2021-02-10 02:00:00,18.7994550389621,6.175050811100283,32.74888942922382,15.905230206777807,10.16705240217682,14.959046167020489,7.545984241723371,5.930316851976244,43.23354610465818
2021-02-10 03:00:00,,,,,,,,,
2021-02-10 04:00:00,,,,,,,,,
2021-02-10 05:00:00,,,,,,,,,
2021-02-10 06:00:00,,,,,,,,,
2021-02-10 07:00:00,,,,,,,,,
2021-02-10 08:00:00,,,,,,,,,
2021-02-10 09:00:00,,,,,,,,,
2021-02-10 10:00:00,,,,,,,,,
2021-02-10 11:00:00,,,,,,,,,
2021-02-10 12:00:00,,,,,,,,,
2021-02-10 13:00:00,,,,,,,,,
2021-02-10 14:00:00,,,,,,,,,
2021-02-10 15:00:00,,,,,,,,,
2021-02-10 16:00:00,,,,,,,,,
2021-02-10 17:00:00,,,,,,,,,
2021-02-10 18:00:00,,,,,,,,,
2021-02-10 19:00:00,,,,,,,,,
2021-02-10 20:00:00,,,,,,,,,
2021-02-10 21:00:00,16.460027310263836,2.4496382456325567,1.8790828140191718,25.943805507183075,6.836419460175159,18.69827847380015,1.7755390381099372,6.733116140801016,2.4556793541603317
2021-02-10 22:00:00,15.252838622492368,2.2923931587063326,1.7424202120321064,24.36421258831563,6.356811393014027,17.20706824175039,1.6840406180936747,6.1217005400465005,2.1630094944190446
2021-02-10 23:00:00,12.700074636964064,2.1354689843644725,1.6507395440555184,17.876306402830565,5.5230266714990925,13.579777553486606,1.6077153374458666,5.002944002235682,1.9467172293909616
2021-02-11 00:00:00,10.279754960042588,1.507286163055738,1.153472367511709,19.41330580463174,4.256628260263985,12.968822862112127,1.0867065965689857,4.658293695488958,1.4881769039418093
2021-02-11 01:00:00,12.756743322382377,1.9983161649900865,1.5151023091610605,20.908980117113828,5.349373473075421,14.294447640726233,1.497679700050383,5.043014890640291,1.7794367581050896
2021-02-11 02:00:00,10.79643340660745,1.5613747346765274,1.1785618310790182,21.50793336868086,4.449536128742451,13.973459302439123,1.1095475677192888,5.012695655413485,1.476719513605852
2021-02-11 03:00:00,8.346018353813998,0.9018170555792262,0.6842264754703603,27.510628688318715,2.980489387414927,14.242840160215819,0.6048883472480183,4.611270522707808,0.8788712818246294
2021-02-11 04:00:00,6.539613759177508,0.8994351586539175,0.7008249512027998,13.966042327396481,2.6070972158916645,9.070886573370148,0.6289146096302863,3.287756949031806,0.883353716038364
2021-02-11 05:00:00,5.35306229280506,0.77864487613417,0.6168807982614876,10.794022382608597,2.1575627479955157,7.248643421775005,0.5554596437163561,2.6654892635345377,0.789720196029504
2021-02-11 06:00:00,7.241887448970976,0.9224775927444819,0.7044109130619512,14.433340136167898,2.8332458818596957,10.145168394574137,0.6349127588881103,3.6618219345823055,0.9089717174571351
2021-02-11 07:00:00,4.666030710141421,0.6926600714639893,0.5429413877382203,9.117921860012228,1.9120844950326923,6.352049050732796,0.49194873822563917,2.357399725631634,0.6686341120512801
2021-02-11 08:00:00,8.129600304048278,1.2554793823054775,1.0064133246761413,14.246911764411351,3.3543385151825222,10.480668672467095,0.8902471055975082,3.865090208901888,1.1775963366929092
2021-02-11 09:00:00,6.656589247367911,1.3987856511208,1.1782960779707745,9.486116048078182,3.0091926697974465,7.689218454174605,1.0684764942163152,3.0485077177997106,1.3822636646586501
2021-02-11 10:00:00,7.867814741365008,1.4389095520754915,1.2031232775028,16.58554760297947,3.0773147139812407,11.614779930552416,1.0096843794821262,4.416337584565027,1.2076339226416242
2021-02-11 11:00:00,4.295300645622982,0.9071247621375347,0.8011932663761241,7.071912444105779,1.8164402688615018,5.584794997796456,0.6707615419079912,2.211730308508876,0.8217230069334277
2021-02-11 12:00:00,4.757547066454447,2.193366929867966,1.6678882138563649,7.7138521316508655,2.358025884293912,5.870238750949414,1.746517604242323,2.5946615256948924,1.2978287007585527
2021-02-11 13:00:00,4.474076326338228,1.0008471529097993,0.8552328961608882,12.46346288427252,1.673457356141975,7.96843370371802,0.6760951740881533,2.977648539448148,0.692689247070821
2021-02-11 14:00:00,5.443824598172982,0.8569217675565227,0.7139776117121426,14.4262239814187,2.020785360502866,9.428925487534126,0.6456373924194738,3.421873978539085,0.8518167912703166
2021-02-11 15:00:00,2.75116478025714,0.6741914218732626,0.641527397162205,6.297376161151746,1.1422598274604416,4.320245778033537,0.5291008561288616,1.714912998213125,0.5935454878510824
2021-02-11 16:00:00,3.5826756557081367,1.574837357656524,1.447612802564233,7.732107200911497,1.4765914446840551,5.532743754788171,1.28375531840332,2.1467911977486844,0.9811187309866813
2021-02-11 17:00:00,6.215633588107677,1.265657937376727,1.074024454530015,8.544119640643533,2.778852441454365,6.9961965621457844,0.9290194339475002,2.7537461852525964,1.1161792105389943
2021-02-11 18:00:00,9.095519569816721,1.500712237449662,1.2455079964112263,15.80204760757282,3.7127643598148166,11.80942956711803,1.0874149609055794,4.490188633257701,1.4701787925294447
2021-02-11 19:00:00,2.727148282903956,0.6093862250456106,0.5505453993913749,7.8679403842938935,1.0299127418795233,5.144165798704559,0.4740030854819557,1.9426623185518965,0.6099286455277112
2021-02-11 20:00:00,12.868581994802325,2.675484245497721,2.166022403135328,19.55910396473135,5.6506482724145135,15.538469109491654,1.9744972361727817,6.156801167303416,2.325028072423037
2021-02-11 21:00:00,2.1918750838794923,0.414859135669562,0.3527896012835715,7.841280337129616,0.8389718736143453,4.660329615286329,0.304569239061703,1.6682463056500343,0.36100185648419664
2021-02-11 22:00:00,8.923386320717512,1.411745874544632,1.133764487095433,12.70823983536571,3.7698927257832855,10.301462389802314,1.0146519492472186,3.813600193070742,1.3158269503903228
2021-02-11 23:00:00,4.3287213641273325,0.6152613445953321,0.507016526479605,9.915199146923197,1.6391823671183516,6.77910308954495,0.42770598494098766,2.444415207778607,0.5946573603136723
2021-02-12 00:00:00,5.51239388813287,0.8834397391151227,0.725897219950186,11.674982970880782,2.100478024798173,8.214057758172741,0.6333656544414462,2.948403907443503,0.7552928938040068
2021-02-12 01:00:00,4.937708772985433,0.6822590969659059,0.5644428754596849,14.18263398755084,1.7348027989896186,8.915606835921688,0.47154180259302164,3.089550601409212,0.5966619710462895
2021-02-12 02:00:00,4.854529879065151,0.7600852991797785,0.6228515606486994,12.158773570301918,1.8332019371385897,7.90851576594387,0.5617613079758059,2.808537306848998,0.7688501035076111
2021-02-12 03:00:00,10.209493478948106,1.6098304554598069,1.2646808305385242,14.779985244775565,4.357436210526758,11.818155198610045,1.1546670206037482,4.403760246806597,1.536895593610239
2021-02-12 04:00:00,2.884238167209192,0.4278615501624606,0.35057352344199244,6.480913184847111,1.120623086005043,4.554780359105853,0.29539066439809186,1.7509010319618086,0.4369264857423264
2021-02-12 05:00:00,8.09541650710819,1.2498182390942427,0.9661994033460661,13.870182761528584,3.3620563601864744,10.21903829627674,0.8996625306310103,3.7581628759378622,1.2062499117459353
2021-02-12 06:00:00,5.673844975911964,0.8756732391599544,0.6846173210377012,9.797779616577966,2.31201156464857,7.391542782492168,0.6288668594223153,2.7374691879745603,0.8486399414199671
2021-02-12 07:00:00,4.921265542025235,0.9057717105055159,0.7438820864014659,7.0469102703801685,2.174919346748518,5.568049365610417,0.6961552869653024,2.1692195417234568,1.03785131347605
2021-02-12 08:00:00,3.1709065580517137,0.5115856156511713,0.42100821557807405,5.715655388128669,1.3010403919017084,4.324524814027764,0.36134615229780953,1.6635434372278843,0.4936157267255298
2021-02-12 09:00:00,4.9592382301515805,0.9085414911371035,0.7884316367048059,12.392678314567116,1.8783102355426133,8.328409981549578,0.6416851465544215,3.1338587973609404,0.7776003155693725
2021-02-12 10:00:00,6.6800489863184,1.4306356504979887,1.2766391357990963,10.22238350320034,2.8410685027099953,8.16671157500535,1.088326066705535,3.1503853088056397,1.2479933371575478
2021-02-12 11:00:00,5.056898959392013,1.4046396871637827,1.2278712460462486,5.953123292987159,2.4432767996124536,5.324648481123697,1.0922167705799886,2.244824107387293,1.3463103040686244
2021-02-12 12:00:00,1.7947972445799276,1.377020039731689,1.3565572827758845,4.573995255708567,0.8261705331776434,2.955509867563309,1.169829371646997,1.2295785344109507,0.8501774402908883
2021-02-12 13:00:00,4.7730586371568275,1.671765498007459,1.4653503867183557,6.541240379383873,2.1745270690791134,5.485335438084186,1.3723254978160089,2.2510134799112635,1.3172067785625083
2021-02-12 14:00:00,1.7857610616202613,0.7318323021020753,0.6606899591805552,2.7602682680517336,0.8403177529395183,2.2765479928416594,0.598594789818251,1.0086427445271506,0.7177730241412399
2021-02-12 15:00:00,6.282686866220265,1.342026490995738,1.1209264363725508,9.035725008569052,2.816954585369588,7.252004752096775,1.0528898236411002,2.8698541137902462,1.344278079895068
2021-02-12 16:00:00,6.522922131075303,1.3892525981490904,1.1492234944198978,8.422708769186405,2.9812407853111282,7.083692611041812,1.0884987563421864,2.8252985317134893,1.4176151935912495
2021-02-12 17:00:00,9.596414727550021,1.9315595209564345,1.6042788450404215,12.911338886998768,4.354649787867546,10.45855870220747,1.4912638601374157,4.107987062785973,2.0339312917066468
2021-02-12 18:00:00,3.1876347575686035,1.20380577646573,1.075422249610862,4.793335418718504,1.4886275432076723,3.8418154624600374,0.9948096510195018,1.6278580860276055,1.0452267409656038
2021-02-12 19:00:00,3.90880811888698,1.1627938310564838,1.0209981083029867,7.1068749654943515,1.641772767613898,5.466671704078756,0.9478940742029164,2.1580141502440258,0.992075400706627
2021-02-12 20:00:00,3.587049791956229,0.9811371300966077,0.8965440314922258,6.369160475445743,1.5063362804618576,4.967291755183849,0.8361586008239976,1.9541963343579698,0.9888983179567488
2021-02-12 21:00:00,6.987128191644485,1.5350748227426418,1.2180831226297213,7.5498828135613945,3.289088174132206,6.940478311165784,1.186111751049572,2.706009887023654,1.3723947883116605
2021-02-12 22:00:00,2.386138840680811,0.5724385226707219,0.4544708505590392,8.542607914668663,1.0582531860850188,4.277933175352579,0.4399487567525018,1.5932553896516535,0.47484226030597
2021-02-12 23:00:00,8.69486012634281,1.4142809375631717,1.1305896215818687,12.402284852010803,3.6963476012863774,9.991967109742852,1.0183846585470973,3.734153250621628,1.3103550730541018
2021-02-13 00:00:00,5.406305238974057,0.8245437706314837,0.7062677722536816,10.258879193225072,2.116096765880724,7.526490483677347,0.5822485712045573,2.745439169285194,0.757085097791003
2021-02-13 01:00:00,4.793486947209442,0.9975993884147746,0.8543732467082148,9.382862284315337,1.938236521486054,6.724504387670918,0.7332448204574668,2.506688362352205,0.7781236015129206
2021-02-13 02:00:00,3.03405506845561,0.4844524460569877,0.42300265007802795,6.353344167232083,1.1800154831246465,4.597909078304762,0.3437062680888068,1.717192957992334,0.4670024696052299
2021-02-13 03:00:00,3.629248670166966,0.5170426582167824,0.4046628452340266,6.606242868230464,1.4478920852889448,5.001680717107039,0.363573359594345,1.8439002352797191,0.5026224023321366
2021-02-13 04:00:00,7.905765504518045,1.2347504365531274,0.9756881896292244,11.823855373969725,3.2841141681149986,9.47225132409924,0.886939929535192,3.4347362176145686,1.0697712047158916
2021-02-13 05:00:00,5.28177198766884,0.6163961908327233,0.4684093295623442,11.500485097727601,1.9674757722851053,8.00373568193431,0.41548557935957275,2.8144944490075106,0.5876325490830723
2021-02-13 06:00:00,4.767929978326987,0.5975659991901615,0.4571485573730243,12.000335834900309,1.7592368609802143,7.875037901709726,0.4215818771258767,2.732713822659402,0.5947007317340055
2021-02-13 07:00:00,8.026901986536261,1.2311007055715344,0.9258693616504446,11.883027884764848,3.377776896502906,9.40507333727062,0.8887656015693056,3.443428841420612,1.1138737360686994
2021-02-13 08:00:00,2.9304976626446466,0.5708183006287721,0.45861662069879783,4.630743275013918,1.3299059384646603,3.4446262866698336,0.4376331358658694,1.3536370042960233,0.5851950875517941
2021-02-13 09:00:00,4.2315236873412205,0.4829831284194294,0.3609209952756718,9.382932836819755,1.6003979465537947,6.656444461512277,0.32302292630618684,2.3853389991024847,0.469606018380672
2021-02-13 10:00:00,4.7817889948583,0.7873274505090431,0.6187605352187975,7.967381239731622,2.0129929893486658,6.062305567841974,0.5694377985118435,2.2647714406066655,0.7091634468462229
2021-02-13 11:00:00,5.055126636360302,0.8633670843913771,0.6649511079909601,7.6249374921508375,2.2626172709254524,5.931049100065415,0.6467716199405344,2.259519373372082,0.8155544820745517
2021-02-13 12:00:00,3.2526106293118637,0.4446732156936223,0.34193637827942874,6.336650241096423,1.307427972546167,4.699975630343494,0.3094418081158944,1.7496040847079175,0.42630847609914213
2021-02-13 13:00:00,8.199306582724903,1.0621918250441436,0.8066208983968881,14.568146953004323,3.232852851622491,11.061584768818452,0.7253834766236996,3.9728373384435307,0.9500625520435105
2021-02-13 14:00:00,7.8528296116798515,1.219188173516904,0.9238457003821394,12.154736462823342,3.275337961723528,9.571854685269315,0.8797313726639203,3.496260254318499,1.1018573892394552
2021-02-13 15:00:00,2.092185423070493,0.5206726059041932,0.4224731447058391,3.297868975370492,0.9702176284920837,2.564040523665584,0.4041497176733649,1.0385112454253387,0.46254268134984616
2021-02-13 16:00:00,3.9473240949832378,0.5813982010590879,0.47757618988556977,9.796023830861703,1.52874669878951,6.595934933778228,0.41488019199681464,2.3488389596764656,0.5048633446121304
2021-02-13 17:00:00,3.0106133122099346,0.4706358198341363,0.3715127035605086,5.296750313816316,1.263401805908793,4.079787000625113,0.33767679919616894,1.5510892028687902,0.4456223645804037
2021-02-13 18:00:00,4.596697095097163,0.833027013418415,0.657377905364632,6.867916608003458,2.047371069305312,5.4146381126854,0.6277622800501914,2.0591365917064923,0.7792233207127393
2021-02-13 19:00:00,2.302442421118921,0.4009043132570185,0.33128683263995223,5.99093889267286,0.9517883496775233,3.843685223004994,0.2873171546123645,1.4243607945824222,0.3425088826442121
2021-02-13 20:00:00,5.070856090513739,1.3359990272910114,1.0822194046350317,4.631021402062249,2.602274843000079,4.582862383508469,1.079615676019485,1.8706888685090646,1.5200055550012008
2021-02-13 21:00:00,5.265600974548773,0.714375494010926,0.5399419512248611,9.265004356839867,2.108584520579156,7.066765954622579,0.496618114867263,2.569068367322183,0.6608687085369463
2021-02-13 22:00:00,6.958769279569961,1.2307624686495562,0.9456144850060256,9.489699713759087,3.074664824427086,7.7689994558878235,0.9332571661134162,2.884651495827443,1.1300529121053724
2021-02-13 23:00:00,1.4125625088787988,0.26930351000372477,0.22351189320061796,3.8010980873161127,0.5623023334750005,2.449432673641307,0.1964278266483128,0.9448968693117361,0.24255558256385717
2021-02-14 00:00:00,7.049377226049623,0.875909619985271,0.6371111045742691,14.57654937180383,2.7564720726965817,10.165564356859061,0.609637299306447,3.528356508536503,0.7928867420354874
2021-02-14 01:00:00,3.957577871075842,0.7155327556427172,0.5675235689481687,5.612138818146569,1.7368235997540655,4.541899425777917,0.539569826493734,1.7527605579377026,0.6898627606427739
2021-02-14 02:00:00,4.3309318579606435,0.5828604375525039,0.4475257405153638,8.122245863952262,1.7090268240981903,5.9908834999559,0.405757541311668,2.192718471716917,0.5737793462214785
2021-02-14 03:00:00,4.486474998058725,0.5957728790218483,0.4482726575804524,7.967428343682618,1.8102663378341004,5.988397961479441,0.41206330495785076,2.213939674684665,0.5735459670820056
2021-02-14 04:00:00,8.300498583454269,1.2958826708336935,0.9875201232120815,11.890724415179092,3.5749526267145266,9.43942718473307,0.9468334790406119,3.4796945929276704,1.210761609583529
2021-02-14 05:00:00,6.957903616053272,1.1017066617274758,0.8510275921120958,10.17818134525557,2.9559874494577434,7.912681861524968,0.8107081331569727,2.9401443532514278,1.0323650738777983
2021-02-14 06:00:00,5.553651702532057,0.7756107532994625,0.5967947858221413,10.017458740113629,2.227705739015961,7.290761509779897,0.5480571881022119,2.661369985730878,0.7422520376094521
2021-02-14 07:00:00,11.937218523102615,1.7805541204756916,1.3228719041195818,16.838582492047667,5.0859942261056,13.54837343881928,1.28377401380589,4.958146516426043,1.613080142882483
2021-02-14 08:00:00,5.748191993302761,0.8154205828840415,0.6306960783850257,9.331772869823022,2.3498341074075233,7.176392428521731,0.5786587250730856,2.640019535130451,0.7908629804324191
2021-02-14 09:00:00,8.356524868321712,1.2971226863973317,0.9878433096454284,11.354995821187158,3.6048656557109195,9.308279661319256,0.9430588296870053,3.4653017097791676,1.2093841228609687
2021-02-14 10:00:00,3.207608294185337,0.4881445508966236,0.3801571460089045,6.125790024525848,1.3328195149938902,4.507991147640966,0.3564025273574868,1.685933118383945,0.4698062350180223
2021-02-14 11:00:00,5.520006399365237,0.8165801659186683,0.6225937336886725,8.981554563430242,2.3204382183945236,6.877376939328473,0.5843368227341666,2.560254556113776,0.7639599857784578
2021-02-14 12:00:00,7.19742565333482,1.0923037476326978,0.8271960153284688,10.730945661967647,3.0661007159592324,8.476366290814648,0.7865924786943836,3.128474796396488,1.022628822257331
2021-02-14 13:00:00,7.330588546263548,1.331259740973455,1.0195573631951649,8.45951533842674,3.381401794244235,7.483132287051541,1.0161237682926347,2.8451317420577467,1.1930715814888107
2021-02-14 14:00:00,4.246128035402106,0.8994635478088249,0.7178013585551972,4.662855300035762,2.0742153456578105,4.209278298047545,0.7121103081531732,1.673809473767266,0.9164046292538253
2021-02-14 15:00:00,3.2700034381033376,0.39068051508296336,0.2919389088469419,8.030770792058954,1.2563757679149141,5.591305602744146,0.27311310453155196,1.9975845656994655,0.3778702954690188
2021-02-14 16:00:00,4.516037644293455,0.6944854034724706,0.5317762127320057,7.249814713695793,1.910987303424739,5.7272758539020625,0.503000514293033,2.154540917965665,0.6618488371035788
2021-02-14 17:00:00,3.5618224482174736,0.777177106055965,0.6225273768104163,3.831376138626206,1.745484667448512,3.5536238347058244,0.6201371176766207,1.437119295656519,0.7963217425015212
2021-02-14 18:00:00,8.565216724868229,1.2686261370942016,0.9667757777403682,12.522802772629449,3.6248418133446307,9.937222219140118,0.9171015589315512,3.6668592688567707,1.2936819197301856
2021-02-14 19:00:00,4.528607079985668,0.9099680339832856,0.7279515602744658,5.220056606307648,2.1340223823422804,4.708969236522637,0.7107212376054156,1.873403619508159,0.9001047754932622
2021-02-14 20:00:00,9.162729860989847,1.3185504295922903,0.9952508593525082,13.802195786373414,3.8342838876559915,10.829258174119337,0.9433739730994583,3.9516386822699867,1.281917178846438
2021-02-14 21:00:00,6.296275574687797,1.3429961021570431,1.0488301805902953,6.404382867716264,3.0999587268469093,5.947665003914111,1.0660527998174059,2.345097882117705,1.3527757119259372
2021-02-14 22:00:00,7.262768129103334,1.4549260665224117,1.1400038103605346,8.817217485929605,3.4223804273634544,7.43232026461933,1.1418782420165448,2.8224506742453985,1.570161764019931
2021-02-14 23:00:00,4.64501229709326,0.533593798882854,0.40057243150103106,11.697387782204562,1.7047439584186204,7.7133004331488,0.36467768654707383,2.6889373857324688,0.5316093317608959
2021-02-15 00:00:00,5.238256071692145,0.67474554838363,0.5113163125730186,9.763024729445139,2.056316862918974,7.190843603699262,0.467973427818749,2.600781188259088,0.6852829272556773
2021-02-15 01:00:00,4.38366291787489,0.6190029882345672,0.4767041437756037,7.998355638413965,1.748382845676582,5.943162576466865,0.4397897695490028,2.18263853543223,0.6242335231235402
2021-02-15 02:00:00,3.4681523300893877,0.6722442267904848,0.5514083031303793,4.7935621791759875,1.5545998982942444,3.9109549542230346,0.5087405117516828,1.5340569399416069,0.6346879425835495
2021-02-15 03:00:00,5.689110977024768,1.3269993809730374,1.0977520085032455,5.85130185053026,2.7861707619595095,5.370267688387758,1.0728306772467162,2.1660298130662192,1.941490482965753
2021-02-15 04:00:00,1.434325644191265,0.36867505963140673,0.32367527757055764,4.228972365359857,0.5771166732363441,2.561479504672954,0.27284936272966825,1.0072986644696469,0.281091259699619
2021-02-15 05:00:00,4.780441510768269,0.8435146224667031,0.720897822769445,11.539736850018407,1.7908034067205554,7.71337997412682,0.61287947384482,2.742284033069336,0.6712066029296911
2021-02-15 06:00:00,5.109925478176463,1.0621845808455392,0.8354172188523321,7.168655130741047,2.217445693872445,5.873858140186297,0.8258004253743467,2.2538081687599987,0.9319514863280085
2021-02-15 07:00:00,5.468028020615631,0.9360219361623613,0.7756285104397254,10.444839256670882,2.1681631276509656,7.624102075486527,0.6839083876702354,2.7841453292453,0.8276603565278255
2021-02-15 08:00:00,4.398839940289339,0.9685215017101959,0.764934445054308,6.469689318767911,1.8979220763992384,5.18981116801528,0.7641343660937433,2.00840019191591,0.8438545341040056
2021-02-15 09:00:00,6.834459131652554,1.424855607564207,1.1768355799354064,10.602914086284187,2.9275609782067002,8.336480128742311,1.0650128308461104,3.2699282660635087,1.2401937438702393
2021-02-15 10:00:00,4.775945482180175,1.5422822521503445,1.0946922901618321,10.262524289560353,2.0178764078511624,7.372221771123608,1.0960942950531596,3.299290606500138,1.1280260561251192
2021-02-15 11:00:00,,,,,,,,,
2021-02-15 12:00:00,,,,,,,,,
2021-02-15 13:00:00,,,,,,,,,
2021-02-15 14:00:00,,,,,,,,,
2021-02-15 15:00:00,,,,,,,,,
2021-02-15 16:00:00,,,,,,,,,
2021-02-15 17:00:00,,,,,,,,,
2021-02-15 18:00:00,,,,,,,,,
2021-02-15 19:00:00,,,,,,,,,
2021-02-15 20:00:00,2.22912154018498,6.204865441414202,4.341029692371572,6.278149933770633,2.7087277469466957,4.3369409402455,5.9669800617787825,8.589898986165602,3.916595751337227
2021-02-15 21:00:00,4.4496713474601695,2.757150196910345,1.2604470890499637,12.636629689910883,2.5977704205449657,8.536157638371018,1.827716989624791,6.115494511529939,1.0803855532246376
2021-02-15 22:00:00,13.2470030209879,2.7541118053638844,2.0348341463145556,35.97710877550221,5.163637002947887,22.7287745963549,2.126480556127898,11.296187296785547,2.34959569370976
2021-02-15 23:00:00,14.96638030434276,5.1406717913584785,3.9753969525643806,19.36589470121645,7.685750985412478,15.875700410747676,4.178310584664267,9.598882220852092,4.395855590888856
2021-02-16 00:00:00,3.863173496254133,1.369617887679193,1.1313078517383077,18.855792898328158,1.4127508938858226,9.751413666846538,1.1500083178050091,5.8970375337106855,1.224011020179534
2021-02-16 01:00:00,4.68803923781047,1.422466689980983,1.0633848712040062,11.27459784308832,1.8890154317536432,7.4151062699202335,1.10296323852532,2.8383280898207466,0.9096876478255096
2021-02-16 02:00:00,5.1276060195608695,1.3104860043917081,1.0245285640694728,17.271955778679754,1.8743975714382823,10.407585117389829,1.1139193206823643,3.837436651895422,0.9758338315886926
2021-02-16 03:00:00,,,,,,,,,
2021-02-16 04:00:00,,,,,,,,,
2021-02-16 05:00:00,,,,,,,,,
2021-02-16 06:00:00,,,,,,,,,
2021-02-16 07:00:00,,,,,,,,,
2021-02-16 08:00:00,,,,,,,,,
2021-02-16 09:00:00,,,,,,,,,
2021-02-16 10:00:00,,,,,,,,,
2021-02-16 11:00:00,,,,,,,,,
2021-02-16 12:00:00,,,,,,,,,
2021-02-16 13:00:00,,,,,,,,,
2021-02-16 14:00:00,,,,,,,,,
2021-02-16 15:00:00,,,,,,,,,
2021-02-16 16:00:00,,,,,,,,,
2021-02-16 17:00:00,,,,,,,,,
2021-02-16 18:00:00,,,,,,,,,
2021-02-16 19:00:00,,,,,,,,,
2021-02-16 20:00:00,,,,,,,,,
2021-02-16 21:00:00,,,,,,,,,
2021-02-16 22:00:00,,,,,,,,,
2021-02-16 23:00:00,,,,,,,,,
2021-02-17 00:00:00,,,,,,,,,
2021-02-17 01:00:00,,,,,,,,,
2021-02-17 02:00:00,,,,,,,,,
2021-02-17 03:00:00,,,,,,,,,
2021-02-17 04:00:00,,,,,,,,,
2021-02-17 05:00:00,,,,,,,,,
2021-02-17 06:00:00,,,,,,,,,
2021-02-17 07:00:00,,,,,,,,,
2021-02-17 08:00:00,,,,,,,,,
2021-02-17 09:00:00,,,,,,,,,
2021-02-17 10:00:00,,,,,,,,,
2021-02-17 11:00:00,,,,,,,,,
2021-02-17 12:00:00,,,,,,,,,
2021-02-17 13:00:00,,,,,,,,,
2021-02-17 14:00:00,,,,,,,,,
2021-02-17 15:00:00,,,,,,,,,
2021-02-17 16:00:00,,,,,,,,,
2021-02-17 17:00:00,,,,,,,,,
2021-02-17 18:00:00,,,,,,,,,
2021-02-17 19:00:00,,,,,,,,,
2021-02-17 20:00:00,,,,,,,,,
2021-02-17 21:00:00,,,,,,,,,
2021-02-17 22:00:00,,,,,,,,,
2021-02-17 23:00:00,,,,,,,,,
2021-02-18 00:00:00,,,,,,,,,
2021-02-18 01:00:00,,,,,,,,,
2021-02-18 02:00:00,,,,,,,,,
2021-02-18 03:00:00,,,,,,,,,
2021-02-18 04:00:00,,,,,,,,,
2021-02-18 05:00:00,,,,,,,,,
2021-02-18 06:00:00,,,,,,,,,
2021-02-18 07:00:00,,,,,,,,,
2021-02-18 08:00:00,,,,,,,,,
2021-02-18 09:00:00,,,,,,,,,
2021-02-18 10:00:00,,,,,,,,,
2021-02-18 11:00:00,,,,,,,,,
2021-02-18 12:00:00,,,,,,,,,
2021-02-18 13:00:00,,,,,,,,,
2021-02-18 14:00:00,,,,,,,,,
2021-02-18 15:00:00,,,,,,,,,
2021-02-18 16:00:00,,,,,,,,,
2021-02-18 17:00:00,,,,,,,,,
2021-02-18 18:00:00,,,,,,,,,
2021-02-18 19:00:00,,,,,,,,,
2021-02-18 20:00:00,,,,,,,,,
2021-02-18 21:00:00,,,,,,,,,
2021-02-18 22:00:00,,,,,,,,,
2021-02-18 23:00:00,,,,,,,,,
2021-02-19 00:00:00,,,,,,,,,
2021-02-19 01:00:00,,,,,,,,,
2021-02-19 02:00:00,,,,,,,,,
2021-02-19 03:00:00,,,,,,,,,
2021-02-19 04:00:00,,,,,,,,,
2021-02-19 05:00:00,,,,,,,,,
2021-02-19 06:00:00,,,,,,,,,
2021-02-19 07:00:00,,,,,,,,,
2021-02-19 08:00:00,,,,,,,,,
2021-02-19 09:00:00,,,,,,,,,
2021-02-19 10:00:00,,,,,,,,,
2021-02-19 11:00:00,,,,,,,,,
2021-02-19 12:00:00,,,,,,,,,
2021-02-19 13:00:00,,,,,,,,,
2021-02-19 14:00:00,,,,,,,,,
2021-02-19 15:00:00,,,,,,,,,
2021-02-19 16:00:00,,,,,,,,,
2021-02-19 17:00:00,,,,,,,,,
2021-02-19 18:00:00,,,,,,,,,
2021-02-19 19:00:00,,,,,,,,,
2021-02-19 20:00:00,,,,,,,,,
2021-02-19 21:00:00,,,,,,,,,
2021-02-19 22:00:00,,,,,,,,,
2021-02-19 23:00:00,,,,,,,,,
2021-02-20 00:00:00,,,,,,,,,
2021-02-20 01:00:00,,,,,,,,,
2021-02-20 02:00:00,,,,,,,,,
2021-02-20 03:00:00,,,,,,,,,
2021-02-20 04:00:00,,,,,,,,,
2021-02-20 05:00:00,,,,,,,,,
2021-02-20 06:00:00,,,,,,,,,
2021-02-20 07:00:00,,,,,,,,,
2021-02-20 08:00:00,,,,,,,,,
2021-02-20 09:00:00,,,,,,,,,
2021-02-20 10:00:00,,,,,,,,,
2021-02-20 11:00:00,,,,,,,,,
2021-02-20 12:00:00,,,,,,,,,
2021-02-20 13:00:00,,,,,,,,,
2021-02-20 14:00:00,,,,,,,,,
2021-02-20 15:00:00,,,,,,,,,
2021-02-20 16:00:00,,,,,,,,,
2021-02-20 17:00:00,,,,,,,,,
2021-02-20 18:00:00,,,,,,,,,
2021-02-20 19:00:00,,,,,,,,,
2021-02-20 20:00:00,,,,,,,,,
2021-02-20 21:00:00,,,,,,,,,
2021-02-20 22:00:00,,,,,,,,,
2021-02-20 23:00:00,,,,,,,,,
2021-02-21 00:00:00,,,,,,,,,
2021-02-21 01:00:00,,,,,,,,,
2021-02-21 02:00:00,,,,,,,,,
2021-02-21 03:00:00,,,,,,,,,
2021-02-21 04:00:00,,,,,,,,,
2021-02-21 05:00:00,,,,,,,,,
2021-02-21 06:00:00,,,,,,,,,
2021-02-21 07:00:00,,,,,,,,,
2021-02-21 08:00:00,,,,,,,,,
2021-02-21 09:00:00,,,,,,,,,
2021-02-21 10:00:00,,,,,,,,,
2021-02-21 11:00:00,,,,,,,,,
2021-02-21 12:00:00,,,,,,,,,
2021-02-21 13:00:00,,,,,,,,,
2021-02-21 14:00:00,,,,,,,,,
2021-02-21 15:00:00,,,,,,,,,
2021-02-21 16:00:00,,,,,,,,,
2021-02-21 17:00:00,,,,,,,,,
2021-02-21 18:00:00,,,,,,,,,
2021-02-21 19:00:00,,,,,,,,,
2021-02-21 20:00:00,,,,,,,,,
2021-02-21 21:00:00,,,,,,,,,
2021-02-21 22:00:00,,,,,,,,,
2021-02-21 23:00:00,,,,,,,,,
2021-02-22 00:00:00,,,,,,,,,
2021-02-22 01:00:00,,,,,,,,,
2021-02-22 02:00:00,,,,,,,,,
2021-02-22 03:00:00,,,,,,,,,
2021-02-22 04:00:00,,,,,,,,,
2021-02-22 05:00:00,,,,,,,,,
2021-02-22 06:00:00,,,,,,,,,
2021-02-22 07:00:00,,,,,,,,,
2021-02-22 08:00:00,,,,,,,,,
2021-02-22 09:00:00,,,,,,,,,
2021-02-22 10:00:00,,,,,,,,,
2021-02-22 11:00:00,,,,,,,,,
2021-02-22 12:00:00,,,,,,,,,
2021-02-22 13:00:00,,,,,,,,,
2021-02-22 14:00:00,,,,,,,,,
2021-02-22 15:00:00,,,,,,,,,
2021-02-22 16:00:00,,,,,,,,,
2021-02-22 17:00:00,,,,,,,,,
2021-02-22 18:00:00,,,,,,,,,
2021-02-22 19:00:00,,,,,,,,,
2021-02-22 20:00:00,,,,,,,,,
2021-02-22 21:00:00,,,,,,,,,
2021-02-22 22:00:00,,,,,,,,,
2021-02-22 23:00:00,,,,,,,,,
2021-02-23 00:00:00,,,,,,,,,
2021-02-23 01:00:00,,,,,,,,,
2021-02-23 02:00:00,,,,,,,,,
2021-02-23 03:00:00,,,,,,,,,
2021-02-23 04:00:00,,,,,,,,,
2021-02-23 05:00:00,,,,,,,,,
2021-02-23 06:00:00,,,,,,,,,
2021-02-23 07:00:00,,,,,,,,,
2021-02-23 08:00:00,,,,,,,,,
2021-02-23 09:00:00,,,,,,,,,
2021-02-23 10:00:00,,,,,,,,,
2021-02-23 11:00:00,,,,,,,,,
2021-02-23 12:00:00,,,,,,,,,
2021-02-23 13:00:00,,,,,,,,,
2021-02-23 14:00:00,,,,,,,,,
2021-02-23 15:00:00,,,,,,,,,
2021-02-23 16:00:00,,,,,,,,,
2021-02-23 17:00:00,,,,,,,,,
2021-02-23 18:00:00,,,,,,,,,
2021-02-23 19:00:00,,,,,,,,,
2021-02-23 20:00:00,,,,,,,,,
2021-02-23 21:00:00,,,,,,,,,
2021-02-23 22:00:00,,,,,,,,,
2021-02-23 23:00:00,,,,,,,,,
2021-02-24 00:00:00,,,,,,,,,
2021-02-24 01:00:00,,,,,,,,,
2021-02-24 02:00:00,,,,,,,,,
2021-02-24 03:00:00,,,,,,,,,
2021-02-24 04:00:00,,,,,,,,,
2021-02-24 05:00:00,,,,,,,,,
2021-02-24 06:00:00,,,,,,,,,
2021-02-24 07:00:00,,,,,,,,,
2021-02-24 08:00:00,,,,,,,,,
2021-02-24 09:00:00,,,,,,,,,
2021-02-24 10:00:00,,,,,,,,,
2021-02-24 11:00:00,,,,,,,,,
2021-02-24 12:00:00,,,,,,,,,
2021-02-24 13:00:00,,,,,,,,,
2021-02-24 14:00:00,,,,,,,,,
2021-02-24 15:00:00,,,,,,,,,
2021-02-24 16:00:00,,,,,,,,,
2021-02-24 17:00:00,,,,,,,,,
2021-02-24 18:00:00,,,,,,,,,
2021-02-24 19:00:00,,,,,,,,,
2021-02-24 20:00:00,,,,,,,,,
2021-02-24 21:00:00,,,,,,,,,
2021-02-24 22:00:00,,,,,,,,,
2021-02-24 23:00:00,,,,,,,,,
2021-02-25 00:00:00,,,,,,,,,
2021-02-25 01:00:00,,,,,,,,,
2021-02-25 02:00:00,,,,,,,,,
2021-02-25 03:00:00,,,,,,,,,
2021-02-25 04:00:00,,,,,,,,,
2021-02-25 05:00:00,,,,,,,,,
2021-02-25 06:00:00,,,,,,,,,
2021-02-25 07:00:00,,,,,,,,,
2021-02-25 08:00:00,,,,,,,,,
2021-02-25 09:00:00,,,,,,,,,
2021-02-25 10:00:00,,,,,,,,,
2021-02-25 11:00:00,,,,,,,,,
2021-02-25 12:00:00,,,,,,,,,
2021-02-25 13:00:00,,,,,,,,,
2021-02-25 14:00:00,,,,,,,,,
2021-02-25 15:00:00,,,,,,,,,
2021-02-25 16:00:00,,,,,,,,,
2021-02-25 17:00:00,,,,,,,,,
2021-02-25 18:00:00,,,,,,,,,
2021-02-25 19:00:00,,,,,,,,,
2021-02-25 20:00:00,,,,,,,,,
2021-02-25 21:00:00,,,,,,,,,
2021-02-25 22:00:00,,,,,,,,,
2021-02-25 23:00:00,,,,,,,,,
2021-02-26 00:00:00,,,,,,,,,
2021-02-26 01:00:00,,,,,,,,,
2021-02-26 02:00:00,,,,,,,,,
2021-02-26 03:00:00,,,,,,,,,
2021-02-26 04:00:00,,,,,,,,,
2021-02-26 05:00:00,,,,,,,,,
2021-02-26 06:00:00,,,,,,,,,
2021-02-26 07:00:00,,,,,,,,,
2021-02-26 08:00:00,,,,,,,,,
2021-02-26 09:00:00,,,,,,,,,
2021-02-26 10:00:00,,,,,,,,,
2021-02-26 11:00:00,,,,,,,,,
2021-02-26 12:00:00,,,,,,,,,
2021-02-26 13:00:00,,,,,,,,,
2021-02-26 14:00:00,,,,,,,,,
2021-02-26 15:00:00,,,,,,,,,
2021-02-26 16:00:00,,,,,,,,,
2021-02-26 17:00:00,,,,,,,,,
2021-02-26 18:00:00,,,,,,,,,
2021-02-26 19:00:00,,,,,,,,,
2021-02-26 20:00:00,,,,,,,,,
2021-02-26 21:00:00,,,,,,,,,
2021-02-26 22:00:00,,,,,,,,,
2021-02-26 23:00:00,,,,,,,,,
2021-02-27 00:00:00,,,,,,,,,
2021-02-27 01:00:00,,,,,,,,,
2021-02-27 02:00:00,,,,,,,,,
2021-02-27 03:00:00,,,,,,,,,
2021-02-27 04:00:00,,,,,,,,,
2021-02-27 05:00:00,,,,,,,,,
2021-02-27 06:00:00,,,,,,,,,
2021-02-27 07:00:00,,,,,,,,,
2021-02-27 08:00:00,,,,,,,,,
2021-02-27 09:00:00,,,,,,,,,
2021-02-27 10:00:00,,,,,,,,,
2021-02-27 11:00:00,,,,,,,,,
2021-02-27 12:00:00,,,,,,,,,
2021-02-27 13:00:00,,,,,,,,,
2021-02-27 14:00:00,,,,,,,,,
2021-02-27 15:00:00,,,,,,,,,
2021-02-27 16:00:00,,,,,,,,,
2021-02-27 17:00:00,,,,,,,,,
2021-02-27 18:00:00,,,,,,,,,
2021-02-27 19:00:00,,,,,,,,,
2021-02-27 20:00:00,,,,,,,,,
2021-02-27 21:00:00,,,,,,,,,
2021-02-27 22:00:00,,,,,,,,,
2021-02-27 23:00:00,,,,,,,,,
2021-02-28 00:00:00,,,,,,,,,
2021-02-28 01:00:00,,,,,,,,,
2021-02-28 02:00:00,,,,,,,,,
2021-02-28 03:00:00,,,,,,,,,
2021-02-28 04:00:00,,,,,,,,,
2021-02-28 05:00:00,,,,,,,,,
2021-02-28 06:00:00,,,,,,,,,
2021-02-28 07:00:00,,,,,,,,,
2021-02-28 08:00:00,,,,,,,,,
2021-02-28 09:00:00,,,,,,,,,
2021-02-28 10:00:00,,,,,,,,,
2021-02-28 11:00:00,,,,,,,,,
2021-02-28 12:00:00,,,,,,,,,
2021-02-28 13:00:00,,,,,,,,,
2021-02-28 14:00:00,,,,,,,,,
2021-02-28 15:00:00,,,,,,,,,
2021-02-28 16:00:00,,,,,,,,,
2021-02-28 17:00:00,,,,,,,,,
2021-02-28 18:00:00,,,,,,,,,
2021-02-28 19:00:00,,,,,,,,,
2021-02-28 20:00:00,,,,,,,,,
2021-02-28 21:00:00,,,,,,,,,
2021-02-28 22:00:00,,,,,,,,,
2021-02-28 23:00:00,,,,,,,,,
2021-03-01 00:00:00,,,,,,,,,
2021-03-01 01:00:00,,,,,,,,,
2021-03-01 02:00:00,,,,,,,,,
